ticker,date,avg_sentiment,sentiment_ema_3,sentiment_ema_7,sentiment_delta,positive_article_count,negative_article_count,total_article_count,rsi,macd,macd_signal,macd_diff,ema20,ema50,bollinger_high,bollinger_low,bollinger_pband,atr,return_1d,return_5d,return_20d,volume_ratio,spy_return_5d,future_return_1d,future_return_5d,future_return_10d,target
AAPL,2024-11-20,0.0,0.0,0.0,0.0,0,0,0,53.61780609398574,-0.20209709716456814,-0.4962179713689757,0.2941208742044076,225.53589619970575,225.19777381513182,232.0833216353327,218.6396382645696,0.6479232223969749,3.9704160915826914,0.0031540242558105824,0.01723520652795045,-0.006535166325290484,0.8121840540382629,-0.011202716229737612,-0.002096027032104248,0.025895229387439957,0.06131003233170356,1
AAPL,2024-11-21,0.0,0.0,0.0,0.0,0,0,0,52.58129911783606,-0.06939149910232345,-0.41085267691564525,0.3414611778133218,225.6632947456973,225.26349174130772,231.86291076758883,218.6816815175674,0.6214822047068539,4.0023817959483585,-0.002096027032104248,0.0013144435444881358,-0.007800654001706474,0.960227070602922,0.0005392747264075706,0.005907634768990072,0.03855239979965547,0.06266402670309833,1
AAPL,2024-11-22,0.0,0.0,0.0,0.0,0,0,0,55.204250213586015,0.1422883316676007,-0.3002244751989961,0.4425128068665968,225.90620640682135,225.37919273919763,231.6576797113687,218.7592728032797,0.7330048161444667,3.9051287622221422,0.005907634768990072,0.02164445269920556,-0.005561881701934471,0.8710099373034615,0.016662510521074318,0.013050753987102627,0.04228460338652323,0.07343277287101344,1
AAPL,2024-11-25,0.0,0.0,0.0,0.0,0,0,0,60.44088048149867,0.5441030472634054,-0.1313589707065158,0.6754620179699212,226.40963724661069,225.6071549935275,231.5923044038959,218.79749356973693,0.9687315283928684,3.8750985615178943,0.013050753987102627,0.02127002454526551,-0.0011731659064644765,1.9377687119715163,0.015948486990688154,0.009404336783352365,0.041997664376407375,0.06398425915891415,1
AAPL,2024-11-26,0.0,0.0,0.0,0.0,0,0,0,63.77043885093065,1.026155763081448,0.10014397605107694,0.926011787030371,227.07218987258452,225.91144067297097,232.03751727874925,218.5157725161726,1.098280404187533,3.78977329622976,0.009404336783352365,0.0297003165267949,0.007055225812857873,0.9773385990851752,0.01753357043185078,-0.0005529654529651456,0.03382119005200961,0.04862584782968742,1
AAPL,2024-11-27,0.0,0.0,0.0,0.0,0,0,0,63.42920746004795,1.3818442348272981,0.3564840278063212,1.0253602070209769,227.65935238378927,226.19873304815778,233.04099121341412,218.0169265722304,1.0130726958057592,3.6523937780064655,-0.0005529654529651456,0.025895229387439957,0.022114269776665352,0.7223553791628855,0.014106959049164758,0.010215796123973091,0.03452087691782104,0.05546341271298201,1
AAPL,2024-11-29,0.0,0.0,0.0,0.0,0,0,0,66.94618685130396,1.8348434145086117,0.6521559051467793,1.1826875093618323,228.41751900711515,226.56819849445398,234.76894725172798,217.44738880784234,1.0491384582825114,3.6638178067021343,0.010215796123973091,0.03855239979965547,0.051706810145304406,0.6388912909690181,0.014957988201316686,0.009522524189366659,0.023216572325184717,0.04550629763148233,1
AAPL,2024-12-02,0.0,0.0,0.0,0.0,0,0,0,69.88330531398688,2.347831870684132,0.99129109825425,1.3565407724298821,229.31716482061162,227.01116326129218,236.6812234132178,217.21541507555176,1.0607514784434646,3.659533413422517,0.009522524189366659,0.04228460338652323,0.07601088087411446,1.1009702455956305,0.013635362826063877,0.012771863001280035,0.029884514635720033,0.04778998709444992,1
AAPL,2024-12-03,0.0,0.0,0.0,0.0,0,0,0,73.3379000798306,2.9653346805040144,1.386099814704203,1.5792348657998114,230.42045997255485,227.55589269873232,238.9474997184563,217.02248929521556,1.0891340145265238,3.671866049015654,0.012771863001280035,0.041997664376407375,0.0941711824154597,0.8950381705759524,0.010677102200437513,0.001483619756041049,0.02110042616618036,0.04463216959896345,1
AAPL,2024-12-04,0.0,0.0,0.0,0.0,0,0,0,73.71982909814683,3.4438512595136217,1.7976501036660868,1.646201155847535,231.45271812109502,228.0932761431831,240.9426077783134,216.99366694092487,1.013218236082447,3.6124038346450074,0.001483619756041049,0.03382119005200961,0.08873278055568257,1.0034366607438652,0.011670593886479185,0.00012345709464346103,0.014320327267554863,0.020740032942552417,1
AAPL,2024-12-05,0.0,0.0,0.0,0.0,0,0,0,73.75357184954696,3.781887266820121,2.1944975362968937,1.5873897305232272,232.38950265132183,228.6107537724103,242.49783436734342,217.48009989779328,0.9516791306447745,3.5252767812352634,0.00012345709464346103,0.03452087691782104,0.09243617190385885,0.9202025581573376,0.01307524983003486,-0.0008229246195862889,0.020243705334933103,0.027773215811459768,1
AAPL,2024-12-06,0.0,0.0,0.0,0.0,0,0,0,73.07992435926793,3.987792108768957,2.5531564507913065,1.4346356579776507,233.21815888132988,229.1001513917827,243.9870513869829,217.54063415989208,0.8904706714825096,3.4543020753103635,-0.0008229246195862889,0.023216572325184717,0.06869681702842614,0.8526536882104444,0.008729350841172913,0.016101227207422738,0.021783976050784488,0.047974063455294584,1
AAPL,2024-12-09,0.0,0.0,0.0,0.0,0,0,0,77.42169637362863,4.41333198511353,2.9251915576557517,1.488140427457778,234.33759558431706,229.7225864063283,246.07981731573562,217.41260974725265,0.9613644597090792,3.596884194167534,0.016101227207422738,0.029884514635720033,0.08719596166775288,1.0250470663439968,0.0017392793883267575,0.004133731717977407,0.01738590318067189,0.034528883831394075,1
AAPL,2024-12-10,0.0,0.0,0.0,0.0,0,0,0,78.40037891204678,4.777218951113582,3.295597036347318,1.4816219147662641,235.44686208093717,230.36032395113222,247.87670950055718,217.95275979875925,0.9367792112812102,3.543487665293859,0.004133731717977407,0.02110042616618036,0.10498159536788085,0.8524638393685585,-0.0018377997809039008,-0.005166223700389297,0.023045474107904626,0.042095505291092926,1
AAPL,2024-12-11,0.0,0.0,0.0,0.0,0,0,0,74.06175797821335,4.906498940212401,3.617777417120335,1.2887215230920663,236.32945434089999,230.9232163769916,249.03978814095234,218.9996420958641,0.8560024533864493,3.61233129226365,-0.005166223700389297,0.014320327267554863,0.09927301326139733,1.0381629812396698,-0.00032904539012021226,0.005963928976325733,0.006329071302644002,0.05083372293903158,1
AAPL,2024-12-12,0.0,0.0,0.0,0.0,0,0,0,75.72332266115335,5.0682961150563415,3.9078811567075364,1.160414958348805,237.2669861377674,231.52126821350205,250.24861781819786,220.05835850016152,0.8650200527507393,3.5713052323550194,0.005963928976325733,0.020243705334933103,0.10145707327763656,0.7666427433119724,-0.0038405706776920806,0.000685541623440664,0.007380109710213622,0.030771025440722376,1
AAPL,2024-12-13,0.0,0.0,0.0,0.0,0,0,0,75.91544760404214,5.150764435337663,4.156457812433562,0.9943066229041015,238.13130178322186,232.10248516258196,251.44796420017062,220.83566617092313,0.8332152724942923,3.532498681373172,0.000685541623440664,0.021783976050784488,0.08724031439700895,0.7863010544115676,-0.005922790764406276,0.011727614638216647,0.02563172648854341,0.01640264244526346,1
AAPL,2024-12-16,0.0,0.0,0.0,0.0,0,0,0,78.98196099495851,5.387140339184043,4.402594317783659,0.9845460214003845,239.18844523085772,232.77420370457475,252.5765459043084,222.29232006248847,0.8895386020965912,3.5446871410396597,0.011727614638216647,0.01738590318067189,0.11573317773457766,1.2205204048093765,0.00348951600026783,0.009719582728216514,0.01685002770052915,-0.0024696296712615443,1
AAPL,2024-12-17,0.0,0.0,0.0,0.0,0,0,0,81.14926930496864,5.704185048757807,4.662912463978489,1.0412725847793185,240.37561542790027,233.51457737497594,254.1539933677826,223.24252762831114,0.9191154153267708,3.578696897929054,0.009719582728216514,0.023045474107904626,0.11165679362598246,1.2029836366591387,0.00247182347536872,-0.021421651782317155,0.018620903630701187,-0.03799106241737472,1
AAPL,2024-12-18,0.0,0.0,0.0,0.0,0,0,0,65.06899660327696,5.457538534491249,4.8218376780810415,0.6357008564102076,240.93630859445813,234.01451134759483,254.4230788868594,224.93620150864842,0.7232604488621954,3.786852478867128,-0.021421651782317155,0.006329071302644002,0.08660431107434431,1.2986147660840823,-0.03486640000090235,0.007014586018971956,0.044224750040042546,-0.018907515512806332,1
AAPL,2024-12-19,0.0,0.0,0.0,0.0,0,0,0,67.30474486770501,5.339903655477201,4.925450873560274,0.41445278191692747,241.60811976905586,234.56258250760033,254.73016900491203,226.69313269186532,0.7596092895866692,3.864550762712489,0.007014586018971956,0.007380109710213622,0.0907860249025193,1.3528015633063877,-0.030165842561038495,0.018815866855472832,0.0232195528828115,-0.019176123690600233,1
AAPL,2024-12-20,0.0,0.0,0.0,0.0,0,0,0,72.43672822228902,5.5591146992495055,5.05218363869812,0.5069310605513859,242.66034444646348,235.27214707129585,255.42125105068726,228.58034044101197,0.8969940994529928,4.248720117437961,0.018815866855472832,0.02563172648854341,0.11364433815181163,2.933831245223708,-0.018322067820702167,0.003064966108722048,-0.008998438528103626,-0.04825337697361925,0
AAPL,2024-12-23,0.0,0.0,0.0,0.0,0,0,0,73.18886619838187,5.72928369497086,5.187603649952668,0.5416800450181922,243.68610806363435,235.98425355582378,255.9841868086521,230.53910420697287,0.8996535235564221,4.101250583840254,0.003064966108722048,0.01685002770052915,0.11049720838628788,0.810554097246969,-0.016642260836983943,0.011478040766832372,-0.01899951501745004,-0.04924213574152808,0
AAPL,2024-12-24,0.0,0.0,0.0,0.0,0,0,0,75.85426949595981,6.029364186759182,5.3559557573139704,0.6734084294452112,244.8912170287421,236.78250840450778,257.1923122761323,231.8457309367583,0.9663639025929579,4.016789622195924,0.011478040766832372,0.018620903630701187,0.1087732141699778,0.4936980180110218,-0.001599151956750124,0.0031756931553008597,-0.05557707076920586,-0.08268790668664665,0
AAPL,2024-12-26,0.0,0.0,0.0,0.0,0,0,0,76.55666081256892,6.260698253985197,5.536904256648215,0.7237939973369816,246.0590828920762,237.58138292173297,258.4365265782786,232.98025351205345,0.9496109276801222,3.905033607805026,0.0031756931553008597,0.044224750040042546,0.10193140364496885,0.5905046967898208,0.029139453920505348,-0.013242106727225431,-0.060458503354213704,-0.09505049359063213,0
AAPL,2024-12-27,0.0,0.0,0.0,0.0,0,0,0,67.68668808828303,6.098951377823653,5.649313680883303,0.44963769694034994,246.79141313235837,238.21538949009792,258.55012664591084,234.9177688619017,0.7968219559488573,4.048747572154913,-0.013242106727225431,0.0232195528828115,0.08794110423732483,0.9095372752490023,0.018619220025840218,-0.013263466221358038,-0.04143360675034644,-0.08728834886331144,0
AAPL,2024-12-30,0.0,0.0,0.0,0.0,0,0,0,60.25591146122728,5.6342431566957885,5.6462995760458,-0.012056419350011893,247.13346569955192,238.69254931746235,258.21463316297076,236.72954866075966,0.6354834874270961,4.102775277341216,-0.013263466221358038,-0.008998438528103626,0.06265536360580275,0.757803893586973,-0.004956428959986894,-0.007057852905747774,-0.03961137900450104,-0.056820064088836574,0
AAPL,2024-12-31,0.0,0.0,0.0,0.0,0,0,0,56.73402007325203,5.064977101731671,5.530035081182975,-0.4650579794513039,247.2746402948513,239.08169636188325,257.8098909654355,238.20949074843168,0.5309232508801484,4.082739042625727,-0.007057852905747774,-0.01899951501745004,0.045202333853070716,0.849249122640789,-0.014478249377518685,-0.026235900249704097,-0.03082834431485118,-0.08849136315973113,0
AAPL,2025-01-02,0.0,0.0,0.0,0.0,0,0,0,46.03794934477566,4.040924298394714,5.232212924625323,-1.1912886262306088,246.7811640428119,239.19979217704224,257.7090894639607,238.4294298231487,0.19002979790853292,4.400974292882316,-0.026235900249704097,-0.05557707076920586,0.004945483640531658,1.1776303328747357,-0.027706626079742076,-0.0020094144543211646,-0.028706244923047134,-0.056879267980922,0
AAPL,2025-01-03,0.0,0.0,0.0,0.0,0,0,0,45.351226121030656,3.15374694561379,4.816519728823016,-1.6627727832092258,246.28835548581418,239.2941797071322,257.6784360535039,238.49483359981636,0.16221356765665296,4.249011461945913,-0.0020094144543211646,-0.060458503354213704,0.0014403749351486585,0.8539690822113267,-0.015615302248773657,0.006738880764636207,-0.03681794828638617,-0.08514143830955476,0
AAPL,2025-01-06,0.0,0.0,0.0,0.0,0,0,0,48.13947813586875,2.5526064332041187,4.363737069699237,-1.8111306364951183,245.9975437979911,239.44871512111416,257.5343882797074,238.8334690811324,0.23535547294781436,4.238385584047166,0.006738880764636207,-0.04143360675034644,0.008064509499173249,0.95079990028798,0.0005881335373003116,-0.01138768724313293,-0.04783679298156071,-0.08640814752834862,0
AAPL,2025-01-07,0.0,0.0,0.0,0.0,0,0,0,44.02425922106277,1.8315786032735275,3.857305376414095,-2.0257267731405677,245.47063015642277,239.48856749132628,257.6014690770318,238.70384403331974,0.09319195000059972,4.233482123122019,-0.01138768724313293,-0.03961137900450104,-0.0025942240871893217,0.8587559221282967,0.0006970841618573489,0.0020228932964556187,-0.017918459994348667,-0.07658642673435069,0
AAPL,2025-01-08,0.0,0.0,0.0,0.0,0,0,0,44.91484202893297,1.284601995235505,3.3427647001783773,-2.0581627049428723,245.0402259032441,239.54593290335453,257.8241533873746,238.07907384651207,0.14546974326391224,4.190635826436056,0.0020228932964556187,-0.03082834431485118,-0.01641352789476297,0.7968040510929173,0.005818417701802333,-0.024103745236999072,-0.05949721961700945,-0.08207648792127663,0
AAPL,2025-01-10,0.0,0.0,0.0,0.0,0,0,0,37.28694035784354,0.3781169870112535,2.749835157544953,-2.3717181705336996,244.09768578745894,239.37329062037983,258.7377138794624,236.08137944329155,-0.04139349012673101,4.5791688730920495,-0.024103745236999072,-0.028706244923047134,-0.044073190608990856,1.2733193451133553,-0.007098369368140109,-0.010344074846233392,-0.029005666834172942,-0.029512468488747317,0
AAPL,2025-01-13,0.0,0.0,0.0,0.0,0,0,0,34.63408036455016,-0.5304341127893792,2.0937813034780866,-2.624215416267466,243.0132597275298,239.11203264147093,259.7956183881082,233.82318806941132,-0.04281370274416359,4.757700900714426,-0.010344074846233392,-0.03681794828638617,-0.04904854110800493,1.0194073902602228,-0.017839250630239365,-0.004778255955263675,-0.050170671200938016,0.016467485788765324,0
AAPL,2025-01-14,0.0,0.0,0.0,0.0,0,0,0,33.462003246983585,-1.3249199264186018,1.410041057498749,-2.7349609839173508,241.9262119842271,238.81741404466234,260.66515097076746,231.49622750823644,0.003532215192907849,4.67670057553148,-0.004778255955263675,-0.04783679298156071,-0.05920327542614067,0.804494608947743,-0.022121135180254416,0.019675928899876658,-0.0405091839954292,0.026063228381385826,0
AAPL,2025-01-15,0.0,0.0,0.0,0.0,0,0,0,42.108457059055986,-1.5687656924202713,0.8142797075149449,-2.383045399935216,241.37668598238108,238.71305227682632,260.78172253188586,230.3610448020985,0.19050016617712498,4.745442593081684,0.019675928899876658,-0.017918459994348667,-0.04134942083853925,0.8070908581032459,0.0070500416166233626,-0.04040013098372447,-0.0597383866309761,-0.0011770572753989667,0
AAPL,2025-01-16,0.0,0.0,0.0,0.0,0,0,0,32.56656266489341,-2.50302002276527,0.15081976145890197,-2.653839784224172,239.97085379339688,238.23863642275654,261.6285552759265,227.25262605952273,-0.01853558801173576,5.114203320493037,-0.04040013098372447,-0.05949721961700945,-0.09074245193488303,1.425042112845761,0.003647147148886526,0.007535281019319973,-0.024007657154476964,0.03390876458693988,0
AAPL,2025-01-17,0.0,0.0,0.0,0.0,0,0,0,35.38862003169095,-3.070241533882779,-0.49339249760943427,-2.576849036273345,238.86154001136205,237.84979025253202,261.4820774013525,225.06603661231935,0.08943922510908336,5.034686355134609,0.007535281019319973,-0.029005666834172942,-0.09270942657817893,1.3373390061812533,0.029440576746084184,-0.0319158505631749,-0.0005219408983799115,-0.008565979076919786,0
AAPL,2025-01-21,0.0,0.0,0.0,0.0,0,0,0,29.680273227641948,-4.06096643179697,-1.2069072844469415,-2.8540591473500285,237.1638632910649,237.19042335824616,262.56236115989316,221.46305693092717,-0.010392450448928798,5.426753880046591,-0.0319158505631749,-0.050170671200938016,-0.10243914075674054,1.840757915418797,0.03725540737994551,0.0053449544523257965,0.07015803257408232,0.04563424167276516,1
AAPL,2025-01-22,0.0,0.0,0.0,0.0,0,0,0,31.606454771772405,-4.696651688618971,-1.9048561652813474,-2.7917955233376235,235.74038692526779,236.60324445989124,262.7892035043118,218.65891813875461,0.0806349490370165,5.3461861191596,0.0053449544523257965,-0.0405091839954292,-0.1039272978940696,1.1999855163028699,0.041653013329318284,-0.0007594465433749379,0.06938306366915542,0.038600758883481745,1
AAPL,2025-01-23,0.0,0.0,0.0,0.0,0,0,0,31.473830615799415,-5.154635109326819,-2.5548119540904417,-2.599823155236377,234.43640714601983,236.03247405923526,261.9704126899507,216.41692098924852,0.12362780642408426,5.299738360801251,-0.0007594465433749379,-0.0597383866309761,-0.12114424998769484,1.227368690878884,0.02862786146920476,-0.003934531582456701,0.06228195272776025,0.042743432821082374,1
AAPL,2025-01-24,0.0,0.0,0.0,0.0,0,0,0,30.754374501968684,-5.524405202207447,-3.148730603713843,-2.375674598493604,233.1734104670276,235.44982574383786,260.6627045575193,214.4990370806643,0.1446138337965534,5.220442584825578,-0.003934531582456701,-0.024007657154476964,-0.12727700210339732,1.099050450261065,0.02760109810075745,0.03178002832854349,0.05934106160357824,0.02177024628143886,1
AAPL,2025-01-27,0.0,0.0,0.0,0.0,0,0,0,42.20169008024383,-5.190441295921119,-3.557072742155298,-1.6333685537658207,232.7001226072586,235.1656713201365,257.9010473817129,214.44710783068948,0.3165830359894183,5.512013835382368,0.03178002832854349,-0.0005219408983799115,-0.10976005093490383,1.7781410825462425,0.0029955469353430387,0.0365440434567188,-0.008048238883573144,-0.008525519254699085,0
AAPL,2025-01-28,0.0,0.0,0.0,0.0,0,0,0,52.281114336423414,-4.204379649903245,-3.6865341237048876,-0.5178455261983577,233.0661471910725,235.21969914041762,254.63229072232758,215.65482170443022,0.5359136844745621,5.850841091865819,0.0365440434567188,0.07015803257408232,-0.08014825045428567,1.3574169066782855,0.002437701942965804,0.004616920783736043,-0.02291604618649581,-0.02259808940810433,0
AAPL,2025-01-29,0.0,0.0,0.0,0.0,0,0,0,53.42654115397435,-3.2967918189163754,-3.6085856627471853,0.3117938438308099,233.5013220098357,235.31443575405166,251.9227611208764,216.75304454318612,0.5937619144234583,5.8477709099009205,0.004616920783736043,0.06938306366915542,-0.06350013665338418,0.8132709158305407,-0.007634609122446826,-0.007394784495044491,-0.028785105947027673,-0.0093146905108292,0
AAPL,2025-01-30,0.0,0.0,0.0,0.0,0,0,0,51.29303584184831,-2.6883289936843653,-3.4245343289346217,0.7362053352502564,233.7276932093268,235.33654492465718,249.61607379537153,217.60925732035113,0.5707834860239536,5.683943963542696,-0.007394784495044491,0.06228195272776025,-0.057930240894411136,0.9775785013276176,-0.007724298696231885,-0.006692104642651639,-0.018392969829249445,0.017700859364563802,0
AAPL,2025-01-31,0.0,0.0,0.0,0.0,0,0,0,49.38523840097003,-2.3068988383706994,-3.2010072308218374,0.8941083924511379,233.7821698442458,235.29588425608148,247.35836692915092,218.43535407914987,0.5485024633879425,6.25301480809433,-0.006692104642651639,0.05934106160357824,-0.05758323137415199,1.6824160181783807,-0.010115569604135228,-0.03385599474831269,-0.035466212614534684,0.037580107931812726,0
AAPL,2025-02-03,0.0,0.0,0.0,0.0,0,0,0,41.11028159291824,-2.61455608474742,-3.0837170016069537,0.46916091685953365,233.07598686242775,234.9457416787903,246.19158111219028,218.0295507847824,0.2960616707474896,6.536785467234098,-0.03385599474831269,-0.008048238883573144,-0.06495802043840669,1.2002194662991592,-0.002669555733475301,0.021007867502192756,-0.00048115280383067194,0.07336879223231443,0
AAPL,2025-02-04,0.0,0.0,0.0,0.0,0,0,0,46.859002456312695,-2.4464469959179667,-2.956263000469156,0.5098160045511895,232.8899635135507,234.79582011096397,244.97800121162783,218.19473743583313,0.4826896517021674,6.5293953804018,0.021007867502192756,-0.02291604618649581,-0.04339256160897465,0.7374045893953759,-0.00453256795437384,-0.0014175215193115932,0.00032541398019127394,0.05300346078329106,1
AAPL,2025-02-05,0.0,0.0,0.0,0.0,0,0,0,46.52206276811023,-2.3129929032317023,-2.827608981021666,0.5146160777899635,232.69045463028473,234.63892991991668,243.24348036886366,218.68528702615586,0.49310765837332216,6.384249896898297,-0.0014175215193115932,-0.028785105947027673,-0.051142808713176974,0.6511693800845986,0.004004500472607391,0.003226231074123118,0.02004748439858307,0.05863247550195238,1
AAPL,2025-02-06,0.0,0.0,0.0,0.0,0,0,0,47.446955664775416,-2.122677797862849,-2.6866227443899025,0.5639449465270534,232.58086072529852,234.51739222219172,242.00697170915396,219.0292724925062,0.5444603490309177,6.167212791892616,0.003226231074123118,-0.018392969829249445,-0.037116560699394785,0.4962875410603554,0.0021154050574361664,-0.02396886238452182,0.036770141293236996,0.05402622229447943,1
AAPL,2025-02-07,0.0,0.0,0.0,0.0,0,0,0,41.6632585069604,-2.3920950545515893,-2.62771720642224,0.2356221518706505,231.953157320564,234.182983702717,240.3570933489185,219.18300980049554,0.32147625938679053,6.204657954231207,-0.02396886238452182,-0.035466212614534684,-0.0620930669957995,0.6573797571197655,-0.0017446417228184862,0.0011874700338861423,0.07573225687028759,0.08672717472540895,1
AAPL,2025-02-10,0.0,0.0,0.0,0.0,0,0,0,42.031230586257195,-2.554509266290694,-2.6130756183959307,0.05856635210523686,231.41079293754152,233.87221302021155,239.71749432237954,218.93408648816734,0.3524082705341578,6.00213065426873,0.0011874700338861423,-0.00048115280383067194,-0.03778637862509188,0.5615434730040834,0.011843993197228045,0.021831774959728396,0.07388549524934675,0.08517456018876636,1
AAPL,2025-02-11,0.0,0.0,0.0,0.0,0,0,0,48.47390791922666,-2.258601813174039,-2.5421808573515525,0.2835790441775137,231.39052239782401,233.76734004963495,239.56387516167288,218.93637966010445,0.5944285679020529,6.111526052907967,0.021831774959728396,0.00032541398019127394,-0.006502737335520212,0.9077604593484314,0.005866029270828928,0.018270185784662128,0.052660910206708926,0.03327310062197936,1
AAPL,2025-02-12,0.0,0.0,0.0,0.0,0,0,0,53.25798066909854,-1.6640668159996608,-2.366558049081174,0.7024912330815134,231.77447091341443,233.83222796186587,240.059264078156,218.82326308248855,0.7816310958179626,6.12081873454007,0.018270185784662128,0.02004748439858307,0.016505766964470956,0.7608104259747092,-0.0014232121462505623,0.01967312036757674,0.03782666169322392,0.0018152633920802354,1
AAPL,2025-02-13,0.0,0.0,0.0,0.0,0,0,0,57.87621489464633,-0.809836129171174,-2.055213665099174,1.2453775359280002,232.56294671183926,234.07619811225837,240.86536491998507,218.4068900238626,0.9638489199794129,6.16423185452187,0.01967312036757674,0.036770141293236996,0.01650296716386896,0.8912458950716107,0.005624086888348938,0.012710664229872291,0.016644075975912755,0.0012835504175400378,1
AAPL,2025-02-14,0.0,0.0,0.0,0.0,0,0,0,60.63560271295606,0.112065511220095,-1.6217578298353204,1.7338233410554154,233.56692376885903,234.43025723768145,243.02372838729463,217.89745233780303,1.003222818339365,6.04765251966053,0.012710664229872291,0.07573225687028759,0.07276316755176424,0.6977301445978431,0.01486420701719615,-0.0005313169442088964,0.010220868422324475,-0.02686022127640344,1
AAPL,2025-02-18,0.0,0.0,0.0,0.0,0,0,0,60.455062680399294,0.8227722088813891,-1.1328518220919785,1.9556240309733677,234.4629824728851,234.76536637193445,244.83493244277378,217.55149639023404,0.9318490428382873,5.852790105575701,-0.0005313169442088964,0.07388549524934675,0.06417433761623377,0.8471728615249828,0.010977863016780557,0.0016359947738096396,0.010512354426389184,-0.034932768219839115,1
AAPL,2025-02-19,0.0,0.0,0.0,0.0,0,0,0,60.84147790574582,1.4019273114729174,-0.6258959953789994,2.027823306851917,235.3115600349913,235.1029224700939,246.09929051128682,218.52084956439677,0.901145839188772,5.637059967754914,0.0016359947738096396,0.052660910206708926,0.10105647519493385,0.5926796493817396,0.012588517500638174,0.003920576291861613,-0.018417905896137458,-0.03728497395812434,0
AAPL,2025-02-20,0.0,0.0,0.0,0.0,0,0,0,61.80623593810328,1.9158204644676573,-0.11755270340966806,2.0333731678773255,236.1701933147689,235.46465921529241,247.3354734365839,219.4956514413458,0.8919438506308625,5.411183095035587,0.003920576291861613,0.03782666169322392,0.09949649243502663,0.6126876618897383,0.011634868841753333,-0.0011389420635279487,-0.034698856398997065,-0.04271254443791332,0
AAPL,2025-02-21,0.0,0.0,0.0,0.0,0,0,0,61.33165254231101,2.2744120547923217,0.3608402482307299,1.9135718065615919,236.9205496596979,235.8012974788701,248.1426084725505,220.88854997471512,0.84979581898409,5.27101207447829,-0.0011389420635279487,0.016644075975912755,0.09907892131878275,1.015328875274395,-0.016056128947521144,0.006312308166235682,-0.01510904939236242,-0.026389786014009885,0
AAPL,2025-02-24,0.0,0.0,0.0,0.0,0,0,0,63.02432407887852,2.652330509205484,0.8191383004256808,1.8331922087798032,237.746158932249,236.18514648054125,248.72348411333124,222.74912483442264,0.8793411202873547,5.209715501032449,0.006312308166235682,0.010220868422324475,0.11038549295991333,0.9827808848059072,-0.020485507505355514,-0.00024293334244592248,-0.036705923286496696,-0.07940117863056424,0
AAPL,2025-02-25,0.0,0.0,0.0,0.0,0,0,0,62.90946918622336,2.9134351265851137,1.2379976656575673,1.6754374609275464,238.48745666786814,236.55160289919652,249.7745377208988,223.43066094853478,0.8388713779172494,5.198941544205904,-0.00024293334244592248,0.010512354426389184,0.07592288358116742,0.9625149161012782,-0.02820968891433723,-0.02704014159432827,-0.04497235728703676,-0.10605566824767075,0
AAPL,2025-02-26,0.0,0.0,0.0,0.0,0,0,0,51.633074006992345,2.555183117747646,1.5014347560755832,1.0537483616720627,238.5258536518807,236.6433292560908,249.92947237201273,223.5104507236904,0.5821629006949345,5.389134050964787,-0.02704014159432827,-0.018417905896137458,0.009923102711134687,0.9195795277161187,-0.03000349328896549,-0.012730890059846948,-0.0192210801066126,-0.09727077320704428,0
AAPL,2025-02-27,0.0,0.0,0.0,0.0,0,0,0,47.43826247965847,2.0027723974314426,1.6017022843467552,0.40107011308468743,238.27094708663464,236.61219221533418,249.83835020952998,223.42295807904426,0.4704218122664727,5.38755288187898,-0.012730890059846948,-0.034698856398997065,-0.007516335735441831,0.8555335078896873,-0.0414988963238017,0.01913192934394074,-0.008301749243786903,-0.11639276680247469,0
AAPL,2025-02-28,0.0,0.0,0.0,0.0,0,0,0,53.477323230790844,1.9071001493875883,1.662781857354922,0.2443182920326663,238.47005569975647,236.75922732549418,250.15568607250665,223.55395900805976,0.6318247110661335,5.846821519727763,0.01913192934394074,-0.01510904939236242,0.019007129727532043,1.1800561879112668,-0.00960102119501174,-0.015754297282999978,-0.011453792538846775,-0.1172261614260792,0
AAPL,2025-03-03,0.0,0.0,0.0,0.0,0,0,0,48.446726728508445,1.5083347643241325,1.6318924387487643,-0.12355767442463184,238.2895608349359,236.75199721936266,250.21890705853997,223.71825419634285,0.48514296948274716,5.991447208647574,-0.015754297282999978,-0.036705923286496696,0.009710476640769674,1.0376309449940504,-0.022504585501343814,-0.008822271685617483,-0.044322140430606734,-0.10095354991592584,0
AAPL,2025-03-04,0.0,0.0,0.0,0.0,0,0,0,45.884679515151596,1.01222822544932,1.5079595960888754,-0.4957313706395554,237.92748189195095,236.6632025022737,249.77077362674746,224.9784359679791,0.3835578595490563,5.946134194890784,-0.008822271685617483,-0.04497235728703676,0.035873048998854344,1.208686539328194,-0.029247440022381586,-0.0008053418056471276,-0.06395973082738589,-0.0985039227225863,0
AAPL,2025-03-05,0.0,0.0,0.0,0.0,0,0,0,45.64944867467131,0.5969410210372814,1.3257558810785568,-0.7288148600412754,237.58190163178003,236.57048433199458,249.6840899052636,225.3827344355567,0.3668994816241455,6.041071677359641,-0.0008053418056471276,-0.0192210801066126,0.013742254170171244,1.0584978070295943,-0.01930899763244929,-0.001739301799308265,-0.07957929306730598,-0.0869602706920711,0
AAPL,2025-03-06,0.0,0.0,0.0,0.0,0,0,0,45.1119863858925,0.2322623694041397,1.1070571787436734,-0.8747948093395337,237.2304226840547,236.46542112998162,249.56741147859418,225.80903810636676,0.3401888861526702,5.943228324084578,-0.001739301799308265,-0.008301749243786903,0.01341558884865705,1.0061326325880944,-0.02109205338897497,0.015892690026718545,-0.1089958739730192,-0.09021375814220815,0
AAPL,2025-03-07,0.0,0.0,0.0,0.0,0,0,0,50.801973299423985,0.24042444270759233,0.9337306315364572,-0.6933061888288649,237.2664334538211,236.5102491549471,249.5323422052309,226.45098909359726,0.48340089157860494,5.9879686341210725,0.015892690026718545,-0.011453792538846775,0.026210695834972906,1.012274763417829,-0.03073160823922798,-0.04847965693103988,-0.10699790064329283,-0.08700388963128679,0
AAPL,2025-03-10,0.0,0.0,0.0,0.0,0,0,0,37.74398783784257,-0.6748296198343269,0.6120185812623005,-1.2868482010966273,236.20194983619527,236.1015866574492,249.51670404549762,226.4765653026469,-0.01680588117191957,6.614488422356983,-0.04847965693103988,-0.044322140430606734,0.00043975620234835077,1.5227160220986589,-0.03972456641414724,-0.029189325336748513,-0.059257843967250576,-0.02967289177182521,0
AAPL,2025-03-11,0.0,0.0,0.0,0.0,0,0,0,32.57765174444238,-1.9106661718981002,0.10748163063022037,-2.0181478025283206,234.6103317295859,235.45015030683538,250.8186013534927,224.49783083644868,-0.19026308961620106,6.854072923249862,-0.029189325336748513,-0.06395973082738589,-0.029914352957425467,1.5386956572699004,-0.03630004241194732,-0.017478751772568434,-0.03690460018962085,0.013176966808842911,0
AAPL,2025-03-12,0.0,0.0,0.0,0.0,0,0,0,30.00634682528694,-3.163178655541543,-0.5466504266041323,-2.616528228937411,232.8049238690859,234.673813008306,252.98296870315698,220.7790231791672,-0.15915670895086878,6.850080709649064,-0.017478751772568434,-0.07957929306730598,-0.06723417280956064,1.2528735367407076,-0.04148789871959987,-0.03364364333837989,-0.00801913469478785,0.020969681677817934,0
AAPL,2025-03-13,0.0,0.0,0.0,0.0,0,0,0,25.850809464445533,-4.687220276637788,-1.3747643966108636,-3.3124558800269246,230.48047189113353,233.64339595310133,255.87185838409266,215.1877531271378,-0.16688519960485537,6.9684794453250944,-0.03364364333837989,-0.1089958739730192,-0.11478878693907392,1.2097165977535136,-0.03717411513326766,0.018170711464832394,0.021079718131678204,0.06757923418806973,1
AAPL,2025-03-14,0.0,0.0,0.0,0.0,0,0,0,31.2057781116782,-5.525777986327711,-2.204967114554233,-3.3208108717734777,228.73803849813496,232.80188714178945,256.74028458779406,211.5324723702137,0.014432215637743634,6.780965265747101,0.018170711464832394,-0.10699790064329283,-0.11609307669698421,1.1773301137456424,-0.022763378444656437,0.002388795829869239,0.022389657343929142,0.02065663335982357,1
AAPL,2025-03-17,0.0,0.0,0.0,0.0,0,0,0,31.914567330786355,-6.079362024724389,-2.9798460965882647,-3.0995159281361246,227.20982413828654,232.0132557919046,256.6485233206174,208.58294182830838,0.08548416067900146,6.669318175846796,0.002388795829869239,-0.059257843967250576,-0.12510213650294907,0.9350433022606074,0.01172010789427318,-0.006121614876968304,0.031448523918806336,0.03799061465736813,1
AAPL,2025-03-18,0.0,0.0,0.0,0.0,0,0,0,31.030150733307863,-6.547665854906114,-3.693410048251835,-2.854255806654279,225.70315236395567,231.2044916631167,256.2602739573613,205.8126142262325,0.1105533202393252,6.452767870216666,-0.006121614876968304,-0.03690460018962085,-0.12999567624121236,0.8304850429646834,0.009173986134496855,0.0119893399857366,0.05200062943746192,0.04936774739346482,1
AAPL,2025-03-19,0.0,0.0,0.0,0.0,0,0,0,34.816764734674905,-6.637777030669213,-4.28228344473531,-2.3554935859339023,224.58134683747772,230.5268329444038,255.17057696067175,203.95742596901576,0.1946134571673904,6.422776904312699,0.0119893399857366,-0.00801913469478785,-0.12100293322205012,1.0418145081921646,0.014779824995692819,-0.005296462073180266,0.029223160835553538,0.04018770396247119,1
AAPL,2025-03-20,0.0,0.0,0.0,0.0,0,0,0,33.92016033006331,-6.723117839511332,-4.770450323690515,-1.952667515820817,223.4584712295371,229.831316082039,253.64702535915322,202.32737191867884,0.20389422636221924,6.338134787153742,-0.005296462073180266,0.021079718131678204,-0.12907304342656126,0.9214221229069611,0.0255158515716473,0.019476918723706986,0.045539555071639336,-0.05095736747983092,1
AAPL,2025-03-21,0.0,0.0,0.0,0.0,0,0,0,40.00615901326851,-6.382746908798026,-5.092909640712017,-1.2898372680860088,222.83725196437285,229.32560442961835,251.60966182074802,201.65340885796294,0.30591285737010904,6.422109554808507,0.019476918723706986,0.022389657343929142,-0.11109766161554048,1.709040687938688,0.005093387035093035,0.011270445103557014,-0.0016950719049797511,-0.13694041314766392,0
AAPL,2025-03-24,0.0,0.0,0.0,0.0,0,0,0,43.32248036136122,-5.848297003039647,-5.2439871131775435,-0.6043098898621038,222.50804991949585,228.93560545171817,248.89379955564758,201.74838947023133,0.37399698063899145,6.191271490359706,0.011270445103557014,0.031448523918806336,-0.10671800782232936,0.8094921795410311,0.015263935231386297,0.013681887644081873,0.006342624558428064,-0.17790954077770635,1
AAPL,2025-03-25,0.0,0.0,0.0,0.0,0,0,0,47.18246037317587,-5.1234820060277,-5.219886091747576,0.09640408571987535,222.49606151105428,228.67860804697864,245.85157959034117,202.47584808299868,0.4589276735192586,6.034425611383557,0.013681887644081873,0.05200062943746192,-0.09427619345921706,0.6381905033878684,0.02882459938754269,-0.009921821255028976,-0.0025027380880988507,-0.2294077317487439,0
AAPL,2025-03-26,0.0,0.0,0.0,0.0,0,0,0,44.768772251452106,-4.673231750187114,-5.110555223435483,0.4373234732483695,222.2750780789189,228.34516206371018,243.8838513761773,202.5720873445258,0.426117076860232,5.926408628246316,-0.009921821255028976,0.029223160835553538,-0.07834082867993329,0.6436163567639103,0.00559030354352123,0.010472688574058711,0.010653222298278166,-0.102378907784136,1
AAPL,2025-03-27,0.0,0.0,0.0,0.0,0,0,0,47.775511239593925,-4.083274368950811,-4.905099052538549,0.8218246835877387,222.29474372690876,228.1152171742632,242.38709067860768,202.732071308697,0.4980326926558249,5.817588471411455,0.010472688574058711,0.045539555071639336,-0.056679266659946784,0.6953395410301849,0.005828604149591143,-0.026580269388977867,-0.09229389943535746,-0.14934105375434345,0
AAPL,2025-03-28,0.0,0.0,0.0,0.0,0,0,0,41.53105723863724,-4.046265772220011,-4.733332396474842,0.6870666242548316,221.7493345517456,227.66238306498605,239.57062464671228,203.16917332692051,0.36808351246945414,5.840066175187931,-0.026580269388977867,-0.0016950719049797511,-0.09899102590301363,0.7584927217758195,-0.014752444812357792,0.019412531405452984,-0.13547498107693534,-0.09063808017432823,0
AAPL,2025-03-31,0.0,0.0,0.0,0.0,0,0,0,46.84971835056494,-3.6357867823851677,-4.513823273656907,0.8780364912717395,221.65626263898633,227.39217508078164,237.39054366148704,203.76897629700906,0.5057201226355846,6.089532622245956,0.019412531405452984,0.006342624558428064,-0.06679822267170703,1.2227697905209565,-0.025588796656385162,0.004772015712181737,-0.18309088856986674,-0.08828159951961911,0
AAPL,2025-04-01,0.0,0.0,0.0,0.0,0,0,0,48.12323409026181,-3.1887108603595493,-4.248800790997436,1.0600899306378864,221.67239070192142,227.17387830505706,235.52302188462033,204.37028561049686,0.5603142380724614,5.993907285265998,0.004772015712181737,-0.0025027380880988507,-0.053999092103355496,0.6931328872877046,-0.02517992149955574,0.0031362890740353113,-0.2274743022609773,-0.09431429463108776,0
AAPL,2025-04-02,0.0,0.0,0.0,0.0,0,0,0,48.99239485723531,-2.74660094469877,-3.9483608217377024,1.2017598770389326,221.75324078062607,226.99142490204778,233.54807382985913,205.16747640207447,0.6114684572938692,5.861807205158355,0.0031362890740353113,0.010653222298278166,-0.05026730034466922,0.6909309717510143,-0.007158088292523043,-0.09245604363993339,-0.11184066659914585,-0.13229714251859181,0
AAPL,2025-04-03,0.0,0.0,0.0,0.0,0,0,0,31.946639604113287,-4.010104377358914,-3.960709532861945,-0.04939484449696918,219.86701556119144,226.00932494418564,232.23597708922435,203.28522347229907,-0.046193875069100845,7.0503626555178,-0.09245604363993339,-0.09229389943535746,-0.13657406999664998,1.8844621477642733,-0.05357288448598498,-0.07288745718124927,-0.06284760483982599,-0.030562553910673453,0
AAPL,2025-04-04,0.0,0.0,0.0,0.0,0,0,0,25.19300698128629,-6.128532032739315,-4.394274032837419,-1.7342579999018959,216.75857682331383,224.48850470376567,232.3240351046076,198.15915276160334,-0.31994092174489813,7.6719880354894014,-0.07288745718124927,-0.13547498107693534,-0.21202995418738854,2.1390966946847985,-0.0906668624125938,-0.03673419856773332,0.05186304609028002,0.025374156462473596,1
AAPL,2025-04-07,0.0,0.0,0.0,0.0,0,0,0,22.77072842809764,-8.267075258981919,-5.16883427806632,-3.098240980915599,213.29116219886507,222.75761131407296,235.10933128299604,190.79999336300006,-0.23582546223700018,8.510461026782984,-0.03673419856773332,-0.18309088856986674,-0.20230334200085956,2.5357549374244095,-0.09833928033415767,-0.04981816012822916,0.1160585525656195,0.10073840059596606,1
AAPL,2025-04-08,0.0,0.0,0.0,0.0,0,0,0,20.057596525418816,-10.56509189740649,-6.248085801934353,-4.317006095472136,209.2982878995126,220.74225330393926,238.92189868029322,182.17502819958958,-0.1904782775219481,9.402629556686085,-0.04981816012822916,-0.2274743022609773,-0.21925366300684612,1.8446882382319791,-0.1149615112006334,0.1532883118603827,0.17236968041272088,0.1866372542760471,1
AAPL,2025-04-09,0.0,0.0,0.0,0.0,0,0,0,41.86647777415691,-10.149647308198752,-7.028398103187233,-3.1212492050115186,208.18743992387076,219.83606235693279,238.4563099687074,180.8387004072692,0.2915026131046769,10.769900899990073,0.1532883118603827,-0.11184066659914585,-0.08355607921307408,2.5750022744726384,-0.028165485535052784,-0.04239367821616259,-0.023032439282167996,0.04787538641217334,0
AAPL,2025-04-10,0.0,0.0,0.0,0.0,0,0,0,38.279436649070355,-10.37685729780631,-7.698089942111048,-2.6787673556952623,206.38443951863977,218.63684170250193,238.84224269949172,178.53854343332077,0.17772362833529792,11.125842780727188,-0.04239367821616259,-0.06284760483982599,-0.09185417361183161,1.6330013111706732,-0.02258244531697868,0.040594281564163476,0.03445016103665244,0.09904421298037576,1
AAPL,2025-04-11,0.0,0.0,0.0,0.0,0,0,0,43.094066775587514,-9.82375038391541,-8.12322203047192,-1.7005283534434898,205.48483998440548,217.78593200472457,238.45655643019398,177.39960201707163,0.3200133806200581,11.288110334165916,0.040594281564163476,0.05186304609028002,-0.07185372440510404,1.1504421693139568,0.05672082258293501,0.022054192395485988,-0.0251828312880315,0.060509797683676016,0
AAPL,2025-04-14,0.0,0.0,0.0,0.0,0,0,0,45.67414024701057,-8.931977050681695,-8.284973034513875,-0.6470040161678199,205.08456638237504,217.13871769720936,237.9350579713937,176.78011842020788,0.40065199839451004,11.531789725365371,0.022054192395485988,0.1160585525656195,-0.05364485709093693,1.288395731978988,0.06887654411810272,-0.0018764003164227102,-0.013727014532019985,0.04290939083321741,0
AAPL,2025-04-15,0.0,0.0,0.0,0.0,0,0,0,45.48103334666438,-8.161634089059191,-8.26030524542294,0.09867115636374812,204.68644402369273,216.50207314501336,237.475760413113,176.19086708932844,0.4032545899413562,10.971469860508607,-0.0018764003164227102,0.17236968041272088,-0.04960263151056329,0.6490064124015466,0.0828431489881159,-0.0389334629960985,0.0121698591337704,0.05125165353823574,1
AAPL,2025-04-16,0.0,0.0,0.0,0.0,0,0,0,41.56190569925847,-8.089048142595743,-8.2260538248575,0.1370056822617567,203.58129527878376,215.58365389235198,236.81342861572278,174.7690176733397,0.29516541861949913,10.88138582253749,-0.0389334629960985,-0.023032439282167996,-0.09742615695473866,0.7524972475365458,-0.04185051199914439,0.0139497498270684,0.07257950882447053,0.09805950712064086,1
AAPL,2025-04-17,0.0,0.0,0.0,0.0,0,0,0,43.371477581203344,-7.72513374423562,-8.125869808733125,0.40073606449750443,202.8379179312694,214.80687660754927,236.08116724751926,173.7997470591214,0.35285139619946,10.4278688151867,0.0139497498270684,0.03445016103665244,-0.07996253409975604,0.6557969153795028,0.003488418464855181,-0.01939290113726305,0.062442884516535575,0.0424916204644217,1
AAPL,2025-04-21,0.0,0.0,0.0,0.0,0,0,0,41.42427048549902,-7.654847487907148,-8.03166534456793,0.37681785666078227,201.80375162857038,213.9116724956034,234.8107543499715,172.57451023743084,0.31179036897550816,10.192034479535241,-0.01939290113726305,-0.0251828312880315,-0.11504100415443491,0.605671131686567,-0.037569696407664575,0.034065127285221763,0.08790636000485473,0.029664635040508133,1
AAPL,2025-04-22,0.0,0.0,0.0,0.0,0,0,0,45.927569316152216,-6.9908521367548815,-7.823502703005321,0.8326505662504395,201.49091496630697,213.30803697321915,232.98296526091147,172.31613294465492,0.4319136623708032,10.062494624690276,0.034065127285221763,-0.013727014532019985,-0.09509346277044922,0.6826102247863128,-0.02201714917078359,0.024331638578188902,0.057424674709470824,-0.0061581202168554845,1
AAPL,2025-04-23,0.0,0.0,0.0,0.0,0,0,0,49.04362697690048,-6.005637609520647,-7.459929684308387,1.4542920747877393,201.66790005740648,212.9174966379106,230.65850181723988,172.73730506752577,0.5285103739759467,9.930137938580103,0.024331638578188902,0.0121698591337704,-0.0855865066359783,0.6739967843003015,-0.004073683662760149,0.018426171166043618,0.038611893104495434,-0.040811462885364615,1
AAPL,2025-04-24,0.0,0.0,0.0,0.0,0,0,0,51.3840655403356,-4.866403717188064,-6.941224490884323,2.074820773696259,202.18488163908577,212.68921075662152,228.87462583818356,173.2132281657227,0.6087338787053198,9.63898474171793,0.018426171166043618,0.07257950882447053,-0.05940495114258443,0.5975679209180099,0.04000683392433513,0.00436721762636826,0.02375581305305374,-0.05221482322358028,1
AAPL,2025-04-25,0.0,0.0,0.0,0.0,0,0,0,51.95766249198365,-3.8462353611337505,-6.322226664934209,2.475991303800458,202.73876347051956,212.50534527083798,226.59183366671522,174.04792768582382,0.6461779448917323,9.202507359200085,0.00436721762636826,0.062442884516535575,-0.06508820790872664,0.48242836442449016,0.04602894283859923,0.004109223249334448,-0.018778669745802563,-0.05136657440507412,0
AAPL,2025-04-28,0.0,0.0,0.0,0.0,0,0,0,52.527696306514095,-2.9349435397637365,-5.644770039900115,2.709826500136378,203.32129665794403,212.3622086695689,225.45662644792984,174.41187635968734,0.6747703832273799,8.831992248863004,0.004109223249334448,0.08790636000485473,-0.03561277438443762,0.489333843088916,0.07194296724609377,0.005092001524013254,-0.053535604814449925,0.0044086065105174085,0
AAPL,2025-04-29,0.0,0.0,0.0,0.0,0,0,0,53.27064816618107,-2.1026848616101574,-4.936353004242123,2.833668142631965,203.9496354295461,212.26639082996877,223.54338392273542,175.239796314081,0.7179395809405942,8.475875125572424,0.005092001524013254,0.057424674709470824,-0.04916031834357062,0.47365710328417354,0.05134168539623934,0.006107619535950593,-0.0601298574234574,0.009465560030128132,0
AAPL,2025-04-30,0.0,0.0,0.0,0.0,0,0,0,54.20121647964617,-1.3243919792172392,-4.213960799237146,2.889568820019907,204.6402376031087,212.22460916024266,221.43059297840256,176.2901223536287,0.7733821870958688,8.361009892220444,0.006107619535950593,0.038611893104495434,-0.04789640464498761,0.6656859586560002,0.03571042141295899,0.003858823318618398,-0.0764706783324589,0.0005101411966217541,0
AAPL,2025-05-01,0.0,0.0,0.0,0.0,0,0,0,54.817164446462556,-0.6345123447779031,-3.4980711083452976,2.8635587635673945,205.3426859680098,212.21642626903983,219.09460733523784,177.57557088741842,0.8295080400152375,8.165609406087976,0.003858823318618398,0.02375581305305374,-0.047210627986793256,0.7205091142065267,0.021547773789189466,-0.037361717728307035,-0.07420777035695036,-0.007466456399094416,0
AAPL,2025-05-02,0.0,0.0,0.0,0.0,0,0,0,48.05264914829845,-0.7186744204257991,-2.942191770761398,2.223517350335599,205.22382687842256,211.89792584779684,219.29753846982317,177.5873187079112,0.635512039273357,8.374621684556034,-0.037361717728307035,-0.018778669745802563,0.01063041411255249,1.2706077075150042,0.02927493655382926,-0.03145844940334407,-0.0332115738360776,0.03012915807262626,0
AAPL,2025-05-05,0.0,0.0,0.0,0.0,0,0,0,43.37995356340285,-1.2886001212036717,-2.611473440849853,1.322873319646181,204.50481134889273,211.34013125840713,219.1838080204277,178.74562465779496,0.4680857938355237,8.28331567263944,-0.03145844940334407,-0.053535604814449925,0.055791506593901766,0.9003989328826326,0.02298270173712973,-0.001910724185539632,0.06122175500707307,0.05110255107499367,1
AAPL,2025-05-06,0.0,0.0,0.0,0.0,0,0,0,43.1143489498914,-1.7505681832768971,-2.439292389335262,0.6887242060583647,203.81830198354058,210.78939917034,218.17502469201878,181.44898196081323,0.4315052718276321,7.9493501794419705,-0.001910724185539632,-0.0601298574234574,0.09395992119778687,0.7194262794374467,0.00808197969310764,-0.011384822963551257,0.07404790757880439,0.04342985985869628,1
AAPL,2025-05-07,0.0,0.0,0.0,0.0,0,0,0,41.48750389620382,-2.271742350836945,-2.4057823816355985,0.13404003079865356,202.98325205272346,210.1721787209134,214.19813751538564,187.7942987028761,0.2748077299898955,7.820979559789975,-0.011384822963551257,-0.0764706783324589,0.13820885201476923,0.9994470986091575,0.01191982301748228,0.006318561287165621,0.08335503564746889,0.03110840609052075,1
AAPL,2025-05-08,0.0,0.0,0.0,0.0,0,0,0,42.76364933341047,-2.5558668150237622,-2.4357992683132315,-0.12006754671053077,202.34510565186886,209.62749386298543,214.2122878688485,187.64498141826087,0.32512642715792045,7.64356548918779,0.006318561287165621,-0.07420777035695036,-0.006839241649679161,0.8157709676331104,0.011800145937769865,0.005266106242241665,0.07209102844121824,0.0209329686034623,1
AAPL,2025-05-09,0.0,0.0,0.0,0.0,0,0,0,43.869364051323245,-2.6668887032134023,-2.4820171552932657,-0.1848715479201366,201.8661775396559,209.14470431830495,213.6265761029245,189.03673566465363,0.3367091718128039,7.31412172517647,0.005266106242241665,-0.0332115738360776,0.04259007663985316,0.6327982521707027,-0.0042697562499706505,0.06314611998383769,0.06551664272609342,-0.015130932058393089,1
AAPL,2025-05-12,0.0,0.0,0.0,0.0,0,0,0,55.12351559991103,-1.7295385960581768,-2.331521443446248,0.6019828473880713,202.61950568320057,209.1694658370724,214.61944416725984,189.3276154640878,0.8085025334772489,7.715789085820721,0.06314611998383769,0.06122175500707307,0.06518516808221177,1.1302865043178298,0.03456901044598496,0.010152395771626885,-0.00953542827814716,-0.050192073138797755,0
AAPL,2025-05-13,0.0,0.0,0.0,0.0,0,0,0,56.72083292201908,-0.8055446355425318,-2.026326081865505,1.2207814463229734,203.5039197392276,209.27677514822582,215.8623076710059,189.14714057118158,0.851902315087988,7.477434939606188,0.010152395771626885,0.07404790757880439,0.05278111227813359,0.9621336635014998,0.05017923528934836,-0.002818009511025125,-0.0285071527108409,-0.05875169991464243,0
AAPL,2025-05-14,0.0,0.0,0.0,0.0,0,0,0,56.117693543929065,-0.12007386116914631,-1.6450756377262334,1.5250017765570871,204.24723219849386,209.3564584977669,216.89333487927212,189.15655525744666,0.7986559941748157,7.182178094133164,-0.002818009511025125,0.08335503564746889,0.051787940314722336,0.9159618408963568,0.04711754762817349,-0.00414447174738147,-0.048226691931812414,-0.05830545451446951,0
AAPL,2025-05-15,0.0,0.0,0.0,0.0,0,0,0,55.190804712467596,0.3484828228555443,-1.2463639456098778,1.5948467684654222,204.83634700073924,209.39867336538666,217.32849076428712,190.4564549144238,0.7433929762246918,6.912277045147408,-0.00414447174738147,0.07209102844121824,0.08986089368711349,0.8477541466847752,0.04495099784796468,-0.0008984888839645585,-0.047718018788141456,-0.050129893314687264,0
AAPL,2025-05-16,0.0,0.0,0.0,0.0,0,0,0,54.97967248408803,0.6965316845869154,-0.8577848195705193,1.5543165041574347,205.35134880703043,209.43181817328508,217.78118529540404,191.45056366699828,0.7137432061050991,6.6175812177544335,-0.0008984888839645585,0.06551664272609342,0.07390101528678257,1.0280405338463914,0.052911290088194986,-0.011738977897661452,-0.07568870494425317,-0.0452521754478812,0
AAPL,2025-05-19,0.0,0.0,0.0,0.0,0,0,0,52.17389674804233,0.7644005266327554,-0.5333477503298645,1.2977482769626199,205.58225062265552,209.36687698496385,217.27541048289157,193.5360030913272,0.599838679411457,6.642490577148663,-0.011738977897661452,-0.00953542827814716,0.08228312464278041,0.8670616634078543,0.020343263171226984,-0.009196436518546654,-0.04104805565127068,-0.026391524114777073,0
AAPL,2025-05-20,0.0,0.0,0.0,0.0,0,0,0,50.04451778983053,0.6564347434992612,-0.29539125156403934,0.9518259950633006,205.60918111116007,209.22954928955167,217.21446817023474,194.33155081169883,0.5040209584968858,6.4345981637465925,-0.009196436518546654,-0.0285071527108409,0.037004293343829764,0.8065279713466448,0.01024100680575173,-0.023058991651824064,-0.03113203281752976,-0.019529973161018326,0
AAPL,2025-05-21,0.0,0.0,0.0,0.0,0,0,0,45.11797498112224,0.18568419195077013,-0.19917616286107745,0.38486035481184755,205.1814477631478,208.9114485706293,217.23797942535822,194.08491180999334,0.30376403092135446,6.424951188586034,-0.023058991651824064,-0.048226691931812414,-0.010972636355430006,1.1170999675971398,-0.008049922115197037,-0.0036122389584345564,-0.010589457066319648,-0.007224477916869113,0
AAPL,2025-05-22,0.0,0.0,0.0,0.0,0,0,0,44.39763948534741,-0.24320683999559378,-0.20798229828798073,-0.03522454170761305,204.72526176198863,208.5773327345645,217.10370432070988,193.54871572323543,0.29050232817666527,6.182835609293255,-0.0036122389584345564,-0.047718018788141456,-0.032374865875292515,0.8823233775656766,-0.012481712290420516,-0.030244371045843262,-0.002532731453635717,0.012713456028646318,0
AAPL,2025-05-23,0.0,0.0,0.0,0.0,0,0,0,38.828176018941605,-1.0599368076089775,-0.3783732001521801,-0.6815636074567973,203.7353111207799,208.01864439318146,217.2756145524494,192.00981940751151,0.09186176838967897,6.302776381408201,-0.030244371045843262,-0.07568870494425317,-0.06572028231607163,1.4263892254579282,-0.025395448456158102,0.025298331566902452,0.03292887326940681,0.031648452981870905,1
AAPL,2025-05-27,0.0,0.0,0.0,0.0,0,0,0,44.86959527138174,-1.2955668579561177,-0.5618119317129677,-0.73375492624315,203.30785525557542,207.67465930074817,216.8485258480634,191.47607437166317,0.3062751020214844,6.241413358879478,0.025298331566902452,-0.04104805565127068,-0.046004743728696416,1.0075934906184698,-0.006219979098522871,0.0010489473269457085,0.015283906167422777,0.012287088849905111,1
AAPL,2025-05-28,0.0,0.0,0.0,0.0,0,0,0,45.11774637775061,-1.448740666125758,-0.7391976785955259,-0.7095429875302321,202.9410141997989,207.35235988385304,216.19494773779257,191.08336952294962,0.33341809803190076,5.9967688457093145,0.0010489473269457085,-0.03113203281752976,-0.04984225762692842,0.8054677659756359,-0.008636224641230022,-0.00234524597312484,0.011974861435713439,-0.008182885732755487,1
AAPL,2025-05-29,0.0,0.0,0.0,0.0,0,0,0,44.63350627273642,-1.5895540303198743,-0.9092689489403956,-0.6802850813794787,202.56456053623918,207.02435560340476,215.23697786634762,190.82006864244147,0.33452973163299016,5.945178955930705,-0.00234524597312484,-0.010589457066319648,-0.05782505733218334,0.9137953733649377,0.012335769260257366,0.004501301827926828,0.0034009938275704104,-0.0037508164700978323,1
AAPL,2025-05-30,0.0,0.0,0.0,0.0,0,0,0,45.83236477701254,-1.6103109707269425,-1.0494773532977049,-0.5608336174292377,202.3092649527097,206.7443399683371,213.97170393716888,190.8721437190811,0.3901292104705101,5.888744252712236,0.004501301827926828,-0.002532731453635717,-0.05722205705105631,1.244241618991974,0.010804492992794776,0.004232039234800771,0.015284900029352053,-0.021906936817512296,1
AAPL,2025-06-02,0.0,0.0,0.0,0.0,0,0,0,46.99956951555488,-1.540741870395692,-1.1477302567173022,-0.3930116136783899,202.15884673409226,206.508478544372,213.7991247252059,190.70824374403236,0.4340081230060057,5.6110012456424005,0.004232039234800771,0.03292887326940681,-0.016486427322454377,0.6604049012317473,0.02348431822629383,0.007783712895285021,-0.0012396016034319337,-0.016261912835946517,0
AAPL,2025-06-03,0.0,0.0,0.0,0.0,0,0,0,49.17786095858424,-1.3440400645774275,-1.1869922182893273,-0.1570478462881002,202.17155631782455,206.34313810589785,213.83755622025257,191.13162560347791,0.4915311311467706,5.409964140371983,0.007783712895285021,0.015283906167422777,0.02336235275119427,0.8833426987662705,0.008356589999502671,-0.002213702386315053,-0.002951703754302871,-0.037536240061043516,0
AAPL,2025-06-04,0.0,0.0,0.0,0.0,0,0,0,48.56181103716933,-1.2103353964892563,-1.1916608539293132,-0.018674542559943053,202.1404064229722,206.1667202359362,213.8197184743927,191.60426529025574,0.4609501794422694,5.3178300443064375,-0.002213702386315053,0.011974861435713439,0.023051702700250833,0.8365068758968197,0.013952003255344564,-0.010797787736391071,-0.019919217301377072,-0.030766369722590125,0
AAPL,2025-06-05,0.0,0.0,0.0,0.0,0,0,0,45.56981309398414,-1.2656491949065583,-1.2064585221247623,-0.059190672781795906,201.90465424411028,205.91175115001408,213.58627488741035,192.2991819607342,0.34602313287020586,5.264976530668328,-0.010797787736391071,0.0034009938275704104,0.023659186180821672,1.0713300124221135,0.005084203681576477,0.016398239666262294,-0.007127569477868433,0.0018442144687230184,0
AAPL,2025-06-06,0.0,0.0,0.0,0.0,0,0,0,50.50351577033262,-1.0333767368402675,-1.1718421650678634,0.1384654282275959,202.00317890733862,205.79517907385696,213.4721603098049,193.0789413747654,0.48350492703732195,5.249306194537904,0.016398239666262294,0.015284900029352053,0.03391255500799777,0.9092021021335587,0.01654255827458706,-0.012112569033823838,-0.0366319215875161,-0.011867302574974505,0
AAPL,2025-06-09,0.0,0.0,0.0,0.0,0,0,0,47.05504192749103,-1.0357094335840031,-1.1446156187710914,0.10890618518708828,201.85821411463823,205.5867817997443,213.34994129382767,193.51762920177782,0.35111485488361033,5.299443803748571,-0.012112569033823838,-0.0012396016034319337,0.01603865033165588,1.3726259067581381,0.011759429337014671,0.006056142734082437,-0.015040956025721215,-0.005708468233525838,0
AAPL,2025-06-10,0.0,0.0,0.0,0.0,0,0,0,48.91065588839745,-0.9288794683148183,-1.1014683886798369,0.1725889203650186,201.84268804940484,205.4341703734676,212.52903483541604,193.53044239847065,0.42975541784555393,5.18961336327061,0.006056142734082437,-0.002951703754302871,-0.03852169875110999,1.0388604051398935,0.01172639268499868,-0.019193775052397073,-0.03468692182411409,-0.005476954064275758,0
AAPL,2025-06-11,0.0,0.0,0.0,0.0,0,0,0,43.656713998116025,-1.1434162799300225,-1.109857966929874,-0.03355831300014844,201.45994616997862,205.13572833197594,211.15268377542063,193.4985979628606,0.2450027941685797,5.251834152706024,-0.019193775052397073,-0.019919217301377072,-0.06645382720039127,1.1489858850081307,0.009111932443826264,0.0021129095743659247,-0.011067610560984318,0.011168192245537787,0
AAPL,2025-06-12,0.0,0.0,0.0,0.0,0,0,0,44.3517727553715,-1.2651268378455711,-1.1409117411130136,-0.12421509673255748,201.15346389895387,204.86538142971096,209.63506414844068,193.7095357661101,0.28459630659019813,5.041619808850242,0.0021129095743659247,-0.007127569477868433,-0.06183757792547793,0.8313620534724084,0.01804237275930151,-0.013805209059743011,0.009036190018765423,0.009437822410440902,1
AAPL,2025-06-13,0.0,0.0,0.0,0.0,0,0,0,40.802573961352415,-1.564384597709136,-1.2256063124322383,-0.3387782852768977,200.61552559375218,204.4983120283237,208.23578564002867,193.61603168174867,0.12921421372603728,5.0134709946723435,-0.013805209059743011,-0.0366319215875161,-0.07093863772668607,0.9683042972662049,-0.0035719605897366127,0.010027923244131978,0.025706289804983726,0.04438786655940786,1
AAPL,2025-06-16,0.0,0.0,0.0,0.0,0,0,0,44.24465618973213,-1.6246240805076297,-1.3054098660473166,-0.3192142144603132,200.31553477037028,204.22252026047738,206.3558775268449,194.21811539307697,0.267553979009893,4.814595626369678,0.010027923244131978,-0.015040956025721215,-0.06077820135105732,0.8187327262717068,0.005002765552660013,-0.014010625211583522,0.009475000863527363,0.04737430885935801,1
AAPL,2025-06-17,0.0,0.0,0.0,0.0,0,0,0,40.65238567960556,-1.8740047997202964,-1.4191288527819126,-0.45487594693838385,199.78062718528292,203.84904907877058,205.1240507671611,194.14226087834672,0.050697040668523874,4.698877460723485,-0.014010625211583522,-0.03468692182411409,-0.0629371255910715,0.7446389757547548,-0.00920259439514915,0.004804623021343448,0.030259579425812047,0.08587207599119547,1
AAPL,2025-06-18,0.0,0.0,0.0,0.0,0,0,0,42.35657068106424,-1.9734091574443937,-1.5299849137144088,-0.4434242437299849,199.3857541628006,203.52690834819992,204.07480542288076,194.16845019235362,0.147986845085821,4.5409558640410745,0.004804623021343448,-0.011067610560984318,-0.0496954765086643,0.8675334796653132,-0.006518638458309841,0.02248465420283751,0.02248465420283751,0.08632636825233404,1
AAPL,2025-06-20,0.0,0.0,0.0,0.0,0,0,0,49.67459656188967,-1.677901785166057,-1.5595682880047386,-0.11833349716131836,199.44741887516037,203.38990149699907,203.9552653974573,194.17951548633175,0.5987999089036014,4.580559252914491,0.02248465420283751,0.009036190018765423,-0.005393586934849355,1.786020984664723,-0.012775307319142488,0.0024875322078591372,0.00039803566576537803,0.04452736048956709,1
AAPL,2025-06-23,0.0,0.0,0.0,0.0,0,0,0,50.441057703851584,-1.387563808999687,-1.5251673922037283,0.13760358320404142,199.55060019694568,203.2777807619758,203.97015134757288,194.17856233650917,0.6487466345063639,4.490800133513558,0.0024875322078591372,0.025706289804983726,0.0006952790242062333,1.0211207148499926,0.008248370931189863,-0.005955263389374576,0.01821337837167406,0.04223310811119292,1
AAPL,2025-06-24,0.0,0.0,0.0,0.0,0,0,0,48.530697192737605,-1.239543266548111,-1.468042567072605,0.22849930052449396,199.53022007216217,203.1232250021618,203.71004127143047,194.93925529839376,0.5013636864294038,4.40034454232846,-0.005955263389374576,0.009475000863527363,0.025759320559857822,1.0116501438957417,0.009779392916648866,0.006290396214739381,0.03754358251904281,0.05411864182066308,1
AAPL,2025-06-25,0.0,0.0,0.0,0.0,0,0,0,50.64435939532668,-1.0094201974872021,-1.3763180931555243,0.3668978956683222,199.63120055450088,203.02390304665425,203.81142694475793,194.9722186851249,0.6356108246992596,4.32558835923306,0.006290396214739381,0.030259579425812047,0.006742838964414747,0.7513925942991458,0.019053032978921094,-0.0027782046113236825,0.053979111357913875,0.053830243650111444,1
AAPL,2025-06-26,0.0,0.0,0.0,0.0,0,0,0,49.66811354936343,-0.862076485391043,-1.2734697716026282,0.4113932862115852,199.66948942003205,202.90662189355322,203.84911711597908,194.99224946116937,0.5691610598552024,4.242667590821686,-0.0027782046113236825,0.02248465420283751,0.002893918471795617,0.9607171313081586,0.027180615977931866,0.00039803566576537803,0.06243782122996225,0.05054717317633224,1
AAPL,2025-06-27,0.0,0.0,0.0,0.0,0,0,0,49.81695344134526,-0.7304605398491617,-1.164867925251935,0.43440738540277324,199.71171461849627,202.79706236846903,203.9105123644577,195.04331453983917,0.5717183223308961,4.168513746275415,0.00039803566576537803,0.00039803566576537803,0.005651606400604131,1.3562028706315672,0.03471419102488364,0.020340085199727083,0.04411176676734838,0.03749745703184452,1
AAPL,2025-06-30,0.0,0.0,0.0,0.0,0,0,0,56.843064768210546,-0.2943210037140602,-0.9907585409443601,0.6964375372302999,200.1375671790115,202.85141939338814,204.5774234369138,194.80632442685575,0.9596507073972226,4.448684263462009,0.020340085199727083,0.01821337837167406,0.021508527553714445,1.670520232789441,0.029492649999213374,0.012916112786245451,0.023590074781703607,0.01920367066158058,1
AAPL,2025-07-01,0.0,0.0,0.0,0.0,0,0,0,60.683992257604345,0.261116987924936,-0.740383435170501,1.001500423095437,200.7740292868698,203.00706644900131,205.77960012717125,194.21320230202798,1.089986459058985,4.487767426595779,0.012916112786245451,0.03754358251904281,0.03034199914207741,1.3776994057132435,0.017914196508998646,0.02223084932525996,0.01597528969470163,0.011259771245526197,1
AAPL,2025-07-02,0.0,0.0,0.0,0.0,0,0,0,66.312982148493,1.0600890675940775,-0.3802889346175853,1.4403780022116628,201.787761058656,203.336915329065,208.04544977817503,192.85994420375854,1.2221041042013232,4.5596025178009745,0.02223084932525996,0.053979111357913875,0.04511252107120627,1.1660474313352158,0.02195618926766555,0.005224999393742732,-0.00014124350871682473,-0.011391429716306242,0
AAPL,2025-07-03,0.0,0.0,0.0,0.0,0,0,0,67.51632683523981,1.762104584960639,0.04818976929805957,1.7139148156625794,202.81015266495587,203.69714896027048,210.22025235081836,191.75298068140822,1.1246865598344165,4.435797806466306,0.005224999393742732,0.06243782122996225,0.05290404956728414,0.6044124818910624,0.022014588781298992,-0.016857890770172874,-0.011191853128745405,-0.011098228095996388,0
AAPL,2025-07-07,0.0,0.0,0.0,0.0,0,0,0,60.02705690392648,2.0062373551997723,0.43979928647840216,1.5664380687213701,203.3939653203767,203.90275823817655,211.2841063053453,191.6166444270766,0.8808224074373229,4.64711625690945,-0.016857890770172874,0.04411176676734838,0.04645369296075901,0.8721903944624493,0.009383519809463364,0.00028561822067516614,-0.0063348675362430605,0.012050372216555137,0
AAPL,2025-07-08,0.0,0.0,0.0,0.0,0,0,0,60.106438010208485,2.179406933170185,0.7877208158167588,1.391686117353426,203.9278603061407,204.10264468651857,212.11152779711023,191.3952928816007,0.8497958176810306,4.527012394165785,0.00028561822067516614,0.023590074781703607,0.029864612463581276,0.7464763582166777,0.0040300961254185015,0.0053807344154912585,-0.004285313259859903,0.02090389767405526,0
AAPL,2025-07-09,0.0,0.0,0.0,0.0,0,0,0,61.651903078868536,2.3799540651318694,1.106167465679781,1.2737865994520883,204.51801031744202,204.33879334292195,213.19238941233385,191.2787699504591,0.8599978432195201,4.49581378641671,0.0053807344154912585,0.01597528969470163,0.04810123903946242,0.8674904872934893,0.010378092853212697,0.006015083457903239,-0.0046413711996799,0.014255977267701786,0
AAPL,2025-07-10,0.0,0.0,0.0,0.0,0,0,0,63.36947474690761,2.610781112044805,1.4070901949527859,1.203690917092019,205.17232851963132,204.61524660164773,214.37392160623187,191.0665538576353,0.8719044467824145,4.41992730959532,0.006015083457903239,-0.00014124350871682473,0.04805846381409525,0.7981331948384867,0.00865491843487581,-0.005884918858686515,-0.011251775447832964,0.0063555564506331845,0
AAPL,2025-07-11,0.0,0.0,0.0,0.0,0,0,0,60.49739986993539,2.6626392920098567,1.6582000143642,1.0044392776456568,205.6458541981932,204.83207411313336,215.19033412857127,191.4821863182061,0.7871623703208938,4.2854863218634245,-0.005884918858686515,-0.011191853128745405,0.0622798859693718,0.7280015546496417,-0.002750537806523073,-0.012028736525215617,9.468473034456819e-05,0.012881262153264373,1
AAPL,2025-07-14,0.0,0.0,0.0,0.0,0,0,0,55.0387516826013,2.471279902926426,1.8208159920766454,0.6504639108497807,205.83354209821647,204.94127031059628,215.55718218566275,192.05280774353648,0.6621648001406277,4.236707173673151,-0.012028736525215617,-0.0063348675362430605,0.04728917378259511,0.7143662471276511,0.006654054205610822,0.002348828048059878,0.018502450324701096,0.026028195637922264,1
AAPL,2025-07-15,0.0,0.0,0.0,0.0,0,0,0,55.86608601638936,2.332093026289698,1.9230713989192558,0.4090216273704421,206.0497983543945,205.06530805481157,215.67975438209194,193.19014765648225,0.6631545546156884,4.166534040308234,0.002348828048059878,-0.004285313259859903,0.0644439471917655,0.7845366358721556,0.0029016334521091707,0.005021219990528158,0.025297619156730386,0.01032942549591339,1
AAPL,2025-07-16,0.0,0.0,0.0,0.0,0,0,0,57.66378236869541,2.279823728756469,1.9944218648866987,0.2854018638697702,206.34497659891647,205.22545950057875,215.9649500941987,194.07330674173878,0.6886583586901971,4.136203721367932,0.005021219990528158,-0.0046413711996799,0.05916750398555549,0.8772451577923954,0.00025631517273091357,-0.0006660927422884992,0.01898546706744098,-0.005281757959552923,1
AAPL,2025-07-17,0.0,0.0,0.0,0.0,0,0,0,57.328508348365254,2.2017778353872473,2.0358930589868085,0.16588477640043875,206.5987747492801,205.37386725262408,215.71701551276425,195.7523265282514,0.6640489446025032,3.997858962592837,-0.0006660927422884992,-0.011251775447832964,0.07350244055664222,0.8804238436698,0.0035472591696200863,0.005523129116119749,0.017807700141702933,-0.011665560639145197,1
AAPL,2025-07-18,0.0,0.0,0.0,0.0,0,0,0,59.433314490813714,2.207627248374365,2.0702398968643196,0.13738735151004544,206.93834340225044,205.56172522724543,215.46435029514677,197.45797026149384,0.7056540692925275,3.860865018085303,0.005523129116119749,9.468473034456819e-05,0.07427007043077427,0.8940961604393323,0.006350058320194343,0.006155885100793389,0.012785366843907832,-0.04167055098682061,1
AAPL,2025-07-21,0.0,0.0,0.0,0.0,0,0,0,61.71266677835915,2.290256861276731,2.114243289746802,0.1760135715299289,207.36878617858002,205.79295139691075,215.7778083176397,198.2869881301142,0.7530238309230534,3.912080187007715,0.006155885100793389,0.018502450324701096,0.057114303973842234,0.9785475261900932,0.006337864923050088,0.009036224345439289,0.0073890301499244734,-0.042968626820783874,1
AAPL,2025-07-22,0.0,0.0,0.0,0.0,0,0,0,64.85366988907914,2.4813224116838626,2.187659114134214,0.2936632975496485,207.94021362957835,206.09004249562258,216.30041333484405,199.0481782789255,0.830071934953389,3.825997215023922,0.009036224345439289,0.025297619156730386,0.06401984235566187,0.891816719028872,0.010801337150646281,-0.0011661022806002802,-0.01459887683454077,-0.05354487655878397,0
AAPL,2025-07-23,0.0,0.0,0.0,0.0,0,0,0,64.11606936010263,2.5828923886369353,2.2667057690347585,0.31618661960217675,208.4335232457718,206.36572571538676,216.39700277170516,200.3299244133534,0.7960401948004215,3.747483934879508,-0.0011661022806002802,0.01898546706744098,0.06914613321591914,0.90924465392346,0.016004026438778615,-0.001821145941549492,-0.023815084524054148,-0.00420261143564523,0
AAPL,2025-07-24,0.0,0.0,0.0,0.0,0,0,0,62.91402581468654,2.6020739911068347,2.333779413449174,0.26829457765766085,208.84288694055692,206.61537733599968,216.37299128974627,201.56806858574203,0.7540582060758864,3.6333503951768384,-0.001821145941549492,0.017807700141702933,0.06052792125301425,0.8849762236165726,0.010158550981709617,0.0005614135657658658,-0.028957592654039417,0.0293320118201692,0
AAPL,2025-07-25,0.0,0.0,0.0,0.0,0,0,0,63.14300941698642,2.5969762699973558,2.3864187847588103,0.21055748523854545,209.22463795412366,206.85992224764706,215.95102118749938,203.2718425820319,0.755524494058716,3.5046226100567197,0.0005614135657658658,0.012785366843907832,0.0640795467183874,0.7822553480312915,0.015169344601831992,0.0007948717011265199,-0.053768468239649515,0.07233031392485753,0
AAPL,2025-07-28,0.0,0.0,0.0,0.0,0,0,0,63.48695152768474,2.576883752340393,2.424511778275127,0.15237197406526626,209.5861450095531,207.10151204327397,215.03216882165626,205.48145575109763,0.7893658022535717,3.3815352046337024,0.0007948717011265199,0.0073890301499244734,0.06450164381731621,0.7615573846502954,0.012993587513907329,-0.012987635336218759,-0.049988291974167993,0.06254521235579591,0
AAPL,2025-07-29,0.0,0.0,0.0,0.0,0,0,0,54.526393457887814,2.311075559727243,2.40182453456555,-0.09074897483830702,209.64973405207706,207.2251323535791,214.4407665253399,206.67992439262886,0.46050486562047543,3.4236254779523927,-0.012987635336218759,-0.01459887683454077,0.029731459042840826,1.0781245363570686,0.010177295534099485,-0.010507943315991973,-0.03952299100201427,0.08823127911318476,0
AAPL,2025-07-30,0.0,0.0,0.0,0.0,0,0,0,48.62438753851502,1.9002409603891124,2.3015078197302623,-0.4012668593411499,209.49685410701318,207.25726420751351,214.29730433238421,206.9457941173228,0.14945235461041484,3.511047656046165,-0.010507943315991973,-0.023815084524054148,0.005918541899574471,0.9889202902540015,0.0003940829179650726,-0.007079517373843404,0.020090940535427877,0.11741129278551524,1
AAPL,2025-07-31,0.0,0.0,0.0,0.0,0,0,0,45.118256805454564,1.4392141573726747,2.129049087258745,-0.6898349298860702,209.21826228869273,207.23037698426393,214.43257736858592,206.32586379352344,0.03031761500505513,3.450765858085902,-0.007079517373843404,-0.028957592654039417,-0.022924102941329308,1.7294894186685628,-0.003688271283699722,-0.025003695187407127,0.06002786699452699,0.12272572387447103,1
AAPL,2025-08-01,0.0,0.0,0.0,0.0,0,0,0,35.4615093270084,0.6495823953923434,1.8331557488854646,-1.1835733534931212,208.47429308913718,207.00199301207158,215.33490049239165,204.3119119465732,-0.2635697425555197,4.062989634751493,-0.025003695187407127,-0.053768468239649515,-0.05230630980307942,2.083099793394031,-0.024140594768136514,0.004793027431132761,0.13326419373270657,0.14563121212796176,1
AAPL,2025-08-04,0.0,0.0,0.0,0.0,0,0,0,38.12697611957687,0.10053014466561194,1.486630628041494,-1.386100483375882,207.89311593620968,206.820422030555,215.88983718824252,203.10014999437468,-0.05693782810617831,4.213504045152634,0.004793027431132761,-0.049988291974167993,-0.031436042551053436,1.4618905938596205,-0.009058969726764033,-0.0021147362212083306,0.11845486048147101,0.13671999262289045,1
AAPL,2025-08-05,0.0,0.0,0.0,0.0,0,0,0,37.38972685218239,-0.36492415937971145,1.116319670557253,-1.4812438299369644,207.32653058290995,206.62918860686904,216.3359969487867,201.94840093939692,-0.00030798841109570287,4.138589268604883,-0.0021147362212083306,-0.03952299100201427,-0.03376027550528345,0.8583221535933724,-0.011475766560067767,0.0509068653378266,0.1330112734801203,0.1375009444939779,1
AAPL,2025-08-06,0.0,0.0,0.0,0.0,0,0,0,58.2661433099738,0.09464600660155043,0.9119849377661124,-0.817338931164562,207.79298521303463,206.84860490460824,216.55564995630786,201.93873480931714,0.7036757952322906,4.728696777886335,0.0509068653378266,0.020090940535427877,0.009993453498965015,1.9930685525804719,-0.002647874857444382,0.03179367590592459,0.09540360411298782,0.06103859183114122,1
AAPL,2025-08-07,0.0,0.0,0.0,0.0,0,0,0,66.22601340266982,0.9918829084147092,0.9279645318958318,0.06391837651887733,208.85762423524932,207.32402020036042,218.04269835331277,201.21002076289815,1.0551900663448404,4.931179435669454,0.03179367590592459,0.06002786699452699,0.03587398952773611,1.5907262525506614,0.0002688794317876606,0.042357881023061934,0.0591473666232095,0.023293357338952454,1
AAPL,2025-08-08,0.0,0.0,0.0,0.0,0,0,0,73.66243639997933,2.4234429437983067,1.2270602142763267,1.19638272952198,210.70421925553435,208.14452419047345,222.22972403164735,198.83324746493466,1.257181798269391,5.414201227207555,0.042357881023061934,0.13326419373270657,0.08614328181341589,1.8842618934367954,0.02486641942518788,-0.008337463123530632,0.010912740792172311,-0.005805572485856931,1
AAPL,2025-08-11,0.0,0.0,0.0,0.0,0,0,0,70.2450152169358,3.3656117226394997,1.6547705159489614,1.7108412066905383,212.19370999979893,208.85822410732987,224.9455593869801,197.99014160178945,1.0518750143097626,5.369068065622045,-0.008337463123530632,0.11845486048147101,0.09020134701713023,1.0038027049973717,0.007525693304165662,0.010872493338129629,0.016330683326421132,-8.790810528910171e-05,1
AAPL,2025-08-12,0.0,0.0,0.0,0.0,0,0,0,72.0507985731675,4.261736480601542,2.1761637088794776,2.085572771722064,213.77571802948697,209.64044254671,227.83958760113373,197.16616953997956,1.0314672042243664,5.251010912387194,0.010872493338129629,0.1330112734801203,0.09947208303310694,0.8937593325539823,0.02344066003741386,0.01602446050007099,0.003962600477987558,-0.0014805650248540326,1
AAPL,2025-08-13,0.0,0.0,0.0,0.0,0,0,0,74.53082401886407,5.207743937581512,2.7824797546198843,2.4252641829616275,215.55624656955442,210.53576902331727,231.19819570609837,196.13977121284694,1.0363128695170543,5.25667623248461,0.01602446050007099,0.09540360411298782,0.11150939679575102,1.1029177045212306,0.01913778353734772,-0.002357167138259812,-0.031372009506645676,-0.012171586172240052,0
AAPL,2025-08-14,0.0,0.0,0.0,0.0,0,0,0,73.48137864605167,5.845857365502951,3.3951552767964976,2.4507020887064535,217.11501299791902,211.37449549563357,233.90196799323815,195.727342614672,0.9481678233582275,5.1850760795129975,-0.002357167138259812,0.0591473666232095,0.10962849886148521,0.8169328640878497,0.020087039249260853,-0.005112134913885978,-0.03385176644357562,-0.0009451735521149788,0
AAPL,2025-08-15,0.0,0.0,0.0,0.0,0,0,0,71.14709938170424,6.184604700220632,3.9530451614813247,2.2315595387393072,218.41240898844458,212.13383570750824,236.00457827744543,195.6820748597616,0.8693804468326221,5.16627219158683,-0.005112134913885978,0.010912740792172311,0.09789212829089042,0.8769273405652499,0.009824650506321893,-0.0030226912135892284,-0.01653784011558547,0.002374811065266535,0
AAPL,2025-08-18,0.0,0.0,0.0,0.0,0,0,0,69.7435431489766,6.323888272281465,4.427213783641353,1.8966744886401123,219.5198197674469,212.8360469412518,237.7363884389813,195.80848765965152,0.8164428428812083,5.011461063403283,-0.0030226912135892284,0.016330683326421132,0.08787669546015327,0.592898951262879,0.011605249743006443,-0.0014291668910864188,-0.01615477295044626,-0.005067287453710939,0
AAPL,2025-08-19,0.0,0.0,0.0,0.0,0,0,0,69.05201778788368,6.334720138069713,4.808715054527025,1.526005083542688,220.49045181805465,213.49782770037243,239.22248773189625,195.9566565552131,0.7801722242610281,4.904002003558395,-0.0014291668910864188,0.003962600477987558,0.07659359683554769,0.6268476567187745,-0.004481182758013442,-0.019734668405253758,-0.005421681544960035,0.03430771264423553,0
AAPL,2025-08-20,0.0,0.0,0.0,0.0,0,0,0,60.18988832977934,5.909386972283443,5.028849438078309,0.8805375342051338,220.93690182394303,213.95588060937285,239.96519361468984,196.4197719004469,0.6604231592509654,4.894600887745122,-0.019734668405253758,-0.031372009506645676,0.056579458911450754,0.6749042849352421,-0.010513499982009721,-0.004911204146943911,0.01982228835306134,0.0609265516937847,1
AAPL,2025-08-21,0.0,0.0,0.0,0.0,0,0,0,58.22666322265606,5.420585672081216,5.107196684878891,0.3133889872023259,221.23550935345216,214.35260218876175,240.52451258691704,196.99449681249703,0.6220485701547581,4.739980916169065,-0.004911204146943911,-0.03385176644357562,0.05330861019191923,0.49507214763234475,-0.014574693858804753,0.012716821971234067,0.03405956948275976,0.06576255272373116,1
AAPL,2025-08-22,0.0,0.0,0.0,0.0,0,0,0,61.69366664027153,5.203158162928247,5.126388980488763,0.0767691824394845,221.77705781393067,214.8455106593388,241.32804371659915,197.59801524336177,0.670563316990768,4.699596159509433,0.012716821971234067,-0.01653784011558547,0.06610482255858505,0.6855410563607222,0.0029061269492466953,-0.0026343597790276668,0.019230685177632854,0.04443270689091147,1
AAPL,2025-08-25,0.0,0.0,0.0,0.0,0,0,0,60.558141269076955,4.9258264880461695,5.086276482000244,-0.16044999395407444,222.2100975087349,215.2956465005167,241.9781980527989,198.2782121644863,0.6417796682261503,4.582389906176851,-0.0026343597790276668,-0.01615477295044626,0.06245180601939371,0.5028197608841954,-0.001290155848984711,0.009464570997699087,0.011269542395388249,0.03165165535267194,1
AAPL,2025-08-26,0.0,0.0,0.0,0.0,0,0,0,63.17378323747661,4.823285589436608,5.033678303487517,-0.21039271405090876,222.80590097795508,215.8121322822826,242.68387407169345,199.39375654354095,0.6715684560823748,4.596671833450549,0.009464570997699087,-0.005421681544960035,0.08662008194237762,0.8834228733179775,0.008361779665422715,0.005146015261057588,0.03994596850945885,-0.010989497587283565,1
AAPL,2025-08-27,0.0,0.0,0.0,0.0,0,0,0,64.56285766996177,4.781768273334194,4.983296297456853,-0.20152802412265913,223.4569317069891,216.35446919798966,243.21075342759417,201.02660008803082,0.6783382213326147,4.456215509001345,0.005146015261057588,0.01982228835306134,0.10381062494554218,0.511911885552536,0.01335203570600667,0.008980783797791332,0.04030531967202222,-0.0019957740302196706,1
AAPL,2025-08-28,0.0,0.0,0.0,0.0,0,0,0,66.9200259233335,4.85926633533893,4.958490305033269,-0.09922396969433933,224.24237500191498,216.9564149668415,243.5889886071596,203.16160953737165,0.7060184811156744,4.427559266506055,0.008980783797791332,0.03405956948275976,0.12166455321398574,0.6460671845594502,0.021036750227382207,-0.0018059976322622932,0.030658759104980133,0.006493004031160044,1
AAPL,2025-08-29,0.0,0.0,0.0,0.0,0,0,0,65.96130622324563,4.831226747974142,4.933037593621444,-0.10181084564730192,224.91316112291935,217.51834493961087,242.63594659479483,207.10255590764658,0.6805731988183418,4.254348755171131,-0.0018059976322622932,0.019230685177632854,0.14835186980723794,0.7079170500174458,-0.0004027965094411887,-0.01042471615602405,0.02472651390875891,0.019643365494455396,1
AAPL,2025-09-02,0.0,0.0,0.0,0.0,0,0,0,60.576313821301284,4.561864267834721,4.8588029284641,-0.2969386606293787,225.29043551467257,217.96368601007038,240.70693441094912,211.68182901678526,0.5923393898510991,4.318392841670175,-0.01042471615602405,0.011269542395388249,0.13095990566589008,0.8142463742050234,-0.0034243045708078467,0.038089813795399614,0.02015497560522262,0.03669683607250951,1
AAPL,2025-09-03,0.0,0.0,0.0,0.0,0,0,0,70.08570567194819,4.994274365801687,4.885897215931617,0.10837714987006919,226.46204460209586,218.73343679134672,238.28564462636564,217.66795492197423,0.9663728718547558,4.659678710171753,0.038089813795399614,0.03994596850945885,0.1765260000302238,1.2024397864171028,-0.0022008784383165773,0.0054933413722859465,-0.048978954329471136,0.002180677215394329,0
AAPL,2025-09-04,0.0,0.0,0.0,0.0,0,0,0,71.20553510539355,5.3802589850402,4.984769569753334,0.39548941528686576,227.64637432702645,219.52418463144556,237.8767793842284,220.7441404155763,1.0595779395985891,4.5517272527394,0.0054933413722859465,0.04030531967202222,0.12568401444544178,0.9109517611906642,0.003850630504002373,-0.0003753100891029329,-0.04066219109172506,-0.007923858805994001,0
AAPL,2025-09-05,0.0,0.0,0.0,0.0,0,0,0,71.00888086415017,5.614202678212678,5.110656191445203,0.5035464867674744,228.70937163581783,220.28040664861774,238.43302124957447,222.17151366253492,1.0230498198125375,4.4280028973379535,-0.0003753100891029329,0.030658759104980133,0.09058774070279918,1.0880556179358152,-0.002588871873618394,-0.007551382827052739,-0.0234469021490736,0.02423965581698898,0
AAPL,2025-09-08,0.0,0.0,0.0,0.0,0,0,0,67.00087852441905,5.589657036651204,5.206456360486404,0.38320067616480014,229.49938544207924,220.93625409775285,239.312272671686,222.16802670575538,0.8653918011495215,4.38285807097708,-0.007551382827052739,0.02472651390875891,0.03836917710445652,1.038409902716733,0.005859932011701113,-0.014839436818485935,-0.004960492722018232,0.07650907191761595,0
AAPL,2025-09-09,0.0,0.0,0.0,0.0,0,0,0,59.899799985604304,5.226166840153979,5.210398456419918,0.015768383734060976,229.87920616681055,221.42845993908637,239.50061134259403,222.6940511329919,0.642216597813946,4.455514664326272,-0.014839436818485935,0.02015497560522262,0.03156096481033152,1.3986603515867568,0.015712144211261773,-0.032259525441291785,0.01621504659865348,0.08568376463557938,1
AAPL,2025-09-10,0.0,0.0,0.0,0.0,0,0,0,48.13385700942039,4.280964673045219,5.024511699744979,-0.7435470266997601,229.50550148490822,221.60598335350792,239.6018712860679,222.30784245904928,0.2109088971846853,4.7350565332474375,-0.032259525441291785,-0.048978954329471136,-0.012453791946369148,1.7097413958966785,0.013157419201332739,0.014286469658345537,0.05379442629347361,0.11252712769344729,1
AAPL,2025-09-11,0.0,0.0,0.0,0.0,0,0,0,52.445142560144255,3.7491482833254963,4.7694390164610825,-1.0202907331355862,229.4748261667771,221.9031373649206,239.44092425119527,222.1400037883555,0.4071116835259785,4.667268049180196,0.014286469658345537,-0.04066219109172506,-0.014143068466870584,1.0499569476369193,0.013110259965364317,0.017562925755690968,0.03412596895663607,0.11668032866561685,1
AAPL,2025-09-12,0.0,0.0,0.0,0.0,0,0,0,57.220202403886326,3.610850773383021,4.537721367845471,-0.92687059446245,229.83041813852375,222.34648656120282,239.55683551695867,222.15261730286554,0.6352439639201416,4.724590689265357,0.017562925755690968,-0.0234469021490736,0.005541693463361037,1.162639146417747,0.01571275364772952,0.011235933001189842,0.04883150549724851,0.09138286216786605,1
AAPL,2025-09-15,0.0,0.0,0.0,0.0,0,0,0,60.033636842071296,3.670376748088131,4.364252443894003,-0.6938756958058718,230.4016980702715,222.87520698711154,240.07662405774104,222.14194741442694,0.7631534306223706,4.680322589949635,0.011235933001189842,-0.004960492722018232,0.02206482584145724,0.9018205795329736,0.01861805663018777,0.006125867664642763,0.08187570849573737,0.07490488687361213,1
AAPL,2025-09-16,0.0,0.0,0.0,0.0,0,0,0,61.53557804130727,3.7904294958646005,4.249487854288123,-0.4590583584235226,231.05615671062137,223.43984646973246,240.81230533819883,222.12959529656678,0.8105846776849951,4.694725269649808,0.006125867664642763,0.01621504659865348,0.03144359520177746,1.30374421154881,0.014869370976557755,0.003527276634912881,0.06836025334346583,0.06920012704858283,1
AAPL,2025-09-17,0.0,0.0,0.0,0.0,0,0,0,62.41675173263409,3.9080557313379813,4.181201429698095,-0.27314569836011326,231.7279935110607,224.01516398524237,241.62500942293156,222.1567898934747,0.8194716110335935,4.528051175589368,0.003527276634912881,0.05379442629347361,0.036563203906905435,0.9491307508830858,0.010686740777298712,-0.004644594748566563,0.05573449615458212,0.0688730766662527,1
AAPL,2025-09-18,0.0,0.0,0.0,0.0,0,0,0,60.44617519536244,3.867454732611492,4.118452090280774,-0.25099735766928255,232.23051951967994,224.52455036235298,241.94646283870856,223.0179704498657,0.7389149576403129,4.528423043167634,-0.004644594748566563,0.03412596895663607,0.052519919494633055,0.9012155012094928,0.007040281577481008,0.03203293157342544,0.07983008084815103,0.08092309150308956,1
AAPL,2025-09-19,0.0,0.0,0.0,0.0,0,0,0,67.9311068123344,4.397196873297304,4.174201046884081,0.22299582641322324,233.40822871442023,225.31168431145494,243.53664300103887,223.48020880560173,1.05284204824681,4.804179125606602,0.03203293157342544,0.04883150549724851,0.09159627018438997,2.936752091683378,0.01236697836076826,0.043095660015793014,0.0405702502714619,0.050997905535626796,1
AAPL,2025-09-22,0.0,0.0,0.0,0.0,0,0,0,75.0038458589568,5.603007680099552,4.4599623735271745,1.1430453065723771,235.47768428514507,226.48132462108538,248.2417698765024,221.59665633199373,1.258799510049377,5.253810123542203,0.043095660015793014,0.08187570849573737,0.12434128397553852,1.7912267956609567,0.011769910628532202,-0.006443273998468484,-0.006443273998468484,0.0023821382512159185,0
AAPL,2025-09-23,0.0,0.0,0.0,0.0,0,0,0,72.32484376377039,6.352740318259038,4.8385179624735475,1.5142223557854901,237.19348495404495,227.5406291970661,251.255494792905,221.29989308551293,1.074713789345665,5.146120562153792,-0.006443273998468484,0.06836025334346583,0.12004745297581614,0.9983883390614935,0.007649694430177569,-0.008332291977418107,0.0007861334250208091,0.00805738605459498,1
AAPL,2025-09-24,0.0,0.0,0.0,0.0,0,0,0,68.91870856363508,6.699248583044124,5.210664086587663,1.4885844964564612,238.5447157861746,228.47556172625593,253.3138184902475,221.53310686375642,0.9391955151428867,5.113020130673726,-0.008332291977418107,0.05573449615458212,0.10030101350787264,0.7079059146472824,0.005693222085840866,0.018072926138357072,0.012444966570218808,0.022789357536833216,1
AAPL,2025-09-25,0.0,0.0,0.0,0.0,0,0,0,71.97588899724522,7.256805027987525,5.619892274867635,1.6369127531198897,240.19994345637153,229.5519948477064,256.11411046961723,221.3611031534297,0.9945471151704683,5.136369522073663,0.018072926138357072,0.07983008084815103,0.11445168706560885,0.9056047913856464,-0.0036021793292102294,-0.0054891182025097966,0.0010122061556944422,-0.01101728894857734,1
AAPL,2025-09-26,0.0,0.0,0.0,0.0,0,0,0,69.69318291430113,7.49887451695156,5.995688723284421,1.5031857936671384,241.5637398803555,230.53112469321607,258.2266566956633,221.5301288878328,0.8989863344327316,5.041339419252561,-0.0054891182025097966,0.0405702502714619,0.098469215491461,0.7509647771191684,-0.002832621105934132,-0.0040319636263572226,0.01002109685669425,-0.03988882633971635,1
AAPL,2025-09-29,0.0,0.0,0.0,0.0,0,0,0,67.99666360302847,7.521209567117495,6.300792892051036,1.220416675066459,242.6999162068544,231.43161358009363,259.80459440179425,222.17298738531517,0.8322951477879519,4.855599933791464,-0.0040319636263572226,-0.006443273998468484,0.09601963643824672,0.6536349717521388,-0.0047387652742306155,0.0007861334250208091,0.008882645568916213,-0.026608449453546977,1
AAPL,2025-09-30,0.0,0.0,0.0,0.0,0,0,0,68.15875809110247,7.468893711025032,6.534413055845836,0.934480655179196,243.74686429132063,232.30460407082526,260.9594348792573,223.49997979359426,0.8060152298294259,4.708746775313494,0.0007861334250208091,0.0007861334250208091,0.10843638883959102,0.6173640611306368,0.004478066207344515,0.0032203144758191017,0.00726554094498646,-0.026941090397122197,1
AAPL,2025-10-01,0.0,0.0,0.0,0.0,0,0,0,68.85520254818589,7.407961368677292,6.709122718412128,0.6988386502651638,244.77190977966586,233.175397711928,262.4094899182024,223.74167585328203,0.7957048209139995,4.668456997379904,0.0032203144758191017,0.012444966570218808,0.07120394383068722,0.8093711393980231,0.011117935534703312,0.0065766135155747845,0.010217237783953136,-0.023918560906623598,1
AAPL,2025-10-02,0.0,0.0,0.0,0.0,0,0,0,70.28903461481785,7.409324675325621,6.8491631097948265,0.5601615655307945,245.8587426373316,234.077682303035,263.98196846680185,223.89781211181145,0.8054514703369896,4.6217933999551395,0.0065766135155747845,0.0010122061556944422,0.07235800954588054,0.7111981146246936,0.01697425076934213,0.0034612620026192946,-0.012017331087769723,-0.03764628704125711,0
AAPL,2025-10-03,0.0,0.0,0.0,0.0,0,0,0,71.04941993053433,7.396691443493694,6.9586687765346005,0.4380226669590934,246.926517008553,234.97935646900055,265.5306384082721,224.17539491692318,0.7954246146589448,4.668131301477699,0.0034612620026192946,0.01002109685669425,0.07647373303018669,0.8239890793233693,0.011166281482462325,-0.005154574923412351,-0.04941473336719026,-0.02220750973267984,0
AAPL,2025-10-06,0.0,0.0,0.0,0.0,0,0,0,68.23886281425283,7.1967957666985285,7.006294174567387,0.1905015921311417,247.7663996776603,235.7937066088115,266.6577427485779,224.92236741987918,0.7385321773566411,4.620779717005178,-0.005154574923412351,0.008882645568916213,0.07907346535561185,0.7514290941743511,0.01194847810529037,-0.0008179935673845023,-0.03517861584629549,0.02162134200704835,0
AAPL,2025-10-07,0.0,0.0,0.0,0.0,0,0,0,67.78298350468889,6.941479418747605,6.99333122340343,-0.05185180465582562,248.50636990227673,236.56791760596136,267.36992207138485,226.4150464955097,0.7110518621078935,4.430920524423734,-0.0008179935673845023,0.00726554094498646,0.09443153786045427,0.5536254848107103,0.00441320649248421,0.006160157159454757,-0.033959894339299065,0.024524128859622425,0
AAPL,2025-10-08,0.0,0.0,0.0,0.0,0,0,0,69.43752554316727,6.787912682018373,6.95224751512642,-0.16433483310804675,249.32578510131586,237.37349846424473,266.96580632033135,229.93465449509836,0.7338571353476434,4.285935761736017,0.006160157159454757,0.010217237783953136,0.13788090617587936,0.6591008108078853,0.0069712506914078355,-0.015577826342304582,-0.033790552580015544,0.0015114561587506118,0
AAPL,2025-10-09,0.0,0.0,0.0,0.0,0,0,0,60.87160390822351,6.270737122210164,6.815945436543169,-0.5452083143330047,249.68571137607893,237.9904205239343,265.9924246247099,233.30019622489948,0.6057958031867752,4.329933208537026,-0.015577826342304582,-0.012017331087769723,0.10437753882151544,0.69956897153655,0.002899008920579202,-0.034522040405148696,-0.025940693860252516,0.021807759944391828,0
AAPL,2025-10-10,0.0,0.0,0.0,0.0,0,0,0,47.19369977414703,5.097056589205778,6.472167667075691,-1.3751110778699136,249.17919691838688,238.24049460418442,264.9515804824705,235.45691713715846,0.3021018524210512,4.901683790963369,-0.034522040405148696,-0.04941473336719026,0.04784888070870946,1.12545175290727,-0.02419284978471151,0.009744389834039094,0.028621549890926273,0.0715538122852931,1
AAPL,2025-10-13,0.0,0.0,0.0,0.0,0,0,0,50.460634738311924,4.309374299254586,6.039608993511471,-1.7302346942568851,248.94770386877488,238.57414265490115,264.06749284300605,237.43297102418143,0.34975468816922817,4.866116229655249,0.009744389834039094,-0.03517861584629549,0.04630333452386498,0.6952725064143408,-0.012760368297489572,0.00044413082231421595,0.05887095662081128,0.08539933217120545,1
AAPL,2025-10-14,0.0,0.0,0.0,0.0,0,0,0,50.612070332368376,3.6518767337609006,5.562062541561358,-1.910185807800457,248.74869478798752,238.89900406139554,263.19341302965535,239.26551031018843,0.31731147937768506,4.813874742598249,0.00044413082231421595,-0.033959894339299065,0.040394709773152425,0.6635965801151159,-0.010297088638399997,0.006336531753155332,0.06053995362741455,0.0856843263294382,1
AAPL,2025-10-15,0.0,0.0,0.0,0.0,0,0,0,52.82860473241793,3.219907905734658,5.093631614396018,-1.8737237086613598,248.71761269043364,239.27246793207306,262.1962305566136,241.2938817480739,0.3410358845741602,4.779597723073471,0.006336531753155332,-0.033790552580015544,0.04330717088056077,0.6415295438023327,-0.011795988102344414,-0.007580000400476493,0.036536600664618994,0.08165555999573972,1
AAPL,2025-10-16,0.0,0.0,0.0,0.0,0,0,0,49.92386395861556,2.6945625552458523,4.613817802565985,-1.919255247320133,248.51015351818623,239.55744140069123,260.6051846143097,243.83840516840516,0.16108556936320295,4.737804674041137,-0.007580000400476493,-0.025940693860252516,0.04023035053084122,0.7560894453983543,-0.015674406889242192,0.01955951647312136,0.04902006839180479,0.0967872587321602,1
AAPL,2025-10-17,0.0,0.0,0.0,0.0,0,0,0,56.517458498066055,2.636936001582427,4.218441442369274,-1.581505440786847,248.78170848911046,240.02034490313045,260.1982698394211,244.92182140813756,0.4215416517602194,4.8342124644613325,0.01955951647312136,0.028621549890926273,0.02765785931941823,1.0483767406993711,0.017411468502946,0.03943866246963406,0.04173766571283609,0.07166343738621689,1
AAPL,2025-10-20,0.0,0.0,0.0,0.0,0,0,0,66.3320010309627,3.3525458318271717,4.0452623202608535,-0.6927164884336818,249.97153066239457,240.8538545660898,261.3419735565968,244.391850601118,0.9960394241281078,5.34930436894008,0.03943866246963406,0.05887095662081128,0.02405498528410188,1.9615881399822575,0.012457784890383189,0.002021035212009549,0.025053454705240487,0.025968602996640524,1
AAPL,2025-10-21,0.0,0.0,0.0,0.0,0,0,0,66.76234993846322,3.917126453793884,4.01963514696746,-0.1025086931735757,251.09832650053704,241.6753852483173,262.6112571353765,243.953496587768,0.9566737835217056,5.213446032818621,0.002021035212009549,0.06053995362741455,0.03277911528809202,1.0274474676859693,0.013681015505875757,-0.016440027383920537,0.023709029175205686,0.027666945222950132,1
AAPL,2025-10-22,0.0,0.0,0.0,0.0,0,0,0,60.0272781471152,3.971479330037795,4.010003983581527,-0.0385246535437318,251.70789924639365,242.29591289865903,263.0479923252814,244.1285045619256,0.7066964992573401,5.36910743056473,-0.016440027383920537,0.036536600664618994,0.024335258810386843,0.9875233730403665,0.003953889667641416,0.004372151630499322,0.04352857323339167,0.04523104695793485,1
AAPL,2025-10-23,0.0,0.0,0.0,0.0,0,0,0,61.13182210569389,4.058613788544875,4.019725944574197,0.038887843970678126,252.36663877594097,242.9362560911289,263.38737233211054,244.05913035343636,0.753588141605178,5.171341179996319,0.004372151630499322,0.04902006839180479,0.010550208603185913,0.736699640757858,0.01683225140375112,0.012481631904607325,0.04553505865105581,0.03925559786623885,1
AAPL,2025-10-24,0.0,0.0,0.0,0.0,0,0,0,64.18751200060157,4.338138406927925,4.083408437044943,0.25472996988298213,253.27007528946743,243.67807829022067,264.3830151106001,243.79677920092334,0.8770881207359532,5.15423067691644,0.012481631904607325,0.04173766571283609,0.02881078835338404,0.8680105952851574,0.019356103225263835,0.022791271725411084,0.02872678281523334,0.02149750768904444,1
AAPL,2025-10-27,0.0,0.0,0.0,0.0,0,0,0,69.03440613939992,4.983778007015559,4.263482351039066,0.7202956559764928,254.65584704389317,244.62484693417036,266.70294767180064,242.9095553799572,1.0469765313590875,5.234415142669969,0.022791271725411084,0.025053454705240487,0.05651853890421428,1.013081667947981,0.0207657427811686,0.0007068182263614142,0.0008927810420025278,0.003277936469085733,1
AAPL,2025-10-28,0.0,0.0,0.0,0.0,0,0,0,69.17690655829098,5.447926705121233,4.5003712218555,0.9475554832657336,255.92766915857447,245.54191094647925,268.71685381575367,242.32736005143386,0.9732137882590788,4.984358119898833,0.0007068182263614142,0.023709029175205686,0.0564348067510581,0.9333642995591508,0.023492114946741593,0.002602209868630134,0.0038662509902186834,0.024226069444718043,1
AAPL,2025-10-29,0.0,0.0,0.0,0.0,0,0,0,69.72959587326152,5.805125836515856,4.761322144787571,1.043803691728285,257.1447861397519,246.45036139802664,270.6073483797177,241.8566210416691,0.9339164224807005,4.934346279236571,0.002602209868630134,0.04352857323339167,0.05578391560399356,1.1449607435080478,0.029335197804730533,0.00630334750557751,0.0016314586569182706,0.01496160592317732,1
AAPL,2025-10-30,0.0,0.0,0.0,0.0,0,0,0,71.08560086814805,6.153941872658038,5.039846090361665,1.1140957822963733,258.40729732305675,247.38960814965122,272.5883800931027,241.2973392062137,0.9301005506158776,4.984691045434951,0.00630334750557751,0.04553505865105581,0.05549729076673577,1.5198813437125283,0.012013267884981249,-0.003795269005547652,-0.0060059782145600055,0.006685962030380887,0
AAPL,2025-10-31,0.0,0.0,0.0,0.0,0,0,0,69.06678267448446,6.275234690798243,5.286923810448981,0.9883108803492622,259.4518317158385,248.25177678877338,274.11635350433113,240.9998192861962,0.8568254447813248,5.209353904573203,-0.003795269005547652,0.02872678281523334,0.047864461170305336,1.8014482944251795,0.007102206382798919,-0.004882134417416262,-0.007027400517759566,0.008522040128122325,0
AAPL,2025-11-03,0.0,0.0,0.0,0.0,0,0,0,66.4618964872021,6.193841813012568,5.468307410961699,0.7255344020508696,260.2716366891441,249.0285613827645,275.3219780444982,241.02564463616582,0.7882515888072462,5.1646197951753035,-0.004882134417416262,0.0008927810420025278,0.048151421050524494,1.0433591464318697,-0.002772857483747014,0.003679735712961033,0.0023830279049471053,-0.004946046595185696,1
AAPL,2025-11-04,0.0,0.0,0.0,0.0,0,0,0,67.45339334955827,6.138173687204187,5.602280666210197,0.5358930209939903,261.1073068231021,249.81356576366406,276.5830273018281,241.11560398479298,0.787499245751382,5.071129257726384,0.003679735712961033,0.0038662509902186834,0.0528695818123723,1.0061297080525402,-0.01720377173804779,0.0003702315251463089,0.02028140545059298,-0.008668340497305783,1
AAPL,2025-11-05,0.0,0.0,0.0,0.0,0,0,0,67.55769738754469,6.032554408440319,5.688335414656221,0.34421899378409826,261.8728759323974,250.57169190903815,277.71675904877986,241.18542753569284,0.7653801210337416,5.048367438944707,0.0003702315251463089,0.0016314586569182706,0.046810867861176775,0.885457892958234,-0.014271429414273076,-0.001369712504375313,0.01330843510459762,-0.004885043363079603,1
AAPL,2025-11-06,0.0,0.0,0.0,0.0,0,0,0,66.70565824168906,5.851649038301218,5.720998139385221,0.1306508989159969,262.5304239509265,251.28563066268188,278.687851631124,241.78154686741118,0.7314626439134778,5.079891219958332,-0.001369712504375313,-0.0060059782145600055,0.061919434465371195,1.0245305885526406,-0.014003585106076738,-0.004818963020289217,0.012768628348632592,-0.012091348427421877,1
AAPL,2025-11-07,0.0,0.0,0.0,0.0,0,0,0,63.66746189831581,5.539905646952661,5.68477964089871,-0.1448739939460486,263.0019933914261,251.9207786004658,278.57546806084343,244.2053897882776,0.6772318963984892,5.109877791136989,-0.004818963020289217,-0.007027400517759566,0.09458954860412107,0.978453288915223,-0.016259605096034493,0.004548624750665927,0.015659486126797195,0.012229192363540402,1
AAPL,2025-11-10,0.0,0.0,0.0,0.0,0,0,0,65.2677542154276,5.329586100863196,5.6137409328916075,-0.2841548320284115,263.5445252475626,252.5787315134224,278.5600265192811,246.41583712817987,0.6932120913538492,5.191529268028513,0.004548624750665927,0.0023830279049471053,0.08895720222565073,0.835473296135764,-0.0027804775425600207,0.021601267048393956,-0.007311650632643987,0.024088116423984195,0
AAPL,2025-11-11,0.0,0.0,0.0,0.0,0,0,0,71.6768877316957,5.567085283310917,5.60440980297547,-0.03732451966455308,264.5881711875269,253.43849920376613,279.0584223330951,248.6819112240338,0.8500283755579596,5.282308731421826,0.021601267048393956,0.02028140545059298,0.11198619021413711,0.9244541523591054,0.011492287619251076,-0.006466658691784285,-0.028374275756906018,0.006248868804439134,0
AAPL,2025-11-12,0.0,0.0,0.0,0.0,0,0,0,67.57022855374976,5.548112881514783,5.593150418683332,-0.04503753716854941,265.36336361256156,254.19493812324163,278.96850485541347,251.20236459038736,0.7752365598727563,5.1920766586281335,-0.006466658691784285,0.01330843510459762,0.09783886422900966,0.9544142843858067,0.008559931234998073,-0.001901699959750428,-0.01795453174708767,0.0149193089516637,0
AAPL,2025-11-13,0.0,0.0,0.0,0.0,0,0,0,66.37366841822478,5.428648617279578,5.560250058402581,-0.13160144112300376,266.0153333075706,254.9013737031206,277.66084665647384,255.07699819215898,0.7585973331811858,5.149606985734107,-0.001901699959750428,0.012768628348632592,0.10412033669944895,0.9687871849969568,0.002580948665727945,-0.0019783074540463373,-0.024546550989232203,0.02161575004490038,0
AAPL,2025-11-14,0.0,0.0,0.0,0.0,0,0,0,65.08491662056184,5.230228001113119,5.494245646944689,-0.2640176458315704,266.5539236808079,255.55898776286347,276.5473291680409,258.22142083195905,0.7338851176137072,5.234829403413488,-0.0019783074540463373,0.015659486126797195,0.08079619620346373,0.9279305505177277,0.0014307277468821665,-0.018171218027207062,-0.003377405331326316,0.03924231361139507,0
AAPL,2025-11-17,0.0,0.0,0.0,0.0,0,0,0,54.61586795090532,4.621364905145583,5.319669498584869,-0.6983045934392855,266.5710688306268,255.99722148800242,276.39123216445574,258.92342848007553,0.44713802690689275,5.336760785817512,-0.018171218027207062,-0.007311650632643987,0.020894114481021565,0.9217146628492641,-0.023142111595313056,-7.48254815774859e-05,0.031631042186240396,0.07002921397318959,1
AAPL,2025-11-18,0.0,0.0,0.0,0.0,0,0,0,54.57764470366198,4.090078156136258,5.073751230095147,-0.9836730739588893,266.58468029988256,256.41748689074007,276.23132641925145,259.574444454772,0.4286243258651576,5.339517305810076,-7.48254815774859e-05,-0.028374275756906018,0.01875877822393151,0.9361833822749113,-0.03355785972728855,0.004188023274068033,0.03563424032264782,0.062481435255553865,1
AAPL,2025-11-19,0.0,0.0,0.0,0.0,0,0,0,56.416073626132885,3.716323040594318,4.802265592194981,-1.085942551600663,266.70337680964076,256.8650753911951,275.24939779114356,261.5895884149111,0.45691744778609167,5.436107300996385,0.004188023274068033,-0.01795453174708767,0.04012504796910825,0.8324403922575945,-0.030363819205170804,-0.008601474473370627,0.033474866247522016,0.045203973525931126,1
AAPL,2025-11-20,0.0,0.0,0.0,0.0,0,0,0,51.76280096114231,3.1973694517664057,4.481286364109266,-1.2839169123428604,266.5913649417955,257.2047685992763,274.1177914762254,263.4114535188918,0.19762113682620627,5.725254206240281,-0.008601474473370627,-0.024546550989232203,0.026689596327289518,0.9310925742563313,-0.029030979289723816,0.01968061086817679,0.04732394055395155,0.04706097613816298,1
AAPL,2025-11-21,0.0,0.0,0.0,0.0,0,0,0,59.85219625610171,3.1712126539777046,4.219271622082954,-1.0480589681052495,266.98771025425845,257.73607142764416,273.5800041840537,264.83926766653224,0.6765703375533086,5.86196312156109,0.01968061086817679,-0.003377405331326316,0.033989597209450856,1.1746552121258325,-0.019198343499924258,0.016317565960635407,0.04276415081366911,0.023573737431574315,1
AAPL,2025-11-24,0.0,0.0,0.0,0.0,0,0,0,65.17022087734426,3.467015685249976,4.068820434716359,-0.6018047494663827,267.7670731355493,258.41979492098415,274.6052365736461,264.54906945662736,1.056262383827024,5.8777834313869795,0.016317565960635407,0.031631042186240396,0.02744501220836769,1.2787596777098384,0.004596864003715728,0.0038053394528704404,0.03722083789333782,0.004566473885869095,1
AAPL,2025-11-25,0.0,0.0,0.0,0.0,0,0,0,66.30929197238099,3.742790918288108,4.003614531430708,-0.26082361314260005,268.5719366129672,259.1177692240215,275.72665671908163,264.2484653512309,1.0428188478136426,5.823375971548988,0.0038053394528704404,0.03563424032264782,0.03062632377876445,0.9099380643870644,0.022633743704950117,0.002094216889939318,0.025923433088251218,0.0065349952425756115,1
AAPL,2025-11-26,0.0,0.0,0.0,0.0,0,0,0,66.95228169315348,3.9623462596738364,3.995360877079334,-0.03301461740549749,269.3552379204748,259.81105671883626,276.81290170583236,263.9711406525661,0.998730597464953,5.614000694497141,0.002094216889939318,0.033474866247522016,0.030104131696021944,0.6597242298489803,0.025730812967084488,0.004683756058800422,0.011349194510164253,0.0017293139160652656,1
AAPL,2025-11-28,0.0,0.0,0.0,0.0,0,0,0,68.4075499257755,4.192627943297111,4.03481429032289,0.15781365297422134,270.1874103181156,260.5279975571448,278.02211111010416,263.5311207014193,1.004895247570963,5.427417707878169,0.004683756058800422,0.04732394055395155,0.028446234159339678,0.4178614411918963,0.04729277163906841,0.015241173357235892,-0.0002510822159278525,-0.002044213076181834,0
AAPL,2025-12-01,0.0,0.0,0.0,0.0,0,0,0,72.64814287690152,4.66337994664849,4.16052742158801,0.5028525250604803,271.3439914736448,261.38303735691056,280.206737091696,262.64215512021804,1.1209693098831577,5.558333353179753,0.015241173357235892,0.04276415081366911,0.04809877831083406,1.0082107552332307,0.03222920981254154,0.010914842545035426,-0.018403407296962125,-0.03175570849032242,0
AAPL,2025-12-02,0.0,0.0,0.0,0.0,0,0,0,75.2493929876315,5.2248847707066375,4.373398891411735,0.851485879294902,272.6839081385432,262.32539339997595,282.82727494169256,261.7569505221746,1.1227243331379477,5.501098148767146,0.010914842545035426,0.03722083789333782,0.06473679962266828,1.157118143143088,0.019140758546148256,-0.0071281038901494665,-0.03148255686203898,-0.04046269536527296,0
AAPL,2025-12-03,0.0,0.0,0.0,0.0,0,0,0,70.48355889949497,5.442974701913101,4.587314053512008,0.8556606484010931,273.70245613576526,263.1510117807367,284.4721804248521,261.5452939403823,0.9523041073973192,5.487131569586028,-0.0071281038901494665,0.025923433088251218,0.053271484402692575,0.9445379766474898,0.013140261955545142,-0.012141504532966205,-0.018898523242920982,-0.0433222855833324,0
AAPL,2025-12-04,0.0,0.0,0.0,0.0,0,0,0,63.19419711518338,5.277347407265893,4.725320724262785,0.552026683003108,274.29631924653313,263.8093257814462,285.2472511800151,261.8494468180318,0.7730884360323396,5.532575518323545,-0.012141504532966205,0.011349194510164253,0.04009810679199385,0.9539924010855754,0.006929680771462326,-0.006840067419534855,-0.009511927874484806,-0.030316987588260298,0
AAPL,2025-12-05,0.0,0.0,0.0,0.0,0,0,0,59.505875140089394,4.934694548378275,4.767195489085883,0.16749905929239173,274.6512625446684,264.36673354989745,285.64944249265176,262.3718648803951,0.6723791992993681,5.35750860149904,-0.006840067419534855,-0.0002510822159278525,0.03440059705091998,1.02945040823916,0.0033655237201747987,-0.0031924428103902577,-0.0017935811965952692,-0.018329763184715263,0
AAPL,2025-12-08,0.0,0.0,0.0,0.0,0,0,0,57.821240796935356,4.539194932512601,4.7215953777712265,-0.18240044525862587,274.8878709342015,264.86747539636286,285.80517825976665,263.18150386913965,0.6167940063443976,5.225576846988434,-0.0031924428103902577,-0.018403407296962125,0.03609121756489303,0.8414315377068226,0.0049391335939879665,-0.0025549540307587748,-0.013602636044805185,-0.024901937314100446,0
AAPL,2025-12-09,0.0,0.0,0.0,0.0,0,0,0,56.448297437868945,4.121117719328822,4.601499846082746,-0.48038212675392344,275.0345100630499,265.32081290188233,285.89762621420647,263.8619563053248,0.5702402302150976,5.07386016015107,-0.0025549540307587748,-0.03148255686203898,0.02876458806446319,0.7160926834572596,0.002215643106733101,0.005772369311079216,-0.009272046225764047,-0.017389419869487444,0
AAPL,2025-12-10,0.0,0.0,0.0,0.0,0,0,0,58.82121898303996,3.8738877307612256,4.455977423018442,-0.5820896922572167,275.3191494738978,265.8189466656106,286.15610775202674,263.95551639348105,0.633663637885798,4.947228166886466,0.005772369311079216,-0.018898523242920982,0.012824700374923234,0.7458126582025338,0.0053810088667234305,-0.0026902620286018025,-0.02489422645773751,-0.01782769216921791,0
AAPL,2025-12-11,0.0,0.0,0.0,0.0,0,0,0,57.246680048868875,3.576376201409232,4.2800571786966,-0.7036809772873678,275.5054465292111,266.2682141906725,286.36971102506783,264.19667081086965,0.589842331835179,5.00559105515967,-0.0026902620286018025,-0.009511927874484806,0.016674423036317155,0.7636040512720885,0.006984320527726598,0.0008990996456431364,-0.021004856392797693,-0.016652769455838348,0
AAPL,2025-12-12,0.0,0.0,0.0,0.0,0,0,0,57.653558131423296,3.322413726486843,4.088528488254649,-0.7661147617678061,275.69774368360913,266.7096397773281,286.5826907094698,264.5152432504912,0.5895255182586295,4.819011605421819,0.0008990996456431364,-0.0017935811965952692,0.019527349769825283,0.9185709311632551,-0.005731359283233205,-0.014984948743254425,-0.016565894264577725,-0.01624249155342715,0
AAPL,2025-12-15,0.0,0.0,0.0,0.0,0,0,0,49.2357764222991,2.7538305501774403,3.821588900639208,-1.0677583504617676,275.4756609750883,266.97066861916386,286.57261177609047,264.69485648562824,0.3963395075678803,4.995521743756456,-0.014984948743254425,-0.013602636044805185,0.006240437649543366,1.167247888999675,-0.0042419539526275234,0.001824138532716103,-0.011455121112639662,-0.003757569086456017,0
AAPL,2025-12-16,0.0,0.0,0.0,0.0,0,0,0,50.17516976356768,2.3167556403710137,3.520622248585569,-1.2038666082145553,275.32222016514686,267.24101622118496,286.18513301496256,265.79539371843583,0.39574506740465404,4.902978787631761,0.001824138532716103,-0.009272046225764047,0.026732947856249953,0.8792745073308579,-0.0061050688108648605,-0.01008703706365717,-0.008193342695943712,-0.010014159806008317,0
AAPL,2025-12-17,0.0,0.0,0.0,0.0,0,0,0,45.18654498627759,1.727547349593408,3.162007268787137,-1.434459919193729,274.9202992714424,267.3924293411875,285.76539187285357,266.6539410128886,0.23274579208841695,4.874745939000503,-0.01008703706365717,-0.02489422645773751,0.016452311090423864,1.164909073631373,-0.023517657150754025,0.001287672207443216,0.007246941286019701,-0.0030530855503343736,1
AAPL,2025-12-18,0.0,0.0,0.0,0.0,0,0,0,45.91830002855379,1.2740774543529483,2.7844213059002993,-1.510343851547351,274.5899032796309,267.55159451829473,285.42777040007627,267.3535772561737,0.226707995683365,5.002396929301183,0.001287672207443216,-0.021004856392797693,0.01351653763334513,1.1841583186507374,-0.01842795811112514,0.0054373787438682635,0.004445463254213561,-0.018112266665737297,1
AAPL,2025-12-19,0.0,0.0,0.0,0.0,0,0,0,49.01735126593842,1.022017578683176,2.4319405604568747,-1.4099229817736987,274.4315433504696,267.7623995969278,284.5013381245005,269.01999671436675,0.25237653544112343,4.979886706864105,0.0054373787438682635,-0.016565894264577725,0.027868596405593648,2.979547439721192,0.001233686956560986,-0.009865959632689408,0.0003288504123097621,-0.04132713784076439,1
AAPL,2025-12-22,0.0,0.0,0.0,0.0,0,0,0,44.05730416296156,0.5980865251338514,2.06516975339227,-1.4670832282584185,274.0318188442493,267.85934220234856,284.5587538294902,268.91072554062697,0.08459279789718765,4.86424101727085,-0.009865959632689408,-0.011455121112639662,-0.0019152316143062572,0.7712535046862846,0.008995665843808011,0.005129732868573633,0.0077867501927150655,-0.039266329849141315,1
AAPL,2025-12-23,0.0,0.0,0.0,0.0,0,0,0,47.02902505792378,0.36971349749398996,1.726078502212614,-1.356365004718624,273.8021852880262,268.00684511613514,284.6708434059129,268.44360056381373,0.19578593671194086,4.726225361034234,0.005129732868573633,-0.008193342695943712,-0.012902354315342776,0.6497380837876189,0.01638432542420082,0.00532376619381502,-0.0018358589314312306,-0.04890586627711403,0
AAPL,2025-12-24,0.0,0.0,0.0,0.0,0,0,0,50.01207655607578,0.30192951237023635,1.4412487042441384,-1.139319191873902,273.7321401582886,268.20527124592525,284.6546657155777,268.1446354318832,0.29812640614954733,4.618724431382956,0.00532376619381502,0.007246941286019701,-0.01140920081015424,0.40548066526475907,0.03130772603168647,-0.0014972311784395135,-0.010225920193119017,-0.05273724973038216,0
AAPL,2025-12-26,0.0,0.0,0.0,0.0,0,0,0,49.168985364065456,0.21276727363959935,1.1955524181232307,-0.9827851444836313,273.6298284700364,268.3798828610514,284.6035794178095,267.7818484386358,0.28986428323230423,4.467615293977295,-0.0014972311784395135,0.004445463254213561,-0.014952253405734089,0.4938933995473419,0.02347452265080332,0.0013167006418859665,-0.022457894176621668,-0.04809818799203488,0
AAPL,2025-12-29,0.0,0.0,0.0,0.0,0,0,0,49.966597665009424,0.1691249982785621,0.990266934154297,-0.8211419358757349,273.57145206533795,268.5617257379005,284.41120833390323,267.4666023350421,0.32755402433282005,4.291680135213507,0.0013167006418859665,0.0003288504123097621,-0.018253501515985697,0.5420024966413859,0.010667119131339952,-0.0024840667289872356,-0.041642294167467654,-0.04642755703332481,0
AAPL,2025-12-30,0.0,0.0,0.0,0.0,0,0,0,48.42088715322086,0.0789041846027203,0.8079943842439817,-0.7290901996412614,273.45404559073734,268.70984175139586,283.5139518598078,267.3645759722235,0.3080062130222541,4.113353093342177,-0.0024840667289872356,0.0077867501927150655,-0.0353939533082367,0.5205352393322685,0.003183243566426242,-0.004467506365423374,-0.04668952040980754,-0.04804451907968562,0
AAPL,2025-12-31,0.0,0.0,0.0,0.0,0,0,0,45.69016475353946,-0.0897375106408731,0.6284480052670108,-0.7181855159078839,273.23194689422365,268.80443655633496,281.5796643246596,267.86975278959824,0.23721936348227224,3.9570245598498848,-0.004467506365423374,-0.0018358589314312306,-0.050071655273711595,0.6622477348484014,-0.008779558744136726,-0.0031264752435974006,-0.04715658017457204,-0.050209553534022365,0
AAPL,2026-01-02,0.0,0.0,0.0,0.0,0,0,0,43.835355389532,-0.2884608472489276,0.44506623476382323,-0.7335270820127509,272.95027128785415,268.8620803395118,279.9223675986099,268.2166186074448,0.17578836018541227,4.304094245978708,-0.0031264752435974006,-0.010225920193119017,-0.04624310448954484,0.924491583503221,-0.010443595739656414,-0.013837077351279026,-0.04295053831431685,-0.05711980669237327,0
AAPL,2026-01-05,0.0,0.0,0.0,0.0,0,0,0,36.74745039085303,-0.7392006586096045,0.2082128560891377,-0.9474135146987421,272.3392498221954,268.7708044790775,279.4760600407432,267.3225788752724,-0.06484010351485173,4.3791888380712445,-0.013837077351279026,-0.022457894176621668,-0.047880144890297176,1.1130353702395799,-0.0037520048439803836,-0.018334279083890594,-0.026229349777027285,-0.07692896474434278,0
AAPL,2026-01-06,0.0,0.0,0.0,0.0,0,0,0,29.935995516594133,-1.4737441642784574,-0.1281785479843813,-1.3455656162940761,271.32101909136134,268.4914720347387,280.16926860537444,264.9918306377896,-0.2203272710778996,4.453193444832601,-0.018334279083890594,-0.041642294167467654,-0.058899384375756356,1.2686568068398412,0.005757098917410635,-0.007737521221935609,-0.004993190785376075,-0.056068073951010045,0
AAPL,2026-01-07,0.0,0.0,0.0,0.0,0,0,0,27.64942256396317,-2.193945431026009,-0.5413319245927068,-1.652613506433302,270.206952657251,268.1437014268354,280.8673565363419,262.5425097966659,-0.1593021925330657,4.410786057772338,-0.007737521221935609,-0.04668952040980754,-0.06319045947878366,1.1565483627623985,0.0037408215499330102,-0.004955252154698938,-0.0014213613496209213,-0.046018513196315135,0
AAPL,2026-01-08,0.0,0.0,0.0,0.0,0,0,0,26.27593511176339,-2.8358301583413663,-1.0002315713424388,-1.8355985869989275,269.07646407177623,267.75911793989144,281.38140842459546,260.21938198067795,-0.08895931946316137,4.425547330492283,-0.004955252154698938,-0.04715658017457204,-0.06544484150382773,1.1812786523205978,0.011130319951820832,0.0012739243260126393,-0.003204066162318325,-0.04246453797030447,0
AAPL,2026-01-09,0.0,0.0,0.0,0.0,0,0,0,27.27122608037085,-3.280161029077476,-1.4562174628894464,-1.8239435661880297,268.0849840718228,267.40252210194535,281.11198132303,258.55307910177464,0.005002236783696779,4.393662466435319,0.0012739243260126393,-0.04295053831431685,-0.06962475844555564,0.9295163445048439,0.0159550733759851,0.003392770026775712,-0.014805157878778405,-0.015267701081823721,0
AAPL,2026-01-12,0.0,0.0,0.0,0.0,0,0,0,29.985641334055273,-3.5208952555736914,-1.8691530214262955,-1.651742234147396,267.271511118926,267.09432586525753,280.5293683896105,257.3625169863661,0.09414318079213535,4.400385445551289,0.003392770026775712,-0.026229349777027285,-0.0639499894119983,1.0374301853314423,0.010818393687175127,0.00307405697681829,-0.05206525269138721,-0.007608008821452365,0
AAPL,2026-01-13,0.0,0.0,0.0,0.0,0,0,0,32.45386035779964,-3.60573425134055,-2.2164692674091464,-1.3892649839314037,266.61149764368605,266.82950405206725,279.54594101168277,256.6276246621453,0.16204266099310966,4.329693584662809,0.00307405697681829,-0.004993190785376075,-0.06191594938379193,1.040741601330105,0.0028331579258264834,-0.004175543256686953,-0.05133118958848961,-0.017659461536495825,0
AAPL,2026-01-14,0.0,0.0,0.0,0.0,0,0,0,30.857691724164468,-3.7178301289515616,-2.5167414397176295,-1.201088689233932,265.9108124374793,266.53243734330056,279.1858523809176,255.57655606634808,0.15577537183511805,4.384440057098244,-0.004175543256686953,-0.0014213613496209213,-0.051621557566474165,0.921657797515535,0.0011311263970572205,-0.006731648116093179,-0.044660630741079274,-0.006462438693645681,0
AAPL,2026-01-15,0.0,0.0,0.0,0.0,0,0,0,28.439399798186102,-3.9025050308142113,-2.793894157936946,-1.1086108728772652,265.1106487994604,266.1785807509469,278.7190777741115,254.407786849912,0.12756654502794074,4.355493628301615,-0.006731648116093179,-0.003204066162318325,-0.05972090684715266,0.9053163772586957,0.003959344371300574,-0.010379283953724897,-0.03938666930234421,0.004918548794047161,0
AAPL,2026-01-16,0.0,0.0,0.0,0.0,0,0,0,25.184246008322603,-4.215931977145829,-3.0783017217787227,-1.1376302553671058,264.1321426498466,265.7337867696751,278.73086817543117,252.76942479331888,0.07961458092969018,4.32718866996847,-0.010379283953724897,-0.014805157878778405,-0.05999850058625727,1.6172502388004348,-0.0034722977351428143,-0.034555570897327186,-0.0004694941378797882,0.056666583238298845,0
AAPL,2026-01-20,0.0,0.0,0.0,0.0,0,0,0,17.910442784159017,-5.1159237228517895,-3.485826121993336,-1.6300976008584533,262.40815946546763,264.9611017674865,279.7536267328191,249.20458402157539,-0.10390717763931423,4.880754486143884,-0.034555570897327186,-0.05206525269138721,-0.09364787348631144,1.7434239462726027,-0.025289130990863155,0.0038508189393806425,0.04689905502056799,0.09233896658507529,1
AAPL,2026-01-21,0.0,0.0,0.0,0.0,0,0,0,20.56854752528409,-5.6871668146374645,-3.926094260522162,-1.7610725541153025,260.938595461781,264.2558717933403,279.7213781316221,246.64189396310445,0.010152620939990052,4.9866067433819,0.0038508189393806425,-0.05133118958848961,-0.09507807877113487,1.3153795073182404,-0.01206450262283909,0.0028265902249811612,0.03549365983412881,0.11645451640013585,1
AAPL,2026-01-22,0.0,0.0,0.0,0.0,0,0,0,22.55840549111636,-6.014221649245314,-4.343719738266793,-1.6705019109785217,259.67547611162627,263.60567455772525,279.5640375160604,244.54337520366616,0.08944625471521914,4.869056630090255,0.0028265902249811612,-0.044660630741079274,-0.08347786492712288,0.9522954155958295,-0.001998921524509631,-0.001248299313860472,0.039983898158687664,0.11097246594992854,1
AAPL,2026-01-23,0.0,0.0,0.0,0.0,0,0,0,22.292059496142656,-6.22658647338136,-4.720293085289707,-1.5062933880916534,258.503208739202,262.9688507986447,278.8844430288625,242.7975699105906,0.1266138735713237,4.8582076557747085,-0.001248299313860472,-0.03938666930234421,-0.08929363923192336,0.9855599824204918,-0.004348278531633425,0.029713062802263737,0.04612180227002912,0.12127066953164256,1
AAPL,2026-01-26,0.0,0.0,0.0,0.0,0,0,0,40.32929083524989,-5.735684429504829,-4.9233713541327315,-0.8123130753720975,258.1425879129425,262.64523665216757,277.23841943483336,242.60859136838934,0.349643627218001,5.118113793662404,0.029713062802263737,-0.0004694941378797882,-0.06719977424744492,1.2661930007050997,0.001546984440466338,0.011197611853463161,0.05716291502968919,0.07621843810678092,1
AAPL,2026-01-27,0.0,0.0,0.0,0.0,0,0,0,45.60568113479169,-5.058183229031641,-4.950333729112514,-0.10784949991912729,258.0879517966057,262.44616496743186,275.48486302517176,242.85325190402747,0.45096323110578745,5.218409401730108,0.011197611853463161,0.04689905502056799,-0.05534026537494797,1.0885621093085138,0.02643227895569107,-0.00708558915395678,0.043404291317862116,0.06065769054047041,1
AAPL,2026-01-28,0.0,0.0,0.0,0.0,0,0,0,42.986423018798234,-4.615320568053647,-4.883331096900741,0.26801052884709353,257.8647069803181,262.1833303108889,273.3790899830444,243.23172544664303,0.41503315368861265,5.155536054680174,-0.00708558915395678,0.03549365983412881,-0.06326713291215717,0.8881488126804952,0.014619123398690377,0.007175173478534054,0.07818575787221702,0.07533058069926722,1
AAPL,2026-01-29,0.0,0.0,0.0,0.0,0,0,0,46.3244423913499,-4.069369850021019,-4.7205388475247965,0.6511689975037775,257.8374861192833,262.00276394338164,271.1966650761464,243.93817073928327,0.5004207874285548,5.160552485231794,0.007175173478534054,0.039983898158687664,-0.05419647301421314,1.3797362205630244,0.00734411849337632,0.004646255573676194,0.06825929508805624,0.014305931807289868,1
AAPL,2026-01-30,0.0,0.0,0.0,0.0,0,0,0,48.44449197910289,-3.499786680550784,-4.476388414129994,0.9766017335792103,257.9268365158471,261.8762110547472,269.1065244906232,244.79367692539245,0.5750864155380137,5.484342790313333,0.004646255573676194,0.04612180227002912,-0.04553796287895962,1.7777281204838078,0.003975464382848215,0.04058099234146673,0.07183567639881357,-0.013337070162004848,1
AAPL,2026-02-02,0.0,0.0,0.0,0.0,0,0,0,62.45699940276431,-2.1759320638129793,-4.016297144066591,1.840365080253612,259.00780814045396,262.16643958492256,268.84394597812815,244.956523992575,1.0181305708231108,5.896131020310148,0.04058099234146673,0.05716291502968919,-0.003690007734563336,1.3737367955134394,0.003868839280012181,-0.001962788726232962,0.018025152799232065,-0.02178832617266965,1
AAPL,2026-02-03,0.0,0.0,0.0,0.0,0,0,0,61.550260715460965,-1.1560893354288737,-3.444255582339048,2.2881662469101745,259.9354935212366,262.4245597831088,269.34444521803533,244.67742062669123,0.9758405973466059,5.779152270141485,-0.001962788726232962,0.043404291317862116,0.008306460735780194,1.1763306806169822,-0.00856945838397441,0.026012817340576137,0.016535679761117857,-0.018118741803500676,1
AAPL,2026-02-04,0.0,0.0,0.0,0.0,0,0,0,68.13904228752025,0.21378664455818353,-2.7126471369596024,2.926433781517786,261.4406284621084,262.9467107877081,272.41179782246144,243.0192263474605,1.113212706848715,6.04094493511952,0.026012817340576137,0.07818575787221702,0.053857062011673874,1.5982878532206768,-0.01327247439478482,-0.002097520770734848,-0.002648131040595859,-0.05666084034305399,0
AAPL,2026-02-05,0.0,0.0,0.0,0.0,0,0,0,67.1143732853092,1.2384772769818824,-1.9224222541713054,3.160899531153188,262.74733444283765,263.42570413955355,275.0365196071965,241.94827653538164,1.0037633201708187,6.05608951273576,-0.002097520770734848,0.06825929508805624,0.059847164864869,0.931305958778296,-0.023658565113502814,0.008009669408572772,-0.05050586831198039,-0.04016690776231115,0
AAPL,2026-02-06,0.0,0.0,0.0,0.0,0,0,0,69.02584612279745,2.2029974652942883,-1.0973383102781866,3.300335775572475,264.13949213726977,263.9723428099387,277.9185825580594,240.96903035697966,0.9850176175161265,5.979681944558217,0.008009669408572772,0.07183567639881357,0.07365642861032741,0.8869092057782703,-0.0019509093706342074,-0.01166041861230698,-0.07946436980618561,-0.04203551312531523,0
AAPL,2026-02-09,0.0,0.0,0.0,0.0,0,0,0,63.21877657545057,2.675572077481945,-0.3427562327261603,3.0183283102081053,265.0910451089435,264.370713615033,279.7604954790623,240.67360486273463,0.8559696857322577,6.016020460449304,-0.01166041861230698,0.018025152799232065,0.05978705669501939,0.7812481124630076,-0.002099463981098648,-0.003423017398520136,-0.039108541534978614,-0.009030562909800798,0
AAPL,2026-02-10,0.0,0.0,0.0,0.0,0,0,0,61.59954621699546,2.9404775027252867,0.31389051436412907,2.626586988361158,265.8626068935828,264.7166638202339,281.2382467135429,240.56074620637895,0.802205082279585,5.759566409779835,-0.003423017398520136,0.016535679761117857,0.05258819747429722,0.6076475934197731,0.003756160156048388,0.00665015633430407,-0.03409070852560945,0.0020098369409191495,0
AAPL,2026-02-11,0.0,0.0,0.0,0.0,0,0,0,63.5463486073845,3.2594424908656947,0.9030009096644422,2.3564415812012527,266.7337125521553,265.1202933295814,282.875954541263,240.38982304662764,0.8148398558324244,5.811627956367986,0.00665015633430407,-0.002648131040595859,0.05634082167039079,0.9129370293141764,0.00840875438283833,-0.04998167896983211,-0.05415612180966059,-0.0092558377060783,0
AAPL,2026-02-12,0.0,0.0,0.0,0.0,0,0,0,44.970294105395666,2.3756982618152165,1.1975403800945972,1.1781578817206193,266.21276792293213,264.96905805961006,282.94946981615516,240.51725686841513,0.48893365760699375,6.504535051178111,-0.04998167896983211,-0.05050586831198039,0.007751041906384101,1.3756666903076327,0.005386547196624819,-0.022733490073462592,0.010888914638459674,0.00936060493217454,1
AAPL,2026-02-13,0.0,0.0,0.0,0.0,0,0,0,39.58547985204084,1.1824312638378274,1.1945185568432433,-0.012087293005415889,265.1757763187578,264.5908344525313,282.948329304062,240.2999235645904,0.3522859120758619,6.523349420489033,-0.022733490073462592,-0.07946436980618561,-0.00848412039831914,0.9416031794978048,-0.012843544696793618,0.031667901456869166,0.040659867421959456,0.034951843779726176,1
AAPL,2026-02-17,0.0,0.0,0.0,0.0,0,0,0,48.60735546875316,0.8790645226432616,1.131427750003247,-0.2523632273599854,265.0076016814431,264.5445249691753,283.15753532226836,240.94807838622776,0.5321524101757934,6.823886300099095,0.031667901456869166,-0.039108541534978614,0.033643587066942406,0.9893570146439632,-0.015995472862596515,0.001781167564954862,0.03130216046797415,-0.0004926189987113355,1
AAPL,2026-02-18,0.0,0.0,0.0,0.0,0,0,0,49.08250751926324,0.6687934427901041,1.0389008885606186,-0.37010744577051446,264.9001272235006,264.5184306516801,282.73278914668043,243.1577046277336,0.5235974982035163,6.64805233952651,0.001781167564954862,-0.03409070852560945,0.07254715888761755,0.6022251657587028,-0.00842341363948669,-0.014261591381126247,0.037374674604717516,-0.006922799452421136,1
AAPL,2026-02-19,0.0,0.0,0.0,0.0,0,0,0,45.4524794866091,0.196220411973286,0.8703647932431521,-0.6741443812698661,264.4444754585392,264.3457778297086,282.0528848712818,245.1514135295971,0.40552231707100195,6.489057990507609,-0.014261591381126247,-0.05415612180966059,0.053195265296106194,0.5547211988838145,-0.010810007463769858,0.015350431056632542,0.04747113676888086,-0.0011128091667787102,1
AAPL,2026-02-20,0.0,0.0,0.0,0.0,0,0,0,49.70283892661136,0.14225584843421757,0.7247430042813652,-0.5824871558471476,264.41249428112627,264.33647960484564,281.3663740861992,247.48120739573443,0.49070042511101597,6.4954293590670575,0.015350431056632542,0.010888914638459674,0.06634813738365039,0.7549912819013217,0.01197765561576392,0.006047273769737702,-0.001511847329764939,-0.0269106282613074,0
AAPL,2026-02-23,0.0,0.0,0.0,0.0,0,0,0,51.336251517010474,0.22576174662748372,0.6249467527505889,-0.39918500612310515,264.5356672588166,264.39017885747427,280.3683065729219,250.31318909358203,0.5121464410802584,6.462842271855798,0.006047273769737702,0.040659867421959456,0.07413748158551421,0.6721699218002786,0.0009388208496531196,0.022391051068103362,-0.005485004102612165,-0.023668121187396113,0
AAPL,2026-02-24,0.0,0.0,0.0,0.0,0,0,0,56.945319672471214,0.7632124060631895,0.652599883413109,0.11061252265008048,265.21372208368376,264.6750833305114,280.6223152321032,251.75303572004526,0.6893905056260238,6.62224880314654,0.022391051068103362,0.03130216046797415,0.06649957979677008,0.8539353924220506,0.006590004037318735,0.007679856169661203,-0.030829741937375522,-0.041559611930395875,0
AAPL,2026-02-25,0.0,0.0,0.0,0.0,0,0,0,58.741218571564126,1.3420207568742057,0.7904840581053283,0.5515366987688775,266.02589294364543,265.0306297141495,281.21948292104537,252.77312877329052,0.7371203786284042,6.4265942628019985,0.007679856169661203,0.037374674604717516,0.06278943954858864,0.6213507670241718,0.009995855065331896,-0.004667689785084931,-0.0427015186909376,-0.04893721957796477,0
AAPL,2026-02-26,0.0,0.0,0.0,0.0,0,0,0,57.16841732996927,1.678281383788942,0.9680435232420511,0.710237860546891,266.639024628514,265.32212563260504,281.2546122383902,254.4099888968636,0.6725289644863135,6.346161691344691,-0.004667689785084931,0.04747113676888086,0.06537749536393186,0.6010698806383157,0.00704189431385456,-0.032130489680159025,-0.0463821333402329,-0.0629786226465159,0
AAPL,2026-02-27,0.0,0.0,0.0,0.0,0,0,0,47.73741350237504,1.2242514692345594,1.0192851124405529,0.20496635679400654,266.36001095946654,265.25888074911137,280.8728670036614,255.40478344799882,0.3260786245406503,6.610155469479024,-0.032130489680159025,-0.001511847329764939,0.023800448915299078,1.338429487783889,-0.004989715564674729,0.00204403794876863,-0.025437238152119335,-0.053221248968173394,0
AAPL,2026-03-02,0.0,0.0,0.0,0.0,0,0,0,48.3029242100991,0.8975781448140765,0.9949437189152577,-0.09736557410118118,266.1589064000828,265.21925456624183,280.55122774326986,256.2736974886637,0.3284813370075307,6.589337932616013,0.00204403794876863,-0.005485004102612165,0.02114861842493969,0.8116021273462797,0.005847132906885665,-0.0036640946670774967,-0.018283401617666555,-0.04495303787135814,0
AAPL,2026-03-03,0.0,0.0,0.0,0.0,0,0,0,47.31260318331323,0.554170878638331,0.9067891508598723,-0.3526182722215413,265.8847421605288,265.1432125003016,280.4458496381678,255.77938992482044,0.30408871184243824,6.505836667777873,-0.0036640946670774967,-0.030829741937375522,-0.022270211827958207,0.7749393110979267,-0.010212987650163886,-0.004663640952734763,-0.011071191984852497,-0.036094881690566946,0
AAPL,2026-03-04,0.0,0.0,0.0,0.0,0,0,0,46.02395201596355,0.1808565755478071,0.7616026357974593,-0.5807460602496523,265.5197512544293,265.0220017217206,280.38434569688167,255.17127716688782,0.27291642314027514,6.378387942430595,-0.004663640952734763,-0.0427015186909376,-0.02491610884008598,0.8199953688289194,-0.011570448536573642,-0.008494536639458265,-0.006513852271550802,-0.047920089261227324,0
AAPL,2026-03-05,0.0,0.0,0.0,0.0,0,0,0,43.70009172531792,-0.2912608854001064,0.5510299315579462,-0.8422908169580526,264.97752013142565,264.8182496723547,279.4865667776341,254.4777474923854,0.2138676324339734,6.298546390605112,-0.008494536639458265,-0.0463821333402329,-0.05771059680730157,1.0680122078568066,-0.011591367508973596,-0.010872576884936074,-0.017403710528637047,-0.04352830383031973,0
AAPL,2026-03-06,0.0,0.0,0.0,0.0,0,0,0,40.87911088467294,-0.8831889353253359,0.26418615818128977,-1.1473750935066258,264.2178841925696,264.5117043037697,278.70773924372935,253.44060517765735,0.14092368317154783,6.270755462305862,-0.010872576884936074,-0.025437238152119335,-0.06599661930042078,0.8957939186004145,-0.0198398958411506,0.009399602442343453,-0.02850920628587578,-0.03678233599559219,0
AAPL,2026-03-09,0.0,0.0,0.0,0.0,0,0,0,44.196476462721265,-1.144179150168668,-0.0174869034887018,-1.1266922466799663,263.760662195435,264.3119140652947,276.99847844654334,253.35507227367142,0.25639203186976706,6.355465366407416,0.009399602442343453,-0.018283401617666555,-0.064708732693887,0.8438306646672901,-0.011815625747572635,0.0036555161307854594,-0.02716632916020534,-0.03228409879892873,0
AAPL,2026-03-10,0.0,0.0,0.0,0.0,0,0,0,45.4895382281308,-1.2599714642623212,-0.2659838156434257,-0.9939876486188954,263.4372997430424,264.1571470998052,275.7336282023807,253.24337832838103,0.31666958601313633,6.295799833278783,0.0036555161307854594,-0.011071191984852497,-0.050214868150152324,0.6860455832735997,-0.004630215452300113,-7.677293916817048e-05,-0.025303833302155316,-0.03523368041734473,0
AAPL,2026-03-11,0.0,0.0,0.0,0.0,0,0,0,45.465623270308164,-1.337927854295117,-0.48037262337376396,-0.857555230921353,263.1428299990994,264.0076655441909,274.48023425239296,253.2120646367672,0.335398058403323,6.030058475039204,-7.677293916817048e-05,-0.006513852271550802,-0.04702573846873928,0.5934275705068625,-0.01284418508573164,-0.019362684103628215,-0.04167771949749836,-0.03140207410693029,0
AAPL,2026-03-12,0.0,0.0,0.0,0.0,0,0,0,39.78511219552688,-1.7858876230975511,-0.7414756233185215,-1.0444119997790295,262.39631117292026,263.66636031987827,272.80427234804245,252.91754314268016,0.12002170678197799,6.072066606465567,-0.019362684103628215,-0.017403710528637047,-0.07165154044242569,0.9351001225778095,-0.022383419539795106,-0.02205188879408507,-0.0265873111690028,-0.011221382641306631,0
AAPL,2026-03-13,0.0,0.0,0.0,0.0,0,0,0,34.58757393899566,-2.5656135879484054,-1.1063032162444983,-1.459310371703907,261.18470424945764,263.11765750249333,273.7615883976794,250.80129154616824,-0.04907833190891772,6.123908362514813,-0.02205188879408507,-0.02850920628587578,-0.04435882712158683,0.8916431452426102,-0.015006424506572344,0.010794880344667593,-0.008515911589946478,-0.005277441375071932,0
AAPL,2026-03-16,0.0,0.0,0.0,0.0,0,0,0,38.71521842790379,-2.9322700742870325,-1.4714965878530053,-1.4607734864340272,260.34517471760824,262.69616678337746,274.03643686155993,250.23097189088145,0.08983955057344375,5.972404284307053,0.010794880344667593,-0.02716632916020534,-0.011572385648735783,0.7977249783556091,-0.013622902484812781,0.005577020595252628,-0.0052606830870743785,-0.02448387014272735,0
AAPL,2026-03-17,0.0,0.0,0.0,0.0,0,0,0,40.815521583839626,-3.0738435037983436,-1.791965971042073,-1.2818775327562706,259.71964520813736,262.3464000416044,274.0773552479407,249.22677072862183,0.18310813317106436,5.756143771640862,0.005577020595252628,-0.025303833302155316,-0.03656971966480127,0.8318810623128488,-0.009436252312489358,-0.01687444762321125,-0.010187633289695354,-0.0017307480360955214,0
AAPL,2026-03-18,0.0,0.0,0.0,0.0,0,0,0,36.694902912386446,-3.491345158553827,-2.131841808544424,-1.359503350009403,258.7458472107292,261.8424144021435,274.3822619419378,247.48342867085515,0.07477415634449407,5.76852072262225,-0.01687444762321125,-0.04167771949749836,-0.054511147545950864,0.9173527226975866,-0.02203074371632714,-0.003920887726655107,0.01072253624864067,0.022765428839985398,1
AAPL,2026-03-19,0.0,0.0,0.0,0.0,0,0,0,35.80562632410039,-3.8566965018410997,-2.476812747203759,-1.3798837546373406,257.77162607337925,261.31983051455177,274.8525672989567,245.85319747155108,0.09184088526250128,5.67947848021899,-0.003920887726655107,-0.0265873111690028,-0.044592674301581724,0.889835564402726,-0.00939849139201698,-0.0038962891312026766,0.015785625874827673,0.02795623370342288,1
AAPL,2026-03-20,0.0,0.0,0.0,0.0,0,0,0,34.90394936373349,-4.176232160000154,-2.8166966297630385,-1.3595355302371157,256.7979695932695,260.77976786818607,274.93488948926745,244.1148312748927,0.11140153381451065,5.501965476926684,-0.0038962891312026766,-0.008515911589946478,-0.0627031284863397,2.128798027349128,-0.018041526278676834,0.01411350980480507,0.0032662856143942415,0.04383227084023055,1
AAPL,2026-03-23,0.0,0.0,0.0,0.0,0,0,0,40.70602465168275,-4.100282569572755,-3.073413817724982,-1.0268687518477733,256.2497827221285,260.39789491046463,274.35025807006383,243.23308238403771,0.250952243900404,5.5802704390464,0.01411350980480507,-0.0052606830870743785,-0.055188116023525934,0.9733717021909156,-0.017727426306770596,0.0005963911769359267,-0.019324848961746296,0.007992322527278727,0
AAPL,2026-03-24,0.0,0.0,0.0,0.0,0,0,0,40.948922672804095,-3.982107622798708,-3.255152578739727,-0.7269550440589807,255.76806309950388,260.0368687055276,272.47698273279684,243.0600060977696,0.27642951509565256,5.558150619405894,0.0005963911769359267,-0.010187633289695354,-0.07532899426271616,1.0863791000448637,-0.023593215080031094,0.0038944603729499654,0.008543927655406803,0.028850691658373374,1
AAPL,2026-03-25,0.0,0.0,0.0,0.0,0,0,0,42.60339426029067,-3.766102736273183,-3.3573426102464183,-0.4087601260267646,255.42538879575648,259.7283633802189,269.60996032165,243.76987518860386,0.3250804971540022,5.403563947687997,0.0038944603729499654,0.01072253624864067,-0.0788025634891207,0.689503215653273,-0.004257771381323378,0.0010688474769656835,0.0119151321549064,0.031153418581342174,1
AAPL,2026-03-26,0.0,0.0,0.0,0.0,0,0,0,43.07661459396066,-3.5324485204907887,-3.392363792295293,-0.14008472819549578,255.1410197828422,259.4425261559027,266.4946316248547,244.8827777379382,0.3496570197891622,5.46180208955225,0.0010688474769656835,0.015785625874827673,-0.07349329806488351,1.0005698671348968,-0.019624535211925136,-0.016173054004998588,0.011981472781831778,0.030013039266009973,1
AAPL,2026-03-27,0.0,0.0,0.0,0.0,0,0,0,37.96990016244447,-3.6348171747702622,-3.440854468790287,-0.19396270597997534,254.4949032572999,259.00779165036334,265.5180639101302,244.32408696877604,0.1902761953092288,5.600729108111194,-0.016173054004998588,0.0032662856143942415,-0.058217818321907686,1.181270232951624,-0.02232606771328178,-0.008721878071757169,0.04043391650601909,0.041800688128900955,1
AAPL,2026-03-30,0.0,0.0,0.0,0.0,0,0,0,35.561121849956734,-3.846395427466973,-3.5219626605256242,-0.3244327669413489,253.70402281082713,258.5051589805191,264.35644336420296,243.67993206304308,0.12142892336735801,5.58285219420771,-0.008721878071757169,-0.019324848961746296,-0.06833628367232204,0.9756548802219475,-0.035719747820619575,0.02903128858421389,0.027855474323076272,0.04946669376413095,1
AAPL,2026-03-31,0.0,0.0,0.0,0.0,0,0,0,47.41489538121196,-3.3981787329459507,-3.4972058750096897,0.09902714206373897,253.66915307884358,258.3025210057929,262.945864499111,244.0962818021586,0.49028187899011644,5.815093031689263,0.02903128858421389,0.008543927655406803,-0.03776315858106342,1.2102427056594776,-0.0043479596882277476,0.0072501233530441215,0.020134734289833395,0.049804996183765195,1
AAPL,2026-04-01,0.0,0.0,0.0,0.0,0,0,0,49.96230227759786,-2.8617662750486943,-3.370117955017491,0.5083516799687966,253.81253103152812,258.1798582832925,261.79948471430026,244.55488998052394,0.6158295840207164,5.602937374163444,0.0072501233530441215,0.0119151321549064,-0.026245581803324144,0.9771834253936412,-0.002405511023892445,0.0011344770271391877,0.019011758807744295,0.0303953974149806,1
AAPL,2026-04-02,0.0,0.0,0.0,0.0,0,0,0,50.370385558438365,-2.3857941841297077,-3.1732532008399343,0.7874590167102267,253.96982439310878,258.0733584026977,261.10508934910627,244.8130640322414,0.653758331989458,5.59345963946708,0.0011344770271391877,0.011981472781831778,-0.01678895756149086,0.7807457275245517,0.016648839555621155,0.011487808933839586,0.01781807964785293,0.05591593788495777,1
AAPL,2026-04-06,0.0,0.0,0.0,0.0,0,0,0,54.42797763436236,-1.7515840902545392,-2.8889193787228553,1.137335288468316,254.3916348536237,258.0861221605729,261.3348649281006,244.72303759875481,0.8232566085972786,5.638845545901538,0.011487808933839586,0.04043391650601909,0.005437681531143204,0.7427774272384622,0.0391742708016176,-0.020706045779171966,0.001313655390504526,0.054817328913303584,1
AAPL,2026-04-07,0.0,0.0,0.0,0.0,0,0,0,46.89959211963267,-1.6615487465687124,-2.643445252292027,0.9818965057233147,254.26370926163054,257.88856506163654,260.4836212912965,244.93741752706288,0.5217349993374587,6.174394167556486,-0.020706045779171966,0.027855474323076272,-0.024549801201753575,1.527605819295861,0.043119062627389355,0.02130171641798695,0.021025542968759657,0.04998033922420948,1
AAPL,2026-04-08,0.0,0.0,0.0,0.0,0,0,0,53.82855597473085,-1.1420725319924259,-2.343170708232107,1.201098176239681,254.66133521178776,257.91014218621086,260.04569710395396,245.1826842437023,0.8918849508655071,6.178998689725221,0.02130171641798695,0.020134734289833395,-0.007399504808681835,0.9958119536358985,0.0394717020686613,0.006141331391711564,0.029084650190434647,0.05511800052004352,1
AAPL,2026-04-09,0.0,0.0,0.0,0.0,0,0,0,55.663076895353726,-0.5954495153999915,-1.993626469665684,1.3981769542656926,255.1722499479419,257.9931146471989,259.96428026232553,245.23215833630726,1.0041853902235103,6.097712460777916,0.006141331391711564,0.019011758807744295,-0.0012269374845636448,0.6809020858217881,0.03765026570186814,-3.8260530741632266e-05,0.011171253431418,0.04967566571563037,1
AAPL,2026-04-10,0.0,0.0,0.0,0.0,0,0,0,55.648151285586856,-0.16119150066668908,-1.627139475865885,1.465947975199196,255.63355863965577,258.0724431398946,260.8073100051902,244.8602894821145,0.9503782670181167,5.888187739114651,-3.8260530741632266e-05,0.01781807964785293,0.018454868826870884,0.766471738903406,0.0360306705625972,-0.004913966848681088,0.037430911278650135,0.04061721996327788,1
AAPL,2026-04-13,0.0,0.0,0.0,0.0,0,0,0,53.658165417466165,0.07895049690620226,-1.2859214813114677,1.36487197821767,255.9292465073076,258.0985544383301,261.51691296828824,245.05707079636025,0.8311872198247956,5.739973887212963,-0.004913966848681088,0.001313655390504526,0.03630264607279108,0.8883097251657304,0.041233476297918084,-0.0014276386309766444,0.05343348034331265,0.03244587145402117,1
AAPL,2026-04-14,0.0,0.0,0.0,0.0,0,0,0,53.06734163763334,0.23672962484755544,-0.9813912600796632,1.2181208849272185,256.16159412417113,258.1091560871946,262.09392436465765,245.07998463192436,0.7810602400856026,5.667943340000176,-0.0014276386309766444,0.021025542968759657,0.023771687514892562,1.1626051785532943,0.05345725656568432,0.029363003517975883,0.028358542501552047,0.04589893118922326,1
AAPL,2026-04-15,0.0,0.0,0.0,0.0,0,0,0,62.2587972430902,0.9628378087332408,-0.5925454463170824,1.555383255050323,257.09433595051496,258.41685127204113,264.2692887938008,244.122447046043,1.0836902641163646,5.886976890431093,0.029363003517975883,0.029084650190434647,0.04798804824833688,1.174904288264439,0.03539882367509564,-0.011372688335946122,0.02529757909107996,0.014037457546484578,1
AAPL,2026-04-16,0.0,0.0,0.0,0.0,0,0,0,57.42974476646434,1.2794726353380952,-0.21814182998604686,1.497614465324142,257.650185442393,258.59386712863693,265.3799521641846,244.3553826136474,0.8835078861870136,5.886444382850194,-0.011372688335946122,0.011171253431418,0.053852790511879814,1.0107744061393826,0.03198959231465698,0.02593029133391715,0.038079021880366284,0.030182405058663153,1
AAPL,2026-04-17,0.0,0.0,0.0,0.0,0,0,0,64.17513797243032,2.056843226221247,0.23685518125541188,1.819988044965835,258.8024179439732,259.0313086808074,267.854929620653,244.00361530122203,1.0793959218754083,6.100566960521141,0.02593029133391715,0.037430911278650135,0.0854353706156386,1.3902769637402688,0.045153551524915146,0.010435424419368301,0.0030713454264636886,0.03667241648294746,1
AAPL,2026-04-20,0.0,0.0,0.0,0.0,0,0,0,66.53302368136421,2.867008180531741,0.7628857811106777,2.104122399421063,260.1130036745695,259.5619855213732,270.49376231569755,243.86631611447822,1.0777320432419855,5.953580835700683,0.010435424419368301,0.05343348034331265,0.10105236776120007,0.8795117546618184,0.03296888730886072,-0.025196714096157553,-0.019923050938585745,0.013843687687982225,0
AAPL,2026-04-21,0.0,0.0,0.0,0.0,0,0,0,56.723878162224395,2.921229130235645,1.1945544509356711,1.7266746792999736,260.6447044499825,259.80252968980585,271.40630923678384,244.41915463040365,0.7884012781759678,6.07377892799679,-0.025196714096157553,0.028358542501552047,0.05837212074259089,1.1930274266713634,0.013852482677457591,0.026299050276339424,0.017056685934657596,0.06766347488641013,1
AAPL,2026-04-22,0.0,0.0,0.0,0.0,0,0,0,62.74260016113756,3.4878308733556764,1.6532097354196722,1.8346211379360042,261.79124789708237,260.30766227626566,273.5495244547715,244.42510780841212,0.9702615911330712,6.179688313466124,0.026299050276339424,0.02529757909107996,0.08555888461624674,1.0299663843710296,0.016101449606057656,0.0009516199250388068,-0.010982296041874411,0.05249465881913178,0
AAPL,2026-04-23,0.0,0.0,0.0,0.0,0,0,0,62.948682925628205,3.912702391688697,2.1051082666734775,1.8075941250152194,262.85331015558194,260.8031618580328,275.43372752761366,244.61819660568713,0.9191697873842828,6.032043127829845,0.0009516199250388068,0.038079021880366284,0.0823766511043184,0.790765827994821,0.009677095549218036,-0.008667687188198565,-0.007606951547290954,0.05123799265032185,0
AAPL,2026-04-24,0.0,0.0,0.0,0.0,0,0,0,59.70614097210628,4.012266250992013,2.486539863537185,1.5257263874548284,263.5889108950429,261.18645425261667,276.58097471186824,245.2847097974091,0.8081605965326383,5.870702583234911,-0.008667687188198565,0.0030713454264636886,0.07184930544692188,0.9073131526413815,0.005351038518877622,-0.0127277860106013,0.03349818655441504,0.08212212326918499,1
AAPL,2026-04-27,0.0,0.0,0.0,0.0,0,0,0,55.2450041050263,3.7698254017881254,2.743196971187373,1.0266284306007525,263.9264689301504,261.41966272363845,276.61602638803043,247.12730552114925,0.6784276887707037,5.878459614248113,-0.0127277860106013,-0.019923050938585745,0.07560281933664206,0.993612069376345,0.009100979724275007,0.01158403975222036,0.03445315049895338,0.09468878631822088,1
AAPL,2026-04-28,0.0,0.0,0.0,0.0,0,0,0,58.26272719185498,3.7837711928829094,2.9513118155264806,0.8324593773564288,264.52659119256913,261.7650780162623,276.3552518812716,249.79178943952914,0.7693260353704555,5.859284843777091,0.01158403975222036,0.017056685934657596,0.09763609332659244,0.9582605249623413,0.010808356158371215,-0.00199473213637359,0.049758080991568095,0.0899915221343216,1
AAPL,2026-04-29,0.0,0.0,0.0,0.0,0,0,0,57.53497919041091,3.70857778055165,3.1027650085315144,0.6058127720201356,265.0182225745268,262.0758091020216,276.678812696157,251.1033116324562,0.7266879747293385,5.725969799533515,-0.00199473213637359,-0.010982296041874411,0.0645415892497822,0.7367477583095602,0.000520196862591711,0.004367692788180819,0.06418181859330373,0.10724859570269181,1
AAPL,2026-04-30,0.0,0.0,0.0,0.0,0,0,0,58.74759845822764,3.7013674954798716,3.222485505921186,0.47888198955868555,265.5752145372951,262.42054749737736,277.14966133853665,252.20166465023289,0.7481552032637341,5.877399385823898,0.004367692788180819,-0.007606951547290954,0.061495208670341736,2.1175887695733264,0.014411675002865491,0.03239351501021096,0.05929600604252617,0.09999900853538368,1
AAPL,2026-05-01,0.0,0.0,0.0,0.0,0,0,0,66.43620437091752,4.353483540769844,3.448685112890918,0.9047984278789256,266.9148094093012,263.09585781878843,279.21030466799846,252.5587062572945,1.0161587315974248,6.589134892351116,0.03239351501021096,0.03349818655441504,0.09463892693005703,1.7446775484599433,0.0093985361960296,-0.011815535384455886,0.04704791682013254,0.0727016268746709,1
AAPL,2026-05-04,0.0,0.0,0.0,0.0,0,0,0,61.767626983096086,4.551212781918707,3.6691906466964763,0.8820221352222308,267.81214689673385,263.6151125328494,280.38296728487757,253.17984552029822,0.8512628700283148,6.529892475463663,-0.011815535384455886,0.03445315049895338,0.06941989058265098,0.9999190095682268,0.003971084352194137,0.02655061741538327,0.058229447887720893,0.07688619974409736,1
AAPL,2026-05-05,0.0,0.0,0.0,0.0,0,0,0,67.268044178856,5.239544075190111,3.9832613323952035,1.256282742794907,269.32277739131575,264.4017264370453,282.27600818023313,254.34933972015742,1.0500510439191437,6.638873853822376,0.02655061741538327,0.049758080991568095,0.12102565753853117,1.0712863128499912,0.016973756457879314,0.011717918777652053,0.03832639335793469,0.05301373084514076,1
AAPL,2026-05-06,0.0,0.0,0.0,0.0,0,0,0,69.41495687419226,5.984292741537502,4.3834676142236635,1.600825127313838,271.00611604470976,265.287848272924,285.1401977773797,254.3410552743781,1.0603145192887238,6.660925205452249,0.011717918777652053,0.06418181859330373,0.11050605997126771,1.2439586459517051,0.03126842176367531,-0.00024350446522325585,0.04046937878182904,0.052236386478803146,1
AAPL,2026-05-07,0.0,0.0,0.0,0.0,0,0,0,69.31202459628621,6.494013326067375,4.805576756592406,1.6884365694749688,272.5224809926466,266.13647963469356,287.52091451954396,254.65053933787792,0.9819604577611324,6.637908691329125,-0.00024350446522325585,0.05929600604252617,0.10345893976078953,0.9470925692865331,0.01797796014379439,0.020456485310924047,0.03842457845651828,0.062033778785595274,1
AAPL,2026-05-08,0.0,0.0,0.0,0.0,0,0,0,72.94121551983181,7.287586412505846,5.301978687775094,1.9856077247307518,274.45343378873383,267.1820092706492,290.86705641719453,254.5825468542899,1.0532025637833489,6.68569911096061,0.020456485310924047,0.04704791682013254,0.12607491557713876,1.0793120053712677,0.023548182484361187,-0.0012626131025762143,0.024500989536800053,0.05381333337780377,1
AAPL,2026-05-11,0.0,0.0,0.0,0.0,0,0,0,72.36076769064026,7.796791354845425,5.80094122118916,1.9958501336562646,276.16527775267883,268.17204009964945,293.2854161741997,255.5331385133002,0.9772829398070537,6.46863837161677,-0.0012626131025762143,0.058229447887720893,0.13020691796126033,0.8600596563285585,0.029651394830609783,0.007243374589372001,0.017630157517933634,0.05347133676202538,1
AAPL,2026-05-12,0.0,0.0,0.0,0.0,0,0,0,73.65438318958928,8.275859125426564,6.295924802036642,1.979934323389922,277.9158188688672,269.2063114476105,295.5276941363743,256.9085668499538,0.9745790562164451,6.199996792434397,0.007243374589372001,0.03832639335793469,0.14002096800560154,0.9338208863275527,0.019909573878506504,0.013805987391627698,0.014145202877591698,0.05444377467057037,1
AAPL,2026-05-13,0.0,0.0,0.0,0.0,0,0,0,75.97882711118729,8.881278324528182,6.81299550653495,2.068282817993232,279.88692728853607,270.35949363693527,298.86123839559775,256.84072998819136,0.9940795309329652,6.286684133207642,0.013805987391627698,0.04046937878182904,0.12279155085827302,1.0723716470001035,0.011555784371410159,-0.0022082930971525304,0.011309326287671055,0.04563863646281482,1
AAPL,2026-05-14,0.0,0.0,0.0,0.0,0,0,0,74.82592724917721,9.201794846657322,7.290755374559424,1.9110394720978974,281.6075088274627,271.4415932373404,301.17664361650554,258.0275525504867,0.925291354010036,6.199466599487988,-0.0022082930971525304,0.03842457845651828,0.13319962417512649,0.7249276917209381,0.02267693605077602,0.006773819369938008,0.022735594687260743,0.04644380884585938,1
AAPL,2026-05-15,0.0,0.0,0.0,0.0,0,0,0,76.02503564127778,9.50905041651265,7.73441438295007,1.7746360335625804,283.3564426035674,272.5604057957413,303.914322626546,258.31214221720404,0.913534635524232,6.2333809320415865,0.006773819369938008,0.024500989536800053,0.11204018769735413,1.133524475833435,0.0021013576114109443,-0.007960661114649228,0.0286113377540577,0.020251061604604933,1
AAPL,2026-05-18,0.0,0.0,0.0,0.0,0,0,0,71.67488698767936,9.450919136924199,8.077715333744896,1.3732038031793028,284.7113855466428,273.54169747064793,305.88577264508535,258.8426697377272,0.8235144234517029,6.198499804446329,-0.007960661114649228,0.017630157517933634,0.09179427596885269,0.7140101745878982,-0.0008791906612106411,0.003793990305409246,0.03522024085008518,0.05828640155566319,1
AAPL,2026-05-19,0.0,0.0,0.0,0.0,0,0,0,72.47676373812064,9.387736842149991,8.339719635425915,1.0480172067240758,286.04481281135986,274.528782739492,307.2582833090351,260.771810074754,0.8161634796472125,6.052636882009097,0.003793990305409246,0.014145202877591698,0.12426429897722598,0.8819763941094506,-0.0060283026242568035,0.010971059357449225,0.03973649106521756,0.037762993774038495,1
AAPL,2026-05-20,0.0,0.0,0.0,0.0,0,0,0,74.71440646155439,9.492680643026176,8.570311836945967,0.9223688060802093,287.56336044725714,275.60567608258174,309.367484628655,261.59322398950906,0.8455670157597723,5.957158117589165,0.010971059357449225,0.011309326287671055,0.10747317658408401,0.8023792358361269,-0.0014279408000573749,0.009065246613796,0.033945410452369006,0.029710495398255023,1
AAPL,2026-05-21,0.0,0.0,0.0,0.0,0,0,0,76.43771528658127,9.685107705250402,8.793271010606855,0.8918366946435476,289.19800924766713,276.74769556371825,311.6285388734236,262.51059686876386,0.8594939905827814,5.898474349995536,0.009065246613796,0.022735594687260743,0.11645025773740515,0.8928030970104948,-0.007284493648601045,0.012557860054279791,0.02318117632920393,0.00770522668322434,1
AAPL,2026-05-22,0.0,0.0,0.0,0.0,0,0,0,78.63017157159018,10.03076355895422,9.040769520276328,0.9899940386778923,291.04142684721967,277.9949974648654,314.0011007907408,263.9357125637514,0.8911981522429192,5.934617936674664,0.012557860054279791,0.0286113377540577,0.1403547218441665,0.9022865534917106,0.008753053328125588,-0.0015867357868807027,-0.00812773089562398,-0.023573554891484206,0
AAPL,2026-05-26,0.0,0.0,0.0,0.0,0,0,0,77.63484919565244,10.148209961713974,9.262257608563857,0.8859523531501168,292.6626529129235,279.17418582063965,315.25249680788335,266.7774195739526,0.8517135674465206,5.806889360662839,-0.0015867357868807027,0.03522024085008518,0.15322325906105533,0.9851072827092004,0.016164684385910497,0.008173140408717448,0.022281404280346095,-0.057665490367126114,1
AAPL,2026-05-27,0.0,0.0,0.0,0.0,0,0,0,79.10005634177418,10.325431610835835,9.474892409018253,0.8505392018175826,294.36927199934144,280.40587082062683,316.72501757960504,269.3403388657075,0.8703618041523011,5.746093551194357,0.008173140408717448,0.03973649106521756,0.14933477495823463,1.0240449296515164,0.02280130456154526,0.0053401952372548874,-0.001898074471885859,-0.06199138541258481,0
AAPL,2026-05-28,0.0,0.0,0.0,0.0,0,0,0,80.02823509715869,10.478919270298547,9.675697781274312,0.8032214890242351,296.071314919047,281.6542963828081,317.69962035064856,272.62093628997644,0.8789029048174667,5.566172384906816,0.0053401952372548874,0.033945410452369006,0.15778191183592918,0.9614200986173248,0.01801008846955277,-0.001439964251589991,-0.0040958787681654625,-0.05401434627792747,0
AAPL,2026-05-29,0.0,0.0,0.0,0.0,0,0,0,79.00393424771639,10.443888489308847,9.82933592288122,0.6145525664276263,297.5684379913029,282.83613210025624,317.90806018996545,276.50494335007363,0.8522586346364772,5.558966352132794,-0.001439964251589991,0.02318117632920393,0.15108715221843588,1.427244889972708,0.018526536246684332,-0.01842597822736753,-0.015125326778881508,-0.06707040805749684,0
AAPL,2026-06-01,0.0,0.0,0.0,0.0,0,0,0,67.17305315994199,9.839128970804495,9.831294532465876,0.00783443833861952,298.37582970883506,283.7463249992811,317.9045815671953,279.1489310060469,0.6940180239499693,5.664322548425927,-0.01842597822736753,-0.00812773089562398,0.0944249736038698,1.0281798684914154,0.017300532598057278,0.029022935295418058,-0.015572392209137203,-0.032287525663066634,0
AAPL,2026-06-02,0.0,0.0,0.0,0.0,0,0,0,73.72450793585529,9.96175161794207,9.857385949561115,0.10436566838095551,299.9522655233954,284.9691516958473,318.2307957421835,282.6818721044962,0.9071029543925853,5.912023745855696,0.029022935295418058,0.022281404280346095,0.13965402121213394,0.939464218059069,0.011963900083050255,-0.01567264307615799,-0.07820439099520969,-0.05063455138748944,0
AAPL,2026-06-03,0.0,0.0,0.0,0.0,0,0,0,65.85889869196517,9.550563377331628,9.796021435115218,-0.24545805778359053,300.9084921653265,285.9504651690953,318.23016336930584,285.31439229475666,0.7497394763447209,6.067095252387351,-0.01567264307615799,-0.001898074471885859,0.09277868180702285,1.070683380015322,0.005036879659085146,0.0031264523881506688,-0.06020758942920832,-0.04612260540849289,0
AAPL,2026-06-04,0.0,0.0,0.0,0.0,0,0,0,66.61215484889564,9.196882303865607,9.676193608865297,-0.47931130499969044,301.86595219813023,286.9313027118667,318.4091291885749,287.5318254012688,0.7588096833159721,5.911350063153655,0.0031264523881506688,-0.0040958787681654625,0.08349885079715812,0.958592748218768,0.0032998159119212215,-0.012498826008526146,-0.05012376838848484,-0.04247665535741992,0
AAPL,2026-06-05,0.0,0.0,0.0,0.0,0,0,0,60.817208548787114,8.504927202913336,9.441940327674907,-0.9370131247615703,302.36206768353895,287.72125808767277,317.62298421288085,290.33269205665044,0.6134955478829165,6.061475684883037,-0.012498826008526146,-0.015125326778881508,0.07021698979637962,1.3659978118264333,-0.025023781943842256,-0.018871545388655545,-0.05274283387623768,-0.033610909063082284,0
AAPL,2026-06-08,0.0,0.0,0.0,0.0,0,0,0,53.36307261300308,7.4035970517512055,9.034271672490167,-1.6306746207389615,302.25903094079865,288.25298058951955,317.12698228423625,291.6769636386153,0.37733639333905583,6.786798539710908,-0.018871545388655545,-0.015572392209137203,0.028971206918044175,1.5883866909383402,-0.025470023194608834,-0.036446341189923494,-0.016979545597506734,-0.024010192508388834,0
AAPL,2026-06-09,0.0,0.0,0.0,0.0,0,0,0,42.68676469045502,5.580417939918846,8.343500925975903,-2.763082986057057,301.120039573297,288.33324102059845,317.4477370299442,291.1433915100949,-0.03207720668917329,7.284038817136972,-0.036446341189923494,-0.07820439099520969,-0.007277604460068665,1.3891882016647183,-0.029648386824682908,0.00354500554951791,0.029908842414085493,0.008707560484909496,1
AAPL,2026-06-10,0.0,0.0,0.0,0.0,0,0,0,43.82119118417523,4.1705012961390935,7.508901000008541,-3.338399703869448,300.18753440932227,288.4507113865186,317.8275082804135,290.44189784751615,0.032383338915134376,7.28972493552979,0.00354500554951791,-0.06020758942920832,-0.010922655760933691,1.0388349247101245,-0.038197381506661604,0.01388983748609403,0.014987335354369146,-0.05634814052833256,1
AAPL,2026-06-11,0.0,0.0,0.0,0.0,0,0,0,48.16569790586747,3.3411370906398474,6.675348218134803,-3.3342111274949557,299.72922105039873,288.7222616906012,317.99549207206724,289.95019274238587,0.19343888380244895,7.297860158114326,0.01388983748609403,-0.05012376838848484,-0.010840850928667574,0.8461340780411296,-0.025531977146670274,-0.01522163363108202,0.00805064152209724,-0.0400838694159723,1
AAPL,2026-06-12,0.0,0.0,0.0,0.0,0,0,0,44.08617031406344,2.2946119343012583,5.799200961368094,-3.504589027066836,298.8863571780393,288.80684556119036,318.55821246705875,288.6800840417303,0.07360120813425802,7.313265850135041,-0.01522163363108202,-0.05274283387623768,-0.023741604422673628,0.7673983891052039,0.00569453100680264,0.01817053886847943,0.020197181396309175,-0.03225369531516877,1
AAPL,2026-06-15,0.0,0.0,0.0,0.0,0,0,0,49.50099684033773,1.8701652097980173,5.01339381105408,-3.1432286012560624,298.62714042763827,289.09538421756827,318.6433935141334,288.2142297768823,0.2612740721564126,7.265478598572296,0.01817053886847943,-0.016979545597506734,-0.012690320729724725,0.9141313108051826,0.021116933098614284,0.009513514092780204,-0.007152086082639573,-0.0238175832154268,0
AAPL,2026-06-16,0.0,0.0,0.0,0.0,0,0,0,52.16067287298662,1.7410721489021057,4.358929478623685,-2.6178573297215797,298.66095059803433,289.4831004136165,318.6177663582279,288.3797373038814,0.3506316464561842,7.211115866749689,0.009513514092780204,0.029908842414085493,0.0047005443734116715,0.7927623436692292,0.01801782130491697,-0.01099453743561708,-0.02058559073974025,-0.016241118369647506,0
AAPL,2026-06-17,0.0,0.0,0.0,0.0,0,0,0,48.92328761292944,1.3578651636418044,3.7587166156273093,-2.400851451985505,298.3784769036159,289.72670340942136,318.713149658677,287.98261450147925,0.2509673933665607,7.246277436895065,-0.01099453743561708,0.014987335354369146,-0.010101339295337746,0.8494126706159744,0.02140801815012589,0.006960644246616356,-0.07028213397145087,0.042845054453180625,0
AAPL,2026-06-18,0.0,0.0,0.0,0.0,0,0,0,50.975037051190455,1.2063466151877265,3.2482426155393926,-2.041896000351666,298.3189271361956,290.0414681520207,318.6860820918531,287.5860462040454,0.32691789097399787,7.081953806558235,0.006960644246616356,0.00805064152209724,-0.014028162432694793,1.6308597205314443,0.014779536179954216,-0.0033555138136292344,-0.04775009206421342,0.04915947141151222,0
AAPL,2026-06-22,0.0,0.0,0.0,0.0,0,0,0,49.92660521954021,0.9941864812498693,2.7974313886814883,-1.803244907431619,298.16989496660256,290.3047081992147,318.5110256816752,286.9637942646138,0.31033769529329125,6.98003758372451,-0.0033555138136292344,0.020197181396309175,-0.02616466205321823,0.8499098152396763,0.006144566346170028,-0.009124398732296193,-0.05141248933827696,0.04595796519923102,0
AAPL,2026-06-23,0.0,0.0,0.0,0.0,0,0,0,47.099333274228236,0.6006353228851253,2.358072175522216,-1.7574368526370905,297.7771798953785,290.45144069017687,317.9820926684301,286.0419765454371,0.2506067962461388,7.01386301355757,-0.009124398732296193,-0.007152086082639573,-0.047017741808821435,0.9772348246567474,-0.025648307191134166,-0.004145480706800153,-0.01678554882291305,0.06486588083499528,0
AAPL,2026-06-24,0.0,0.0,0.0,0.0,0,0,0,45.84080706943158,0.18821341038608352,1.9241004224949894,-1.7358870121089058,297.3057744858856,290.54461647078574,317.44483686531214,285.0555446044144,0.23995209369459972,6.9953145329987985,-0.004145480706800153,-0.02058559073974025,-0.049460055627480334,0.9926193872868497,-0.02025914917347493,-0.06117774105404388,0.004435785637842588,0.07895464989413122,1
AAPL,2026-06-25,0.0,0.0,0.0,0.0,0,0,0,32.21626723351268,-1.5661325923534832,1.226053819525295,-2.7921864118787783,295.17312004266137,289.9316080927954,318.7243773572844,280.209079063614,-0.13750837890961198,7.875171195951958,-0.06117774105404388,-0.07028213397145087,-0.11484642664414302,1.9005827648443772,-0.006435293517203424,0.03136469225316168,0.1216790518481417,0.14599317122144287,1
AAPL,2026-06-26,0.0,0.0,0.0,0.0,0,0,0,41.264899863067455,-2.234933104487368,0.5338564347227626,-2.7687895392101307,294.0647716029585,289.680778811736,317.54410709952026,278.51882319833135,0.12854841082391383,8.150509268046227,0.03136469225316168,-0.04775009206421342,-0.09193311169110621,3.908060322629689,-0.023769987187145167,-0.007188654692930387,0.10176904473091383,0.11815488074877649,1
AAPL,2026-06-29,0.0,0.0,0.0,0.0,0,0,0,39.90868521535462,-2.896047312834355,-0.15212431478866095,-2.743922998045694,292.8678622027139,289.3598550505067,316.2240458669327,276.8094960031845,0.11893391941328968,8.176376290438311,-0.007188654692930387,-0.05141248933827696,-0.09716083486651507,0.9943641421753466,-0.004554083990552379,0.02704621295885637,0.10264783527413675,0.11755519589388712,1
AAPL,2026-06-30,0.0,0.0,0.0,0.0,0,0,0,46.92555406707432,-2.773671445549894,-0.6764337409409076,-2.0972377046089865,292.5100331108632,289.3500825676744,315.12038114334274,276.2196212980635,0.33138261287156157,8.251780022998101,0.02704621295885637,-0.01678554882291305,-0.055336098049193115,0.9627926877079906,0.01798031862118026,0.01734867227567029,0.08304539214222968,0.13180817216050789,1
AAPL,2026-07-01,0.0,0.0,0.0,0.0,0,0,0,50.98610806935514,-2.246072419140148,-0.9903614765807557,-1.2557109425593924,292.6639673644417,289.5373868894691,311.95875747047126,277.30103867210687,0.4854706162058385,8.189768329254452,0.01734867227567029,0.004435785637842588,-0.06605330801445873,0.7388226530039016,0.017074927306198976,0.04840675364798175,0.07418977432088128,0.132074183548919,1
AAPL,2026-07-02,0.0,0.0,0.0,0.0,0,0,0,60.27663026431043,-0.6713440385485114,-0.9265579889743069,0.2552139504257954,294.15921277634754,290.275687175743,311.6008988801161,277.4960371550401,0.9050911064599609,8.728103223661309,0.04840675364798175,0.1216790518481417,-0.005253676495561703,1.0901217230833355,0.014272152632611826,0.013057781439962283,0.02167653869726803,0.08135951276231823,1
AAPL,2026-07-06,0.0,0.0,0.0,0.0,0,0,0,62.44468515721175,0.8912744486880229,-0.562991501441841,1.4542659501298638,295.8955348435927,291.14293844267155,311.9563894962069,277.28342373621496,1.0125228683701466,8.6185107209383,0.013057781439962283,0.10176904473091383,0.004594686129392556,0.7704213963516514,0.030576605112689694,-0.006396770744445199,0.01487229659993269,0.04455309793516578,1
AAPL,2026-07-07,0.0,0.0,0.0,0.0,0,0,0,60.6748089143096,1.9459833881688837,-0.06119652351969607,2.0071799116885796,297.27617947437403,291.8978155024412,312.6511102797597,276.9204168198497,0.936782452445341,8.383290250687178,-0.006396770744445199,0.10264783527413675,0.010802367147113082,0.621032586159959,0.009055360286985493,0.008787785980344973,0.01351960267173077,0.05497970442245477,1
AAPL,2026-07-08,0.0,0.0,0.0,0.0,0,0,0,62.24772971642208,2.9677370534774923,0.5445901918797416,2.4231468615977505,298.7851113910631,292.7300566435066,314.7829556208217,275.972549750272,0.9571508984791559,8.339006951279288,0.008787785980344973,0.08304539214222968,0.039298246040531996,0.6205938303599634,-0.0018345609509704882,0.00903022957872151,0.04502376389028992,0.039886397249986966,1
AAPL,2026-07-09,0.0,0.0,0.0,0.0,0,0,0,63.86138703954128,3.9599951001851537,1.2276711735408241,2.7323239266443293,300.4196255219737,293.6405450012368,317.86036542950313,275.45992875994995,0.954885944246614,8.340705209653617,0.00903022957872151,0.07418977432088128,0.08834971276855871,0.7348618975910657,0.007978454367513217,-0.0028460437625229787,0.05388657629387051,0.017203279291503653,1
AAPL,2026-07-10,0.0,0.0,0.0,0.0,0,0,0,62.94003236321211,4.620546012262594,1.906246141285178,2.7142998709774155,301.8128335033259,294.48006517084207,320.3353051329034,275.35694645401065,0.8824546746030426,8.083219550678521,-0.0028460437625229787,0.02167653869726803,0.08141858696494753,0.5287340136703265,0.013655015588639552,0.006310939222858752,0.0584167021601098,0.05613336868309139,1
AAPL,2026-07-13,0.0,0.0,0.0,0.0,0,0,0,64.17093388851114,5.244022756650224,2.573801464358188,2.6702212922920365,303.2627122228752,295.3646335978127,322.87714689909416,274.9812362796168,0.8780566698709916,8.086059176215137,0.006310939222858752,0.01487229659993269,0.07333490652201045,0.6697391182371574,-0.002808601725635577,-0.007721115748007394,0.02924584840346016,0.06176931101950262,1
AAPL,2026-07-14,0.0,0.0,0.0,0.0,0,0,0,61.4642125985863,5.47746858666801,3.1545348888201525,2.3229336978478576,304.3413762094615,296.11851793052716,324.69039719503775,275.53893935281377,0.7944778536288188,7.893863220344479,-0.007721115748007394,0.01351960267173077,0.08150991110764193,0.5636341878116381,0.005510150989173405,0.04014486379222001,0.04090705462571356,0.08009901011229437,1
AAPL,2026-07-15,0.0,0.0,0.0,0.0,0,0,0,68.78061906496914,6.60539760476928,3.8447074320099786,2.7606901727593014,306.5200836138059,297.33809777462716,328.8356709269454,274.4989878865312,0.9702251429174662,8.319878061685145,0.04014486379222001,0.04502376389028992,0.1048512368361749,0.9345023146168318,0.012624058004194673,0.017587781993612734,-0.004916028532383012,0.03264121329497952,0
AAPL,2026-07-16,0.0,0.0,0.0,0.0,0,0,0,71.44151757585114,7.872918632603273,4.6503496721286375,3.2225689604746357,309.0393936844404,298.7355386209347,333.7169885503079,273.01673947703586,0.9877405907520924,8.28868572337795,0.017587781993612734,0.05388657629387051,0.11368803273067894,0.9485691948422025,-0.001317065411650536,0.0014402172368908979,-0.03480763283973922,0.0005100425686202015,0
AAPL,2026-07-17,0.0,0.0,0.0,0.0,0,0,0,71.65828977061005,8.814525750433177,5.4831848877895455,3.331340862643631,311.36444119812467,300.09698387415784,338.05915630406383,272.4503133004284,0.9297844083962346,8.124124486721822,0.0014402172368908979,0.0584167021601098,0.12769041997008462,0.9405080325446177,-0.015444776463544117,-0.02142383591993387,-0.0021573105114066926,-0.07439911598957696,0
AAPL,2026-07-20,0.0,0.0,0.0,0.0,0,0,0,63.87955007569771,8.881923564455406,6.162932623122718,2.718990941332687,312.7876909156768,301.12488894703097,340.52587922312154,272.8391262700425,0.7899542322475535,8.261781692245187,-0.02142383591993387,0.02924584840346016,0.09590277609091609,0.8126673852310132,-0.009450400064329005,0.0035212601306020804,0.03159931387286335,-0.0709451007572706,1
AAPL,2026-07-21,0.0,0.0,0.0,0.0,0,0,0,64.5461818424013,8.925169119868087,6.715379922471793,2.2097891973962946,314.1848232633654,302.1575435203398,342.8955258678219,273.5398287464359,0.7774091251019187,8.198343401371293,0.0035212601306020804,0.04090705462571356,0.10346442496419697,0.6300109127071615,-0.004721795768024684,-0.005644666001250684,0.0376517339491693,-0.05602001094115355,1
AAPL,2026-07-22,0.0,0.0,0.0,0.0,0,0,0,62.546382366005304,8.709889827692905,7.114281903516016,1.595607924176889,315.2728583710954,303.0772160056022,344.6228032901149,274.968831841721,0.7270276051715056,8.016685042641102,-0.005644666001250684,-0.004916028532383012,0.10733954437593718,0.5966722457932971,-0.009803824059031567,-0.012979820539962184,0.03774278644240504,-0.04569025420162515,1
AAPL,2026-07-23,0.0,0.0,0.0,0.0,0,0,0,58.11289823768357,8.104821072098503,7.312389737232514,0.7924313348659888,315.85476167076047,303.79508373156204,345.48772964490456,276.9594474791189,0.6482490751918867,7.910804397425026,-0.012979820539962184,-0.03480763283973922,0.0975162080791265,0.6347518920954368,-0.016703935577468115,0.03531672413627747,0.03659133309587732,-0.02875708866513412,1
AAPL,2026-07-24,0.0,0.0,0.0,0.0,0,0,0,65.23907686365834,8.443829920459507,7.538677773877913,0.9051521465815942,317.4622160094083,304.92990524116993,345.2503902557531,282.97879980772353,0.7989876613214613,8.255676481558362,0.03531672413627747,-0.0021573105114066926,0.2103216284099212,0.7738823072933709,-0.0058657932710645365,0.011681009513348441,-0.07239799042391651,-0.05912558346348105,0
AAPL,2026-07-27,0.0,0.0,0.0,0.0,0,0,0,67.29117983365458,8.923255930810114,7.815593405264353,1.107662525545761,319.2867373362652,306.1726418960812,346.01838026674307,287.519232648296,0.8393362859466171,8.133440251780089,0.011681009513348441,0.03159931387286335,0.18722253734572253,0.9772978225384987,-0.0040426361916116775,0.009408945533389047,-0.09940333737249049,-0.0842484293795104,0
AAPL,2026-07-28,0.0,0.0,0.0,0.0,0,0,0,68.90228956528836,9.449842102635444,8.142443144738571,1.307398957896872,321.23913628229053,307.49084912641257,345.7353648533244,293.6312183986287,0.8858356006471517,8.072746409351458,0.009408945533389047,0.0376517339491693,0.20707026083083868,1.0365956710200388,-0.009916132537019303,-0.00555741270675826,-0.09027281680898872,-0.10264350953796333,0
AAPL,2026-07-29,0.0,0.0,0.0,0.0,0,0,0,66.78999170445734,9.604082603363338,8.434771036463525,1.1693115668998129,322.82575093044295,308.6833095562745,345.23826991828054,299.0071066686335,0.8412395597585152,8.01139165676481,-0.00555741270675826,0.03774278644240504,0.16875176411699994,1.131371221928818,-0.024016205050563205,-0.014074993355015747,-0.08039857441944333,-0.10550085479379505,0
AAPL,2026-07-30,0.0,0.0,0.0,0.0,0,0,0,61.66274399517884,9.236088403369934,8.595034509844806,0.6410538935251271,323.8083146206612,309.64250014927296,343.7365741256451,304.4104351516986,0.7306141735671232,8.052907091981806,-0.014074993355015747,0.03659133309587732,0.1326515895733649,1.4724900288609304,0.004754951096550031,-0.07353858440208277,-0.06304164396767842,-0.08369585300820717,0
AAPL,2026-07-31,0.0,0.0,0.0,0.0,0,0,0,43.24595135886347,6.888195845225994,8.253666776921044,-1.3654709316950502,322.364077927808,309.60333658834867,343.70618562810546,304.4688021648633,0.10640432190772929,9.863497059087354,-0.07353858440208277,-0.07239799042391651,0.0009073209458820861,2.4687159999555655,0.010961845778870402,-0.017772135672998478,0.014308299058667397,-0.00879277799162537,1
AAPL,2026-08-03,0.0,0.0,0.0,0.0,0,0,0,40.34077960555817,4.532610326297402,7.509455486796316,-2.9768451604989146,320.5349818714394,309.3506006176659,344.7038728044654,302.5479124738549,0.014485658903117562,9.818392164056805,-0.017772135672998478,-0.09940333737249049,-0.029552826844163705,1.3710554434197813,0.02513896193909929,0.0196426378360966,0.01682763063852062,0.008020314277373439,1
AAPL,2026-08-04,0.0,0.0,0.0,0.0,0,0,0,44.68513491879196,3.1104419290095393,6.629652775238961,-3.519210846229422,319.4472124856178,309.3412987628677,344.8072243954488,302.31667086822307,0.15995867052507173,9.766518750128048,0.0196426378360966,-0.09027281680898872,-0.004120270161986091,1.2139597606818473,0.04112792206454802,0.005236336596166976,-0.013598244569962685,0.0029652401000372394,0
AAPL,2026-08-05,0.0,0.0,0.0,0.0,0,0,0,45.83962405794729,2.089881627478462,5.721698545686861,-3.631816918208399,318.61719464379553,309.3958370524213,344.9464838454867,301.9386174728727,0.2044604491054464,9.499965528489778,0.005236336596166976,-0.08039857441944333,-0.007626276581177089,0.8762384989796241,0.055287411016198586,0.004533755277783971,-0.027296913288824363,0.01962450256907561,0
AAPL,2026-08-06,0.0,0.0,0.0,0.0,0,0,0,46.878823863846016,1.3788625773947842,4.853131352028446,-3.4742687746336616,318.00039592585966,309.50348297607025,345.0830419933445,301.4213891589992,0.24551106636158743,9.325247572363988,0.004533755277783971,-0.06304164396767842,-0.012048525601547306,0.8192105467104481,0.036228067020911796,0.002944791034225863,-0.022043892247241213,-0.002693721201028917,0
AAPL,2026-08-07,0.0,0.0,0.0,0.0,0,0,0,47.585490422164064,0.8794084907990509,4.058386779782567,-3.178978288983516,317.52988179564386,309.64295413616924,345.1496382672295,301.1559617083564,0.27058515635325814,8.949622766873302,0.002944791034225863,0.014308299058667397,-0.006311132955548132,0.6112645116123765,0.035112350829374785,-0.01533248524372828,-0.02277520263980075,-0.011850736229510593,0
AAPL,2026-08-10,0.0,0.0,0.0,0.0,0,0,0,44.27334797741105,0.095171550684654,3.2657437339629847,-3.1705721832783307,316.647036840404,309.5887210235989,345.51677883304745,299.91116611324156,0.1830661437151934,8.913936298313155,-0.01533248524372828,0.01682763063852062,-0.02768308579725535,0.7943313325488319,0.020272739758967234,-0.010867469011185356,-0.008661562781900996,0.006747506995302673,0
AAPL,2026-08-11,0.0,0.0,0.0,0.0,0,0,0,42.072341655738526,-0.7875806306048503,2.455078861049418,-3.242659491654268,315.52922415675687,309.40524191138365,346.08844175449946,298.37163514979744,0.13702443599123088,8.79008318241802,-0.010867469011185356,-0.013598244569962685,-0.030766142934111673,0.6636289569570635,-0.0009983010050032954,-0.008723897642456816,0.016791823999521182,0.016365452672732685,1
AAPL,2026-08-12,0.0,0.0,0.0,0.0,0,0,0,40.356740512084265,-1.6824143339417788,1.6275802220511786,-3.309994555992957,314.26453614182765,309.12464418936867,346.2374262499676,295.7258702588215,0.12916113180758262,8.525791264951776,-0.008723897642456816,-0.027296913288824363,-0.07630331740294245,0.7504911959453409,0.0035074660415172912,0.009958675816790736,0.04823816897358354,0.03705545808777916,1
AAPL,2026-08-13,0.0,0.0,0.0,0.0,0,0,0,43.180250390454326,-2.124207318683659,0.877222713904211,-3.0014300325878702,313.4069622012369,308.9730898982415,345.10777981153655,294.0842337382681,0.21903173901925177,8.198949903671737,0.009958675816790736,-0.022043892247241213,-0.08322849888743815,0.7420381465715833,0.012126583941168768,0.0021947942367906456,0.019786338970444156,0.03053127336855028,1
AAPL,2026-08-14,0.0,0.0,0.0,0.0,0,0,0,43.81779013395022,-2.3926880025722426,0.22324057060892027,-2.615928573181163,312.69486986547923,308.85375275226266,343.5621013885131,292.8776721710572,0.25752130794892675,7.841167942081346,0.0021947942367906456,-0.02277520263980075,-0.0825377190715328,0.5365028280551641,0.003983158382621264,-0.0011113534012042639,0.01117907204135699,0.0450103613928537,1
AAPL,2026-08-17,0.0,0.0,0.0,0.0,0,0,0,43.55073640380575,-2.602891231973956,-0.341985789907655,-2.260905442066301,312.01821524380415,308.7257623046402,342.81114595723824,291.5567709128789,0.2737956596459586,7.618227461982902,-0.0011113534012042639,-0.008661562781900996,-0.0634937884844104,0.7361130838543573,-0.00046575989686485717,0.014529279409058085,0.015543702532552566,0.03684678785484462,1
AAPL,2026-08-18,0.0,0.0,0.0,0.0,0,0,0,48.00714965974752,-2.3837295647323913,-0.7503345448726022,-1.633395019859789,311.82886129480346,308.77690883305814,341.66690638546527,290.95825230594096,0.37610437152298454,7.495496493018721,0.014529279409058085,0.016791823999521182,-0.05322088362396355,1.0184480460338978,-0.004036006750176536,0.02193332200026715,-0.00041933001104531,0.04870498391436297,0
AAPL,2026-08-19,0.0,0.0,0.0,0.0,0,0,0,53.99708502108677,-1.6424075278279133,-0.9287491414636646,-0.7136583863642487,312.30515894027604,309.09271580322314,340.8704047979442,290.87683336123547,0.5191298093973248,7.651531934644616,0.02193332200026715,0.04823816897358354,-0.026962400143511044,0.9521407217291838,-0.004440177502805678,-0.01745415211206828,-0.010668101216686566,0.025660465320122502,0
AAPL,2026-08-20,0.0,0.0,0.0,0.0,0,0,0,49.04824342292305,-1.4840222730138635,-1.0398037677737044,-0.44421850524015905,312.2094283548182,309.1792754890955,340.3081203774083,290.4308322593105,0.41840998821437475,7.7928514309423225,-0.01745415211206828,0.019786338970444156,-0.0313733462867459,0.772084090949216,-0.019643170156015174,-0.00626399539324739,0.010536456498283742,0.054320604963709274,1
AAPL,2026-08-21,0.0,0.0,0.0,0.0,0,0,0,47.39860420916199,-1.4985734215572961,-1.1315576985304228,-0.36701572302687335,311.93710242612275,309.1859708073081,337.9367210734302,290.46392895098387,0.39782949997588085,7.619790265674121,-0.00626399539324739,0.01117907204135699,-0.07027563799895001,0.8841417929799699,-0.013679645239161277,0.003200226975407676,0.03345726814064544,0.03433003041103482,1
AAPL,2026-08-24,0.0,0.0,0.0,0.0,0,0,0,48.34840883133749,-1.4139225543229372,-1.1880306696889256,-0.22589188463401166,311.78499708438636,309.23122671046815,334.3098115200843,291.4628691439782,0.4405711620729184,7.361946621557889,0.003200226975407676,0.015543702532552566,-0.07806938925078923,0.6633173923484874,-0.011906780916194851,-0.0014178077160482598,0.02097702469048514,0.01894697735450926,1
AAPL,2026-08-25,0.0,0.0,0.0,0.0,0,0,0,47.93413191393384,-1.366587482108173,-1.2237420321727752,-0.14284544993539772,311.6054729712528,309.25745287462564,328.9159253135962,293.8680621131616,0.4574296496091088,7.220379354504646,-0.0014178077160482598,-0.00041933001104531,-0.08795786436273738,0.5075141414012604,-0.0020066962512270458,0.011455367474878636,0.04914492186603719,0.017554057917223996,1
AAPL,2026-08-26,0.0,0.0,0.0,0.0,0,0,0,51.541873015100556,-1.030735608937789,-1.185140747525778,0.154405138587989,311.78114337466025,309.4218669660925,322.87539052555917,297.46373911311275,0.6290922551412205,7.178209749383778,0.011455367474878636,-0.010668101216686566,-0.07235477920905224,0.6822606027160322,-0.0038748348350064314,0.0036049587533212024,0.03672030243994575,0.04185673825567391,1
AAPL,2026-08-27,0.0,0.0,0.0,0.0,0,0,0,52.66615870298805,-0.6657171195242313,-1.0812560219254688,0.4155389024012375,312.0476998696703,309.6241461663346,316.74675740424755,301.7361039238774,0.8556511323897078,7.094051910142079,0.0036049587533212024,0.010536456498283742,-0.05571992060766447,0.678931717930066,0.011146079559560823,0.016275751329747887,0.04332762878951106,0.0562337185978056,1
AAPL,2026-08-28,0.0,0.0,0.0,0.0,0,0,0,57.479997746066594,0.03628764070441548,-0.857747289399492,0.8940349301039074,312.7764915208475,310.0192781679305,318.56421687627494,301.0242627379829,1.0647547491744416,7.143763098340636,0.016275751329747887,0.03345726814064544,0.03582181728617814,0.8976057475526747,0.004740642822047903,-0.008914626195478588,0.0008445073611602979,,1
AAPL,2026-08-31,0.0,0.0,0.0,0.0,0,0,0,54.17710875647681,0.3585269216206939,-0.6144924471954548,0.9730193688161487,313.16444529062545,310.287149851679,319.2074018221133,301.7502214689023,0.8649612554318338,7.236351622845322,-0.008914626195478588,0.02097702469048514,0.04516262495092562,0.9969744627831856,0.004689139360054592,0.026132234873909962,-0.0019883379222870395,,0
AAPL,2026-09-01,0.0,0.0,0.0,0.0,0,0,0,61.1598684046052,1.2674205409534807,-0.23810984956566772,1.5055303905191484,314.3040223946433,310.869222597998,322.05839841870096,300.5008850285647,1.1424842656257825,7.617324850259272,0.026132234873909962,0.04914492186603719,0.051814645985774746,1.308697987356599,-0.005392205340662025,-0.0005229090676994066,-0.030111058339418764,,0
AAPL,2026-09-02,0.0,0.0,0.0,0.0,0,0,0,60.954474367973766,1.9515108178086393,0.19981428390919367,1.7516965338994457,315.31887659087516,311.4218017688639,324.3006973296009,299.68138274852413,1.0267795483625684,7.421087012182717,-0.0005229090676994066,0.03672030243994575,0.04578854175679653,0.8477360925589431,-0.00120097630115393,0.010001231183714116,0.004954504897453478,,1
AAPL,2026-09-03,0.0,0.0,0.0,0.0,0,0,0,63.47937510344243,2.7244988031759476,0.7047511877625445,2.019747615413403,316.54660181603737,312.08016214871543,326.99139559228655,298.5976028207994,1.0429176853053348,7.369581668957612,0.010001231183714116,0.04332762878951106,0.051480559197436895,0.9448806905943445,0.0026844863049642932,-0.025105848234065115,0.012370121764405332,,1
AMZN,2024-11-20,0.0,0.0,0.0,0.0,0,0,0,54.66414978863226,4.330784696862622,4.718105577427978,-0.38732088056535563,201.1562650707631,195.17462623440446,217.68077813491126,182.74122046128016,0.576389220769417,5.2447053983644585,-0.008455088814713288,-0.05240542223655213,0.09837040500514037,0.7220417858353153,-0.011202716229737612,-0.02218059883525382,0.014097005823730906,0.0870958090677879,1
AMZN,2024-11-21,0.0,0.0,0.0,0.0,0,0,0,49.09020479965325,3.5801237845433604,4.490509218851054,-0.9103854343076936,200.89185933857735,195.30032735787145,217.12554493730642,184.496453658885,0.4254961042420787,5.422941119421573,-0.02218059883525382,-0.06194434986467457,0.06438458893455373,1.2446701973244154,0.0005392747264075706,-0.006351495788949677,0.04793827136184266,0.14441976606164802,1
AMZN,2024-11-22,0.0,0.0,0.0,0.0,0,0,0,47.625841540797445,2.850686407154541,4.162544656511751,-1.3118582493572104,200.53263417463546,195.37168687784464,216.5831703394001,185.96782758540456,0.3642672767505596,5.214873504236885,-0.006351495788949677,-0.027096419113694887,0.04945958151290856,0.6659110854908106,0.016662510521074318,0.021966324768223074,0.06894283651235102,0.14696632476822308,1
AMZN,2024-11-25,0.0,0.0,0.0,0.0,0,0,0,52.83289518176445,2.5921166831060987,3.8484590618306207,-1.256342378724522,200.62000205783613,195.61005197864455,216.05004399960467,187.80695368105938,0.48305773600930496,5.187382670438156,0.021966324768223074,-0.0012394645700671576,0.06932426137749308,0.8478375980798277,0.015948486990688154,0.03181932866326265,0.05951851911045008,0.11710100121744611,1
AMZN,2024-11-26,0.0,0.0,0.0,0.0,0,0,0,59.28606320188437,2.871333098186767,3.6530338691018502,-0.7817007709150832,201.3095257295043,196.09044212106443,216.15606115122495,189.4039364073688,0.6898915274840498,5.284712697675275,0.03181932866326265,0.015883876595988715,0.08924172622695799,0.8630456552448329,0.01753357043185078,-0.01019914899914574,0.049552598005933354,0.10776481204036348,1
AMZN,2024-11-27,0.0,0.0,0.0,0.0,0,0,0,56.53130169691913,2.8882542334379764,3.5000779419690757,-0.6118237085310994,201.73147618318615,196.46885637095068,216.03122371968217,190.82977481547405,0.5916418033885468,5.107947330598023,-0.01019914899914574,0.014097005823730906,0.06750381390563176,0.5870076834839687,0.014106959049164758,0.010450052683389333,0.07198404375995716,0.11290947364299019,1
AMZN,2024-11-29,0.0,0.0,0.0,0.0,0,0,0,58.63070815746163,3.0401064395972526,3.408083641494711,-0.36797720189745853,202.31800220284921,196.91674433246823,214.51149038496786,194.4985086995048,0.6691402061228531,5.000951136294704,0.010450052683389333,0.04793827136184266,0.11528973281564779,0.549601014665569,0.014957988201316686,0.013564901305970026,0.09206791786926853,0.09413635760101507,1
AMZN,2024-12-02,0.0,0.0,0.0,0.0,0,0,0,61.27271898822807,3.349391727385097,3.3963452586727882,-0.04695353128769142,203.11724072770807,197.45765658271915,215.02078368505624,195.26721680322498,0.7817722238734525,5.0080264910961985,0.013564901305970026,0.06894283651235102,0.0645683550295493,0.9347184430060225,0.013635362826063877,0.012956175029913265,0.07299126350894494,0.10545292228141592,1
AMZN,2024-12-03,0.0,0.0,0.0,0.0,0,0,0,63.690271535196636,3.7713169912119326,3.471339605180617,0.2999773860313155,204.10036089091741,198.08441524384415,215.548550702804,196.5054501516882,0.889274949962169,4.962453911444796,0.012956175029913265,0.05951851911045008,0.09020330867412829,0.7675733452274541,0.010677102200437513,0.022113948494724478,0.05434778257140904,0.08297409694764171,1
AMZN,2024-12-04,0.0,0.0,0.0,0.0,0,0,0,67.47114793426162,4.435431560349286,3.6641579962143513,0.7712735641349351,205.43937448817377,198.87169322103102,217.3570948615,196.5629063592031,1.0386121728443831,5.076564171955435,0.022113948494724478,0.049552598005933354,0.09353385294290413,1.136827444572176,0.011670593886479185,0.010955259211262744,0.05546383682440376,0.010817751057644733,1
AMZN,2024-12-05,0.0,0.0,0.0,0.0,0,0,0,69.21895389736977,5.095858236080147,3.950498044187511,1.1453601918926362,206.87848197041987,199.72182301831444,219.60054474389835,195.66545714819148,1.0396680523546427,5.060380362867659,0.010955259211262744,0.07198404375995716,0.06499592907378139,0.9956217299554972,0.01307524983003486,0.029381072944344337,0.038177275232090295,0.012423442287289336,1
AMZN,2024-12-06,0.0,0.0,0.0,0.0,0,0,0,73.39320570691284,6.072136820845856,4.37482579951918,1.6973110213266756,208.79767404745576,200.7927318716863,223.12506144927,193.83894001557377,1.133337469724957,5.170352540143296,0.029381072944344337,0.09206791786926853,0.08083787422442965,1.080516361305901,0.008729350841172913,-0.00414043274659952,0.0018940577759872913,-0.009293928651264988,1
AMZN,2024-12-09,0.0,0.0,0.0,0.0,0,0,0,71.87060675855057,6.692843359785456,4.838429311572435,1.8544140482130214,210.44456188464002,201.78478145859629,225.9063122739015,192.8486895571532,1.0055564813466171,5.116041905998016,-0.00414043274659952,0.07299126350894494,0.08603133966866042,1.1302678107573494,0.0017392793883267575,-0.004644181824783556,0.03025342318847348,-0.004555702578532249,1
AMZN,2024-12-10,0.0,0.0,0.0,0.0,0,0,0,70.120671437315,7.019119255284124,5.274567300314773,1.7445519549693511,211.83460297049646,202.6967505498722,228.11063610964848,192.46436541623044,0.9138579502488419,5.097753242023269,-0.004644181824783556,0.05434778257140904,0.08799070426645605,0.7570866387730893,-0.0018377997809039008,0.023195882405071092,0.02715073228154094,0.017819098317010573,1
AMZN,2024-12-11,0.0,0.0,0.0,0.0,0,0,0,73.566474848256,7.611168908904318,5.741887622032682,1.8692812868716357,213.58940216443358,203.7776620775963,231.16677796680543,191.54322264354616,0.9771150404709594,5.173628272029419,0.023195882405071092,0.05546383682440376,0.10219707276085253,0.8623821730123833,-0.00032904539012021226,-0.005602333522571657,-0.04229996728366047,-0.013940725838863976,0
AMZN,2024-12-12,0.0,0.0,0.0,0.0,0,0,0,71.37582809941108,7.8853830601813115,6.170586709662409,1.7147963505189026,215.05422112217354,204.76559694595343,233.3316347012671,190.86536542080324,0.8972918140805345,5.051225642247184,-0.005602333522571657,0.038177275232090295,0.06945350160334875,0.7027801629513516,-0.0038405706776920806,-0.006594726378065836,-0.024806777762539204,-0.022797751639401835,0
AMZN,2024-12-13,0.0,0.0,0.0,0.0,0,0,0,68.79349432273035,7.889905889722712,6.514450545674469,1.3754553440482429,216.23572451185868,205.6555737995971,235.15533219714086,190.63966902356225,0.8271321837154819,5.000423549078858,-0.006594726378065836,0.0018940577759872913,0.07556275444092606,0.7294222528286365,-0.005922790764406276,0.024048121869595384,-0.011166835795081433,-0.027081699992466533,0
AMZN,2024-12-16,0.0,0.0,0.0,0.0,0,0,0,72.6532706334976,8.239888116214416,6.859538059782459,1.3803500564319577,217.82565481318463,206.72515885356512,237.76540943273616,191.06159099450994,0.8964663507470898,5.038964244582712,0.024048121869595384,0.03025342318847348,0.1496470656635525,1.0152613225719809,0.00348951600026783,-0.007641775792156066,-0.03378695472738826,-0.05812902465067834,0
AMZN,2024-12-17,0.0,0.0,0.0,0.0,0,0,0,69.63496954211976,8.278194651827107,7.143269378191389,1.1349252736357176,219.0946394877846,207.6829955219149,239.557376279555,192.21462384251532,0.822414584064341,5.041894410845778,-0.007641775792156066,0.02715073228154094,0.14600891122372842,0.972502558533553,0.00247182347536872,-0.0459874103599754,-0.00908497036632845,-0.0472852821301653,0
AMZN,2024-12-18,0.0,0.0,0.0,0.0,0,0,0,54.95267189751561,7.365892113973899,7.187793925347892,0.17809818862600757,219.23038851489662,208.18640762977947,239.84759478330201,193.51540570497926,0.582847456696498,5.488187187651994,-0.0459874103599754,-0.04229996728366047,0.07775770301866888,1.1520599392496622,-0.03486640000090235,0.012561168873593197,0.029611820482412156,0.016642472781793025,1
AMZN,2024-12-19,0.0,0.0,0.0,0.0,0,0,0,57.4691906481027,6.788151162456188,7.107865372769551,-0.31971421031336256,219.61701754072865,208.77870510649922,240.13279191840647,195.2712074102068,0.6245607724980115,5.494030393207544,0.012561168873593197,-0.024806777762539204,0.10060128111249567,1.052536518959312,-0.030165842561038495,0.007299945952901463,0.00206013134353816,0.019347070867985195,1
AMZN,2024-12-20,0.0,0.0,0.0,0.0,0,0,0,58.92338134606723,6.388176149355189,6.963927528086678,-0.5757513787314892,220.12206331484452,209.41169699130103,239.80996977577195,198.24802888145462,0.6417402246760207,5.635886149859014,0.007299945952901463,-0.011166835795081433,0.1337836104087737,2.2405803023586865,-0.018322067820702167,0.0006224408269080593,-0.01609458983930986,-0.012493320209273085,0
AMZN,2024-12-23,0.0,0.0,0.0,0.0,0,0,0,59.052879328915715,6.01317372687646,6.773776767844635,-0.7606030409681752,220.59234276663017,210.02535583707723,238.7376348277922,202.11436407357502,0.6265315197817645,5.4461807810353795,0.0006224408269080593,-0.03378695472738826,0.14174108732498683,0.7155765489732189,-0.016642260836983943,0.01772863030501578,-0.025193273928962628,-0.013018718153226827,0
AMZN,2024-12-24,0.0,0.0,0.0,0.0,0,0,0,62.665411482489546,5.969133250293652,6.612848064334438,-0.643714814040786,221.3978342223566,210.77142043373138,238.25456626612922,205.35743324558953,0.7202016598642673,5.3485965703224725,0.01772863030501578,-0.00908497036632845,0.13700673378817074,0.3955254169388993,-0.001599151956750124,-0.008731717849172285,-0.038550542298222086,-0.04413883639227471,0
AMZN,2024-12-26,0.0,0.0,0.0,0.0,0,0,0,59.81667794678253,5.707060133309483,6.431690478129447,-0.724630344819964,221.9361360156329,211.4097962226736,238.04537271725454,207.48562703860486,0.6402008779419079,5.136554306928903,-0.008731717849172285,0.029611820482412156,0.09232176650176808,0.44036234364270715,0.029139453920505348,-0.01453425680424039,-0.01259634693640415,-0.037833059777288215,0
AMZN,2024-12-27,0.0,0.0,0.0,0.0,0,0,0,55.34594461728545,5.173446363642512,6.18004165523206,-1.006595291589548,222.108884966525,211.89372578256877,236.79806993713387,210.53392926940907,0.5031982922187038,5.208943938953512,-0.01453425680424039,0.00206013134353816,0.08753763986573987,0.7470792371447884,0.018619220025840218,-0.01094970703125,0.017251399375872906,-0.026770974271124303,1
AMZN,2024-12-30,0.0,0.0,0.0,0.0,0,0,0,52.2251034227949,4.500974891665976,5.844228302518843,-1.343253410852867,222.03184859369006,212.26259940096836,235.38168609805317,213.29131347470073,0.3625420772029369,5.216877037901029,-0.01094970703125,-0.01609458983930986,0.0645052850136143,0.7695232785191409,-0.004956428959986894,-0.008630834323407858,0.003660178705032856,0.009263456952046929,1
AMZN,2024-12-31,0.0,0.0,0.0,0.0,0,0,0,49.86446034008438,3.7704516526366945,5.429472972542413,-1.6590213199057189,221.78024390759086,212.5421052828774,234.2044820613976,215.3365167789344,0.214834114332484,5.150671055631871,-0.008630834323407858,-0.025193273928962628,0.04119402211195509,0.6881288574287103,-0.014478249377518685,0.0037832254586069787,0.01248919960247443,0.005788797465673636,1
AMZN,2025-01-02,0.0,0.0,0.0,0.0,0,0,0,50.90302909488383,3.2213472478672713,4.987847827607386,-1.7665005797401143,221.6316493659825,212.84319924122352,233.29520147050246,216.92379724775927,0.20133911105589603,5.279908227020889,0.0037832254586069787,-0.038550542298222086,0.03176536123381148,0.9391826633193809,-0.027706626079742076,0.018027432561515674,-0.005812363873407067,0.025974031373156587,0
AMZN,2025-01-03,0.0,0.0,0.0,0.0,0,0,0,55.63681438875859,3.0711219882564933,4.604502659737207,-1.5333806714807139,221.87530203983238,213.2881719157405,232.97090055612065,217.85109804007075,0.41924518488959456,5.2699147386371425,0.018027432561515674,-0.01259634693640415,0.02764025796697482,0.7840548128273346,-0.015615302248773657,0.015254909370185475,-0.02555865857147952,0.029082493427265963,0
AMZN,2025-01-06,0.0,0.0,0.0,0.0,0,0,0,59.27923197859993,3.1912459608618633,4.321851319962139,-1.1306053591002758,222.42146380845327,213.84981225670563,233.03688964878052,218.49110870327024,0.626909750754632,5.225634678483374,0.015254909370185475,0.017251399375872906,0.03201087037363104,0.9197314829237365,0.0005881335373003116,-0.024164140350825442,-0.043275805443970694,0.03251172565634547,0
AMZN,2025-01-07,0.0,0.0,0.0,0.0,0,0,0,51.89933494610271,2.8102462703291735,4.019530310035546,-1.2092840397063727,222.39180064672928,214.17374121175058,232.9343772321482,218.10162130300805,0.2702383378040174,5.346660642087798,-0.024164140350825442,0.003660178705032856,-0.021671136833895682,0.8302852703165284,0.0006970841618573489,9.006470850464349e-05,0.005582844040144815,0.059925251100888206,1
AMZN,2025-01-08,0.0,0.0,0.0,0.0,0,0,0,51.92277895328401,2.4813124231813504,3.711886732664707,-1.2305743094833566,222.36686771683245,214.48575155179222,232.8748730789829,217.76512631066555,0.2888783405225152,5.201899690811437,9.006470850464349e-05,0.01248919960247443,-0.017515111323899237,0.7647151994677439,0.005818417701802333,-0.01436097047352597,-0.0066177517147160865,0.05726376869893702,0
AMZN,2025-01-10,0.0,0.0,0.0,0.0,0,0,0,47.91243224503441,1.9408505256948274,3.3576794912707313,-1.4168289655759039,222.0404995953633,214.6604280572673,233.066658692327,216.9633416128488,0.1227486746240914,5.232478633097228,-0.01436097047352597,-0.005812363873407067,-0.02710625234053653,1.1149582316589153,-0.007098369368140109,-0.0021923619356290142,0.03197222947813465,0.07527174359993677,1
AMZN,2025-01-13,0.0,0.0,0.0,0.0,0,0,0,47.32018713262498,1.4570035049465275,2.9775442940058907,-1.5205407890593632,221.69950027331606,214.80943114183984,232.5814952772836,216.2685062485953,0.13434082873579378,5.068015350431801,-0.0021923619356290142,-0.02555865857147952,-0.05124636530215167,0.8360257688771514,-0.017839250630239365,-0.0032043036964111535,0.056074336828363776,0.09013085497340748,1
AMZN,2025-01-14,0.0,0.0,0.0,0.0,0,0,0,46.41902648111805,1.0054756231162116,2.5831305598279553,-1.5776549367117436,221.324309247937,214.92513950909458,232.23258360703358,215.49641724745862,0.13525064287391572,5.10744356654214,-0.0032043036964111535,-0.043275805443970694,-0.04895840788794823,0.7618776602990813,-0.022121135180254416,0.025670516796895883,0.07921565225543982,0.0886756672689787,1
AMZN,2025-01-15,0.0,0.0,0.0,0.0,0,0,0,53.95933526439634,1.0861829014957607,2.2837410281615163,-1.1975581266657556,221.5172327579921,215.255526434366,231.86407826619902,215.45392252725802,0.4811705447450658,5.157627084459331,0.025670516796895883,0.005582844040144815,-0.01806911320248807,0.9609931016519055,0.0070500416166233626,-0.012043887924316954,0.054040706226063995,0.05054843509115581,1
AMZN,2025-01-16,0.0,0.0,0.0,0.0,0,0,0,50.29159487284744,0.922449857589811,2.0114827940471756,-1.0890329364573645,221.43559189171756,215.46746671780693,230.14664967391408,215.94435221817574,0.3320344091250046,5.0992248882758515,-0.012043887924316954,-0.0066177517147160865,-0.052676724335584624,0.7755638174429493,0.003647147148886526,0.02392820942476731,0.06430708876056675,0.07713218857611422,1
AMZN,2025-01-17,0.0,0.0,0.0,0.0,0,0,0,56.536458252102214,1.2048532174639774,1.850156878730536,-0.6453036612665586,221.8645833726403,215.8781543932422,229.0054466732903,216.56455607329173,0.7535992936161341,5.152851028022331,0.02392820942476731,0.03197222947813465,-0.022539440158546184,1.3140957448454154,0.029440576746084184,0.02111181827440211,0.0419580225949477,0.050809930085382767,1
AMZN,2025-01-21,0.0,0.0,0.0,0.0,0,0,0,61.27023336277239,1.792892051436752,1.8387039132717793,-0.04581186183502739,222.70700464323335,216.45979566071767,230.30810811314387,216.28089487757876,1.02865135034123,5.201932835870067,0.02111181827440211,0.056074336828363776,0.04620897081434894,1.2455151835690308,0.03725540737994551,0.018638063663626483,0.0322482205630745,0.04919591918179401,1
AMZN,2025-01-22,0.0,0.0,0.0,0.0,0,0,0,64.97371136157884,2.5761933885873987,1.9862018083349033,0.5899915802524953,223.87871796357643,217.18725443899683,232.55619430905108,215.2048088037419,1.1414181130973111,5.168223042417852,0.018638063663626483,0.07921565225543982,0.05248780318464447,1.2891023974298663,0.041653013329318284,0.0017446222360447264,0.008765639187838419,0.004935975870062977,1
AMZN,2025-01-23,0.0,0.0,0.0,0.0,0,0,0,65.31429253875689,3.193239533035097,2.227609353274942,0.9656301797601552,224.9778875069449,217.90226399703403,234.4345110045508,214.37649210824213,1.0491318294936824,5.085493522646934,0.0017446222360447264,0.054040706226063995,0.04668326554099063,0.9086472978094552,0.02862786146920476,-0.002421170970448492,-0.0033132222638839783,0.014484766326700257,0
AMZN,2025-01-24,0.0,0.0,0.0,0.0,0,0,0,64.37711092336001,3.5948205978754117,2.501051602195036,1.0937689956803758,225.9180892780469,218.5668813345431,235.9111015602465,213.87890240703865,0.951838876847826,4.970101215365234,-0.002421170970448492,0.06430708876056675,0.04349954968062716,0.8943229986952032,0.02760109810075745,0.0024270472668348588,0.012050187348167419,-0.02427086250327299,1
AMZN,2025-01-27,0.0,0.0,0.0,0.0,0,0,0,64.91919883142745,3.9139524732931363,2.7836317764146563,1.13032069687848,226.823032981942,219.2277878770687,237.0309034703666,213.39610000863732,0.931841815226864,5.31152255712486,0.0024270472668348588,0.0419580225949477,0.027810500031943197,1.6115596785828443,0.0029955469353430387,0.011596277923593924,0.008495454997687718,-0.009684813512149767,1
AMZN,2025-01-28,0.0,0.0,0.0,0.0,0,0,0,67.47232045958532,4.33715855938371,3.094337133008467,1.2428214263752428,227.90179116427936,219.96983517194772,238.85341259793233,212.68358996554423,0.9731209985130966,5.488557270538933,0.011596277923593924,0.0322482205630745,0.048887869172132246,1.301914152405494,0.002437701942965804,-0.004534900692607442,0.016418239606627576,-0.022632792474440645,1
AMZN,2025-01-29,0.0,0.0,0.0,0.0,0,0,0,65.44320103997333,4.533151195890639,3.3820999455849012,1.1510512503057377,228.7749546080831,220.6404301583113,240.36901335386344,212.499989942035,0.8816246274261447,5.399375000726442,-0.004534900692607442,0.008765639187838419,0.059530758990921785,0.8184514427048173,-0.007634609122446826,-0.010250170242948595,-0.0037963855716365595,-0.03433591089953928,0
AMZN,2025-01-30,0.0,0.0,0.0,0.0,0,0,0,60.9981891932233,4.441200050841871,3.5939199666362955,0.8472800842055759,229.33353030156553,221.1894328732657,241.26428667574982,212.93871625393768,0.7661375503668466,5.422990766927343,-0.010250170242948595,-0.0033132222638839783,0.060280145295662994,0.9986394536604158,-0.007724298696231885,0.012955989149507845,0.017857153308495532,-0.018198108948040324,1
AMZN,2025-01-31,0.0,0.0,0.0,0.0,0,0,0,64.26794968409772,4.5610531759698745,3.787346608503012,0.7737065674668626,230.1284314800623,221.8361214929722,242.42872775512305,213.60327450317774,0.8352589623539978,5.439205276181418,0.012955989149507845,0.012050187348167419,0.08336748865953914,1.1066954550953814,-0.010115569604135228,-0.0010938846972727546,-0.035888585670450716,-0.03786603953777835,0
AMZN,2025-02-03,0.0,0.0,0.0,0.0,0,0,0,63.77550066300055,4.582237080570792,3.9463247029165682,0.6359123776542237,230.82286640281305,222.44725391163783,243.3777180816235,214.3742838715015,0.7945857076952983,5.504262478133861,-0.0010938846972727546,0.008495454997687718,0.07810370017664497,1.1369276373771264,-0.002669555733475301,0.01954342273369351,-0.018027119923787034,-0.04536266681628532,0
AMZN,2025-02-04,0.0,0.0,0.0,0.0,0,0,0,68.42539602653697,4.916757332289109,4.140411228791076,0.7763461034980326,231.89306937003028,223.21638111347926,245.17983065948837,214.35917080535538,0.8987746169076176,5.475387022803987,0.01954342273369351,0.016418239606627576,0.0797091526053128,0.9030116037799764,-0.00453256795437384,-0.024332807771026633,-0.03842023938509966,-0.06374449653560052,0
AMZN,2025-02-05,0.0,0.0,0.0,0.0,0,0,0,58.210696545289586,4.652956924833916,4.242920367999645,0.410036556834271,232.3003959223079,223.72436609604657,245.8181958000848,214.57680542061834,0.6911725914259947,5.574287993343099,-0.024332807771026633,-0.0037963855716365595,0.03760817861974228,1.1647623544693948,0.004004500472607391,0.011263088803542815,-0.030655906970812146,-0.05627299567757016,0
AMZN,2025-02-06,0.0,0.0,0.0,0.0,0,0,0,61.03938881570202,4.605444568108965,4.315425208021509,0.2900193600874559,232.92226315171234,224.31674396800767,246.6230169569371,215.44398438583633,0.7500559034950427,5.4368395049095515,0.011263088803542815,0.017857153308495532,0.07527802068685366,1.7454154508719553,0.0021154050574361664,-0.04053095448794506,-0.03542271343217461,-0.09316249980912937,0
AMZN,2025-02-07,0.0,0.0,0.0,0.0,0,0,0,48.24193775420603,3.7435417232663326,4.201048511070473,-0.45750678780414056,232.5629994131192,224.5062831808891,246.46413167137248,216.30486857276813,0.4259097870435258,5.8177798454489364,-0.04053095448794506,-0.035888585670450716,0.0316030651391529,2.0668854322307046,-0.0017446417228184862,0.01741219986663625,-0.0020510636405054504,-0.0717433454964164,0
AMZN,2025-02-10,0.0,0.0,0.0,0.0,0,0,0,52.648774742541136,3.3438913089751736,4.029617070651414,-0.68572576167624,232.61795179183625,224.84486028711498,246.05953271417343,218.12946722479143,0.5374327593525863,5.742938733092651,0.01741219986663625,-0.018027119923787034,0.06485793728828726,0.9459062666197506,0.011843993197228045,-0.0016299428832775938,-0.02783737458245967,-0.0872437007426437,0
AMZN,2025-02-11,0.0,0.0,0.0,0.0,0,0,0,52.19298819136021,2.9623540842323735,3.816164473367606,-0.8538103891352327,232.63147966945525,225.1552577074962,245.29492840181368,220.32407031644803,0.4980174949484844,5.569157220628443,-0.0016299428832775938,-0.03842023938509966,0.06545814956280979,0.6363016651140029,0.005866029270828928,-0.016454725560419294,-0.026336096273809655,-0.07909429815173685,0
AMZN,2025-02-12,0.0,0.0,0.0,0.0,0,0,0,47.70990991192865,2.324142675654798,3.517760113825045,-1.193617438170247,232.27895709862915,225.3032865297819,243.96756741681452,222.7684311183417,0.2906515374347313,5.499931050921165,-0.016454725560419294,-0.030655906970812146,0.051294996559134574,0.8575840266432833,-0.0014232121462505623,0.006290143220533066,-0.026427239708765277,-0.08819284422557494,0
AMZN,2025-02-13,0.0,0.0,0.0,0.0,0,0,0,49.46736812761623,1.9125055255064467,3.1967091961613257,-1.284203670654879,232.09715119563472,225.50198098418997,243.39286096986,224.04513646666345,0.3269045230346897,5.3142212541756795,0.006290143220533066,-0.03542271343217461,0.03143044021417368,0.8325885238693175,0.005624086888348938,-0.007336035409240506,-0.05986019698059179,-0.07852583548776992,0
AMZN,2025-02-14,0.0,0.0,0.0,0.0,0,0,0,47.451668155621576,1.433387842451765,2.844044925419414,-1.4106570829676488,231.77170752707727,225.62660889366416,242.11444965913603,226.12554667875457,0.1597636811081415,5.158919692423734,-0.007336035409240506,-0.0020510636405054504,0.03634545853607736,0.7158064716014835,0.01486420701719615,-0.008877028355405688,-0.06983551894964439,-0.10346330750878174,0
AMZN,2025-02-18,0.0,0.0,0.0,0.0,0,0,0,45.075689203963094,0.8797386115965935,2.45118366265485,-1.5714450510582565,231.28392527654464,225.6667416388728,242.00941017410864,226.30158530928978,0.02218057498049496,5.188996988040231,-0.008877028355405688,-0.02783737458245967,0.0031423893396754716,1.1371062505900802,0.010977863016780557,-8.819331220015115e-05,-0.06110739562186855,-0.10081619880899981,0
AMZN,2025-02-19,0.0,0.0,0.0,0.0,0,0,0,45.0517679900369,0.43434777024509685,2.047816484172899,-1.6134687139278023,230.84069476285586,225.7045166680469,242.34612707709547,225.55686822319748,0.06391804837566518,5.041211140122179,-8.819331220015115e-05,-0.026336096273809655,-0.017684546453656066,0.7674238364070725,0.012588517500638174,-0.016546793977871895,-0.054185229293211665,-0.08061599911233344,0
AMZN,2025-02-20,0.0,0.0,0.0,0.0,0,0,0,40.689178516613985,-0.21870029942056135,1.5945131274542073,-1.8132134268747686,230.08253382189935,225.5937514999985,243.00367012907057,223.68632620882008,-0.04174079673356673,5.025410867557649,-0.016546793977871895,-0.026427239708765277,-0.05161478195630783,0.8185595123842214,0.011634868841753333,-0.02826634473141848,-0.06344220692692049,-0.09951546773445326,0
AMZN,2025-02-21,0.0,0.0,0.0,0.0,0,0,0,34.62328295480914,-1.2304196823538405,1.0295265654925978,-2.2599462478464383,228.79657839419986,225.24027112082422,244.44842839232285,220.35756831177872,-0.15680496537252359,5.278595238834223,-0.02826634473141848,-0.05986019698059179,-0.08002717052257562,1.4521547175948606,-0.016056128947521144,-0.017868663239768216,-0.01985410940716526,-0.08001662981133928,0
AMZN,2025-02-24,0.0,0.0,0.0,0.0,0,0,0,31.515214244127748,-2.3177730010390007,0.3600666521862781,-2.677839653225279,227.26452394845387,224.74888820290434,246.01183351587014,216.5801632492666,-0.13149632692749108,5.280124368328765,-0.017868663239768216,-0.06983551894964439,-0.09427293512562106,1.0890215708616182,-0.020485507505355514,0.000423094048469878,-0.036152518446161644,-0.08542152627627095,0
AMZN,2025-02-25,0.0,0.0,0.0,0.0,0,0,0,31.668831611091818,-3.136095431732258,-0.33916576459742914,-2.7969296671348287,225.8869505297209,224.28030447148683,246.79202649362998,213.53797075978798,-0.02219181064519459,5.558686390289656,0.000423094048469878,-0.06110739562186855,-0.09608357528299116,1.4964289820608994,-0.02820968891433723,0.007283848822975893,-0.04229323247618091,-0.07617484248778203,0
AMZN,2025-02-26,0.0,0.0,0.0,0.0,0,0,0,34.39815301689016,-3.617845292884681,-0.9949016702548795,-2.6229436226298013,224.78819391770134,223.8908810060762,246.52676351612882,211.4232349579923,0.08337541169618248,5.544494548865507,0.007283848822975893,-0.054185229293211665,-0.0999369657901977,0.996048457319521,-0.03000349328896549,-0.02617215045770671,-0.027944974679736286,-0.07212505842617573,0
AMZN,2025-02-27,0.0,0.0,0.0,0.0,0,0,0,29.764260370830925,-4.401577052814076,-1.676236746766719,-2.7253403060473573,223.25979502012638,223.29672902517768,246.76328246757046,208.35371582344519,0.010057121271321611,5.977031088483373,-0.02617215045770671,-0.06344220692692049,-0.11950057348380794,1.0137493407586649,-0.0414988963238017,0.01695886362448497,-0.03851685509889082,-0.07114115987700279,0
AMZN,2025-02-28,0.0,0.0,0.0,0.0,0,0,0,35.65475191644262,-4.68305885839132,-2.277601169091639,-2.4054576892996806,222.21410014004738,222.86470038808432,246.4525202952942,206.4284779346863,0.1462001461993681,5.952242412450521,0.01695886362448497,-0.01985410940716526,-0.09529492272636791,1.2631497019908136,-0.00960102119501174,-0.03420008737791639,-0.06138118925110743,-0.06750519084915435,0
AMZN,2025-03-03,0.0,0.0,0.0,0.0,0,0,0,30.0825530761403,-5.429369705375848,-2.907954876348481,-2.521414829027367,220.57656720027725,222.16490838355006,246.16906611807687,203.4459332715716,0.03684352939529586,6.345653058352492,-0.03420008737791639,-0.036152518446161644,-0.13741160135372324,1.0392056446814972,-0.022504585501343814,-0.005950644792114075,-0.051117016719991554,-0.04526386979762345,0
AMZN,2025-03-04,0.0,0.0,0.0,0.0,0,0,0,29.255144365617852,-6.049535056597875,-3.5362709123983604,-2.513264144199515,218.97879918613253,221.44471601759741,245.51983463543166,200.73316524249805,0.06847657686605399,6.561678581039926,-0.005950644792114075,-0.04229323247618091,-0.1416055739890281,1.4316198724120128,-0.029247440022381586,0.022374865016246717,-0.035377853807176375,-0.05387632759137173,0
AMZN,2025-03-05,0.0,0.0,0.0,0.0,0,0,0,36.30674735197145,-6.102718531580905,-4.049560436234869,-2.0531580953460358,217.96748503605815,220.93158992319562,242.93612674443406,199.94687343867142,0.19570303098408035,6.572987341015868,0.022374865016246717,-0.027944974679736286,-0.13922166937180386,0.8989278084376301,-0.01930899763244929,-0.03676331176651387,-0.04545018810214308,-0.06152815937159216,0
AMZN,2025-03-06,0.0,0.0,0.0,0.0,0,0,0,30.76010836520055,-6.685894269566859,-4.576827202901267,-2.1090670666655917,216.32296236102806,220.1381941202563,241.8511924176928,197.48480764334238,0.07246903982040497,6.822059499414288,-0.03676331176651387,-0.03851685509889082,-0.15018842992635115,1.1460807130071176,-0.02109205338897497,-0.007224698407026494,-0.03393122900918606,-0.028649726394778408,0
AMZN,2025-03-07,0.0,0.0,0.0,0.0,0,0,0,29.83106889314905,-7.182275082725397,-5.097916778866093,-2.084358303859304,214.69696594569206,219.31904925279525,239.74281460866428,195.63518526926543,0.08195440981240079,7.030484213253557,-0.007224698407026494,-0.06138118925110743,-0.1657245803609426,1.3762516572351717,-0.03073160823922798,-0.023638678614138958,-0.006524482066538582,-0.01525718085888488,0
AMZN,2025-03-10,0.0,0.0,0.0,0.0,0,0,0,26.980476974611264,-7.8650551718307895,-5.651344457459032,-2.213710714371757,212.77725426382926,218.3473215678281,239.52323299343414,192.3937668234604,0.04553895125677831,7.12830633348433,-0.023638678614138958,-0.051117016719991554,-0.15103644570021763,1.460414667457381,-0.03972456641414724,0.010537694677220598,0.006168460205846986,0.04482369446717105,1
AMZN,2025-03-11,0.0,0.0,0.0,0.0,0,0,0,30.110833202794467,-8.146833571738028,-6.150442280314832,-1.9963912914231967,211.2356106518351,217.4940931274384,237.7514277656112,190.51057174610753,0.12868997524670528,7.10342722247094,0.010537694677220598,-0.035377853807176375,-0.15677276806830368,1.2379421737827927,-0.03630004241194732,0.011699491808345445,-0.01917691176509397,0.046391019613742056,0
AMZN,2025-03-12,0.0,0.0,0.0,0.0,0,0,0,33.552674670391525,-8.091282689226091,-6.538610362097083,-1.5526723271290077,210.05983815067444,216.76452082399564,235.31767882398802,189.55732117601198,0.20394679354192582,7.041040348460739,0.011699491808345445,-0.04545018810214308,-0.1455146757025412,0.978886812157176,-0.04148789871959987,-0.025139524437347016,-0.016843512060918543,0.0112625345670379,0
AMZN,2025-03-13,0.0,0.0,0.0,0.0,0,0,0,30.08414833306942,-8.354411967152942,-6.901770683108255,-1.4526412840446863,208.51985350676722,215.86748076774674,233.6120365888827,187.758964082504,0.13371045759892172,7.0431083282442355,-0.025139524437347016,-0.03393122900918606,-0.1530598628715185,0.9156906441169923,-0.03717411513326766,0.020939695556110815,0.005467004806491025,0.03852700626240726,1
AMZN,2025-03-14,0.0,0.0,0.0,0.0,0,0,0,35.88042292172163,-8.141485961228824,-7.14971373873237,-0.9917722224964542,207.5132005011934,215.16483434345244,230.74532707435256,187.38367378013962,0.2436789735946889,6.880028769572214,0.020939695556110815,-0.006524482066538582,-0.14073012482573305,0.8389830116547612,-0.022763378444656437,-0.011164392468548355,-0.008790049311442796,-0.026420792160489627,0
AMZN,2025-03-17,0.0,0.0,0.0,0.0,0,0,0,34.2175037952361,-8.05817873977054,-7.331406738940005,-0.7267720008305352,206.39194383376204,214.4030763493235,227.8567462196657,186.97825591656476,0.21433642758413357,6.7228833343014305,-0.011164392468548355,0.006168460205846986,-0.1440440276264962,1.0197759873855405,0.01172010789427318,-0.014917738259935266,0.0384182527977629,-0.027996376992640407,1
AMZN,2025-03-18,0.0,0.0,0.0,0.0,0,0,0,32.10058961280815,-8.134012779287247,-7.4919279470094535,-0.642084832277793,205.09937845190078,213.55668148559388,225.08982551199963,186.36217796700427,0.16674984840510926,6.696963139733583,-0.014917738259935266,-0.01917691176509397,-0.14926091984682102,0.8729728010463014,0.009173986134496855,0.014106347155876414,0.06684990613019967,-0.00337106695665909,1
AMZN,2025-03-19,0.0,0.0,0.0,0.0,0,0,0,36.06829985987583,-7.883752673350898,-7.570292892277743,-0.3134597810731554,204.18896081706575,212.85014469345816,221.45291507869794,186.890087240638,0.25026615547845016,6.5050368088123225,0.014106347155876414,-0.016843512060918543,-0.1371840044426418,0.8420858238846697,0.014779824995692819,-0.0030172668413017993,0.02858756156598537,0.002403606611642736,1
AMZN,2025-03-20,0.0,0.0,0.0,0.0,0,0,0,35.58258788206574,-7.644901840402298,-7.585214681902654,-0.0596871584996439,203.30905949622542,212.1481781152144,218.19745255508576,187.35254897079312,0.2463112895356225,6.541820199072938,-0.0030172668413017993,0.005467004806491025,-0.12531410320659117,0.8231086509719687,0.0255158515716473,0.00646324588535143,0.03288024499847099,-0.08484223413721859,1
AMZN,2025-03-21,0.0,0.0,0.0,0.0,0,0,0,37.51775746280261,-7.270133008892429,-7.522198347300609,0.2520653384081797,202.6329592312389,211.5231517857498,216.04659795374465,187.46640406041553,0.30593223706199196,6.39383312918938,0.00646324588535143,-0.008790049311442796,-0.09405298247747412,1.2637666081778793,0.005093387035093035,0.03593082692897381,-0.017787092267182548,-0.12848481652941846,0
AMZN,2025-03-24,0.0,0.0,0.0,0.0,0,0,0,47.094460856264796,-6.331267997770141,-7.284012277394516,0.9527442796243752,202.69267687653388,211.199106402263,214.69183707998877,187.87616371346826,0.5736880287546484,6.467844525374514,0.03593082692897381,0.0384182527977629,-0.044426740203826885,0.876618846734302,0.015263935231386297,0.0120535878837134,-0.06395749459475061,-0.13775460374253978,0
AMZN,2025-03-25,0.0,0.0,0.0,0.0,0,0,0,49.96459012053201,-5.328096226127457,-6.892829067141104,1.5647328410136474,202.98004162294657,210.98384759095336,213.44595562900858,188.4130455306594,0.690968853211695,6.219427451645196,0.0120535878837134,0.06684990613019967,-0.03331765148596439,0.6762426782516565,0.02882459938754269,-0.022264360904062638,-0.06582085510188808,-0.17038550341651923,0
AMZN,2025-03-26,0.0,0.0,0.0,0.0,0,0,0,45.04499928837434,-4.846772662490139,-6.483617786210911,1.6368451237207724,202.8038476476957,210.59742238671254,211.1726286071937,189.36437243040393,0.5395035878627733,6.209468478745874,-0.022264360904062638,0.02858756156598537,-0.061674834822812254,0.7176556083982704,0.00559030354352123,0.0011435177345770389,-0.025456223595080773,-0.04986823713916185,0
AMZN,2025-03-27,0.0,0.0,0.0,0.0,0,0,0,45.33607519910968,-4.396086192343915,-6.066111467437512,1.6700252750935967,202.6663384060439,210.23517055234544,210.10931711098058,189.68968343833583,0.5715243162099386,6.088077480752307,0.0011435177345770389,0.03288024499847099,-0.03535500952669173,0.6054470218617345,0.005828604149591143,-0.04290822091507419,-0.11397495470141734,-0.10001986158423301,0
AMZN,2025-03-28,0.0,0.0,0.0,0.0,0,0,0,37.335827172869436,-4.682117129240112,-5.789312599798032,1.1071954705579206,201.71906819791622,209.54830116679085,207.86957937910262,189.9734214143544,0.15347315394504982,6.330357355522788,-0.04290822091507419,-0.017787092267182548,-0.09214244239246427,1.1636337707606874,-0.014752444812357792,-0.012764667384211904,-0.11270237174723427,-0.04073270056970263,0
AMZN,2025-03-31,0.0,0.0,0.0,0.0,0,0,0,35.419334378636194,-5.049097833279376,-5.641269646494301,0.5921718132149252,200.62772784638474,208.79189698404753,207.42771569690956,188.93928411998496,0.07143442002399783,6.472475210429643,-0.012764667384211904,-0.06395749459475061,-0.0719930224272638,1.3758265825793694,-0.025588796656385162,0.01003891368261734,-0.07883948508923697,-0.042783557367105735,0
AMZN,2025-04-01,0.0,0.0,0.0,0.0,0,0,0,38.07709185452717,-5.126713786950631,-5.538358474585568,0.41164468763493645,199.8222297818667,208.14005781482786,206.82297437039645,188.38102495821684,0.20545405076461826,6.490869533080316,0.01003891368261734,-0.06582085510188808,-0.05706577384034141,0.9128039358201965,-0.02517992149955574,0.019982288465833834,-0.11193211589628851,-0.06546288156799086,0
AMZN,2025-04-02,0.0,0.0,0.0,0.0,0,0,0,43.1432222996453,-4.822775424132573,-5.395241864494969,0.5724664403623967,199.45915975567328,207.6643690576517,204.7858535515798,189.18314516668192,0.4375425837453857,6.790092614701812,0.019982288465833834,-0.025456223595080773,-0.05927244225061719,1.1678827034926875,-0.007158088292523043,-0.08979129298487254,-0.02504968389838445,-0.11060656743717806,0
AMZN,2025-04-03,0.0,0.0,0.0,0.0,0,0,0,30.732659368049596,-5.933674547154908,-5.502928401026957,-0.4307461461279507,197.4544782229529,206.51713904214026,206.9214286902925,184.81857069935597,-0.2899429132592035,7.668657166358156,-0.08979129298487254,-0.11397495470141734,-0.11106125373724396,1.9804952917074718,-0.05357288448598498,-0.04153356599971366,0.015750224207806213,-0.032509404925199346,1
AMZN,2025-04-04,0.0,0.0,0.0,0.0,0,0,0,27.18675556838626,-7.327528288412964,-5.867848378504159,-1.4596799099088047,194.9350041064812,205.12431006009555,209.80585316981913,179.10914621982928,-0.26416990698840964,8.00732477319753,-0.04153356599971366,-0.11270237174723427,-0.14178168130489335,2.3953910087400505,-0.0906668624125938,0.02491224857798794,0.08111108255665204,-0.021520425004568713,1
AMZN,2025-04-07,0.0,0.0,0.0,0.0,0,0,0,32.04128631919197,-7.996245722888489,-6.293527847381025,-1.7027178755074637,193.06119366841975,203.95316043055598,210.97383873753068,176.01316077418807,-0.021543239754728067,9.008944345061769,0.02491224857798794,-0.07883948508923697,-0.09910557954497057,2.0334642357567874,-0.09833928033415767,-0.02624666774451566,0.03914185110900475,-0.01186809252680627,1
AMZN,2025-04-08,0.0,0.0,0.0,0.0,0,0,0,29.73586619901006,-8.795995168021136,-6.794021311509048,-2.0019738565120884,190.92774700115208,202.64754643963653,212.22684426196886,172.16715598217175,-0.037622667194404026,9.603304504147758,-0.02624666774451566,-0.11193211589628851,-0.13189884103367025,1.5818114336434697,-0.1149615112006334,0.11977031526306256,0.05232621870477507,0.05824447573015709,1
AMZN,2025-04-09,0.0,0.0,0.0,0.0,0,0,0,47.73216844476182,-7.691798724659378,-6.973576794139115,-0.7182219305202633,190.94415262994863,202.19470172057297,211.60318806013902,172.0118128553883,0.4821300889249448,10.540211412473141,0.11977031526306256,-0.02504968389838445,-0.039167345316701005,1.976197175258385,-0.028165485535052784,-0.05170070417193325,-0.08775512159521812,-0.023861918742758864,0
AMZN,2025-04-10,0.0,0.0,0.0,0.0,0,0,0,42.11694157837989,-7.527180262823606,-7.084297487876014,-0.4428827749475923,190.01804297192524,201.37216444606827,211.46724146282054,170.8807596358123,0.25474594297085856,10.876624883010773,-0.05170070417193325,0.015750224207806213,-0.0653463211554466,1.1297588457277379,-0.02258244531697868,0.02014123094524838,-0.04751131526517135,0.042876085532071326,0
AMZN,2025-04-11,0.0,0.0,0.0,0.0,0,0,0,44.70492936417881,-7.0212582481293,-7.071689639926672,0.050431391797371994,189.52775270004545,200.72502055081804,210.7405354099484,170.29946550557895,0.3602904088854059,10.661151720677973,0.02014123094524838,0.08111108255665204,-0.06607730251430469,0.828300893077583,0.05672082258293501,-0.014875318183769078,-0.09493151001515397,0.015308064617304575,0
AMZN,2025-04-14,0.0,0.0,0.0,0.0,0,0,0,43.13992561278077,-6.7642394816522255,-7.010199608271783,0.24596012661955768,188.8222519778685,199.99541171028352,210.227165976069,169.45083390186068,0.3106988924916146,10.486069934477202,-0.014875318183769078,0.03914185110900475,-0.06958214975861039,0.7854446362773589,0.06887654411810272,-0.013891933050343617,-0.04908852778989857,0.028936988874120516,0
AMZN,2025-04-15,0.0,0.0,0.0,0.0,0,0,0,41.69380729959853,-6.687609416445696,-6.945681569906566,0.2580721534608701,187.94298953596584,199.1951993427387,209.98995038433722,168.36504839495964,0.26966905401472224,10.052780183995571,-0.013891933050343617,0.05232621870477507,-0.06861326876770842,0.7122152371171958,0.0828431489881159,-0.02928890591956743,0.005623975645752068,0.02689460398432913,1
AMZN,2025-04-16,0.0,0.0,0.0,0.0,0,0,0,38.782987273953346,-6.970960244348333,-6.95073730479492,-0.020222939553413255,186.64651451645048,198.22009355796678,209.67280762047744,166.5611920133116,0.18020224267475118,9.919009647694548,-0.02928890591956743,-0.08775512159521812,-0.10846881550231843,0.8380766176116662,-0.04185051199914439,-0.009866352335440224,0.07003953035525678,0.09103421643147405,1
AMZN,2025-04-17,0.0,0.0,0.0,0.0,0,0,0,37.85238272789505,-7.250725688438138,-7.010734981523564,-0.2399907069145737,185.3097036682506,197.21577618747207,209.3252666416368,164.6747333583632,0.17771942838051097,9.511223723849737,-0.009866352335440224,-0.04751131526517135,-0.11459346851809253,0.7192107326922506,0.003488418464855181,-0.030647084568839095,0.09489603629507302,0.10063145273024121,1
AMZN,2025-04-21,0.0,0.0,0.0,0.0,0,0,0,35.06552197679166,-7.809279552776218,-7.1704438957740955,-0.6388356570021223,183.59639925453328,196.04339309479548,209.01965966990605,162.0913403911291,0.11141815887393768,9.354708266733237,-0.030647084568839095,-0.09493151001515397,-0.14724019367564004,0.7813722515198408,-0.037569696407664575,0.03502262189247643,0.12180246672194314,0.11373414981044157,1
AMZN,2025-04-22,0.0,0.0,0.0,0.0,0,0,0,40.308306845459455,-7.690435121545761,-7.274442140928429,-0.41599298061733236,182.60436053274736,195.14678915679494,206.62271023008952,161.48028964784015,0.25917314306671413,9.36222849447216,0.03502262189247643,-0.04908852778989857,-0.14798781188613608,0.9080272553184368,-0.02201714917078359,0.0428456735278061,0.08205339712925405,0.06831044191809278,1
AMZN,2025-04-23,0.0,0.0,0.0,0.0,0,0,0,46.22844846135494,-6.917773198323204,-7.203108352407384,0.28533515408418,182.41346963472532,194.57632707627417,203.0868547818917,162.50514503500284,0.445887104840377,9.707784473940665,0.0428456735278061,0.005623975645752068,-0.1220650420048762,0.992405615096082,-0.004073683662760149,0.03289029336584035,0.02115167185121887,0.04490587118642235,1
AMZN,2025-04-24,0.0,0.0,0.0,0.0,0,0,0,50.46395203943117,-5.759731139084522,-6.914432909742811,1.1547017706582894,182.80647188724032,194.26117673156276,200.6451552733713,163.48784338385525,0.6203933688965734,9.48294364132939,0.03289029336584035,0.07003953035525678,-0.0725402040594614,0.6784866017995512,0.04000683392433513,0.013133978209558462,0.019620477076437506,0.02969877101059011,1
AMZN,2025-04-25,0.0,0.0,0.0,0.0,0,0,0,52.13853212709151,-4.5913526985037265,-6.449816867494994,1.8584641689912678,183.39537984970926,194.05446413397848,198.14456922349734,164.75142992201046,0.7258549533878159,9.123447448966019,0.013133978209558462,0.09489603629507302,-0.06143223619235319,0.5605992238133148,0.04602894283859923,-0.006825802991833533,0.005238320575692077,0.021535488370451963,1
AMZN,2025-04-28,0.0,0.0,0.0,0.0,0,0,0,51.15789959875836,-3.726540041250388,-5.905161502246074,2.1786214609956858,183.80534338290286,193.80526934238097,197.35030625522865,165.0436924630331,0.7012899782979507,8.852487047686639,-0.006825802991833533,0.12180246672194314,-0.026048174764756377,0.519218241704014,0.07194296724609377,-0.0016515586767922594,-0.007192279524111123,0.11156101641909139,0
AMZN,2025-04-29,0.0,0.0,0.0,0.0,0,0,0,50.91009930953734,-3.0312417242445804,-5.330377546645775,2.299135822401195,184.1467391930691,193.55369012854834,196.93084285162152,165.17615635492146,0.69954534229256,8.530167372614715,-0.0016515586767922594,0.08205339712925405,-0.015084595816512454,0.6624810162324468,0.05134168539623934,-0.01584930482083768,-0.012700810558538127,0.12796838574974528,0
AMZN,2025-04-30,0.0,0.0,0.0,0.0,0,0,0,48.48686055229127,-2.688871439646647,-4.80207632524595,2.113204885599303,184.17276385743827,193.19550613013254,195.80009217839265,165.5319070281503,0.6240245672821181,8.530869223580293,-0.01584930482083768,0.02115167185121887,-0.040328875859105884,0.8676737226631839,0.03571042141295899,0.031341496782804845,0.02326216564101601,0.1400607422595899,1
AMZN,2025-05-01,0.0,0.0,0.0,0.0,0,0,0,53.15957157196684,-1.9289076794092068,-4.2274425960786015,2.2985349166693947,184.74678605656246,193.0780351818231,194.51038502769526,166.24061442298833,0.8475265986510908,8.44937852115659,0.031341496782804845,0.019620477076437506,-0.029641333204522505,1.1492612886531068,0.021547773789189466,-0.001156683618470259,0.009884358112393098,0.07870663228652316,1
AMZN,2025-05-02,0.0,0.0,0.0,0.0,0,0,0,52.96264577838981,-1.3290625779754635,-3.647766592457974,2.3187040144825106,185.24518697760783,192.95654343851785,195.65546078940267,166.25253786782392,0.8069761609415236,8.308709411525985,-0.001156683618470259,0.005238320575692077,0.06485057916002339,1.222243167296749,0.02927493655382926,-0.01910722026349242,0.016212242869359204,0.08216654890727935,1
AMZN,2025-05-05,0.0,0.0,0.0,0.0,0,0,0,49.691723897515935,-1.1335242767403315,-3.144918129314446,2.0113938525741144,185.35040784674192,192.69746354302757,195.85598581141318,167.58701345616493,0.6637309772552547,8.033087092719999,-0.01910722026349242,-0.007192279524111123,0.08976611756441887,0.5934762855520238,0.02298270173712973,-0.007190832051464082,0.11961359031966405,0.10630532283207701,1
AMZN,2025-05-06,0.0,0.0,0.0,0.0,0,0,0,48.50092512372934,-1.0743026093910828,-2.7307950253297735,1.6564924159386907,185.31798752865564,192.39599416905926,196.08868639215396,168.32931287542416,0.6009026688357644,7.750722769830401,-0.007190832051464082,-0.012700810558538127,0.05563163474605556,0.5297053381805713,0.00808197969310764,0.019998985551532126,0.1424787924599262,0.10302153063778705,1
AMZN,2025-05-07,0.0,0.0,0.0,0.0,0,0,0,51.926543266032645,-0.7205034334495508,-2.328736706953729,1.6082332735041782,185.64103697486627,192.25144564140467,196.19448245199703,170.02851712075687,0.7139614134857102,7.624243356723096,0.019998985551532126,0.02326216564101601,0.10576586584103857,0.8268428647488769,0.01191982301748228,0.017858062621434155,0.11414335498802124,0.06576221695618421,1
AMZN,2025-05-08,0.0,0.0,0.0,0.0,0,0,0,54.87100543341468,-0.16626796222737994,-1.8962429580084592,1.7299749957810793,186.25427172307468,192.24472235472427,196.36952643554514,169.95147270996267,0.8376290453093975,7.48108276818484,0.017858062621434155,0.009884358112393098,0.005128182607216744,0.8314435553733391,0.011800145937769865,0.005102018524557411,0.06814866833145922,0.05737195005940108,1
AMZN,2025-05-09,0.0,0.0,0.0,0.0,0,0,0,55.720350936169304,0.34803319676433375,-1.4473877270539008,1.7954209238182346,186.9024360883622,192.27669393134659,197.60614298375737,169.89885579553953,0.8359223913087815,7.198862483264271,0.005102018524557411,0.016212242869359204,0.06533493134386972,0.625377379811777,-0.0042697562499706505,0.08070031092964328,0.06490209747098964,0.04107535499249944,1
AMZN,2025-05-12,0.0,0.0,0.0,0.0,0,0,0,66.51121328452172,1.9898586588874139,-0.759938449865638,2.749797108753052,188.97268021229425,192.9183921846133,202.5450071501698,167.33699205637316,1.1731137703514711,8.013229884710796,0.08070031092964328,0.11961359031966405,0.1285768642845116,1.5454292601612574,0.03456901044598496,0.013084718824412103,-0.011886482624587786,-0.012557491971108056,0
AMZN,2025-05-13,0.0,0.0,0.0,0.0,0,0,0,67.98354080166615,3.4712901341563054,0.08630726693875068,3.3849828672175546,191.10575782228406,193.64198445647898,207.3666149305331,165.44038427600987,1.0954862892312618,7.8837132463916095,0.013084718824412103,0.1424787924599262,0.16060839437854532,1.1451178834379467,0.05017923528934836,-0.00529874222008925,-0.03453653764301551,-0.031461390216702675,0
AMZN,2025-05-14,0.0,0.0,0.0,0.0,0,0,0,66.68817422159012,4.5030526181479615,0.969656337180593,3.5333962809673687,192.92901898206654,194.2932791836759,211.0557168333106,164.81728273944327,0.9825747378971582,7.540589912525468,-0.00529874222008925,0.11414335498802124,0.17072222444074187,0.7885314571854695,0.04711754762817349,-0.024161720956264864,-0.043424517873067774,-0.021640918200988405,0
AMZN,2025-05-15,0.0,0.0,0.0,0.0,0,0,0,61.00983682087379,4.8548543883918,1.7466959474228345,3.1081584409689658,194.09482652367404,194.71981718309823,212.8741932048892,166.08280600165375,0.8353501467592487,7.54340504956327,-0.024161720956264864,0.06814866833145922,0.176905845316161,1.3015620208692935,0.04495099784796468,0.0020470740005537696,-0.010089155743546734,-0.0007798589634807205,0
AMZN,2025-05-16,0.0,0.0,0.0,0.0,0,0,0,61.303206722846056,5.108660707462889,2.4190888994308457,2.689571808032043,195.18960460121846,195.14609871858028,214.18153356308525,168.07346521621164,0.813665210163219,7.181734045046474,0.0020470740005537696,0.06490209747098964,0.1910665408198905,0.8774589755492255,0.052911290088194986,0.002772544065237169,-0.02237458498304752,0.005155881013060705,0
AMZN,2025-05-19,0.0,0.0,0.0,0.0,0,0,0,61.72413033869392,5.294764126245838,2.994223944793844,2.3005401814519937,196.2344045117795,195.57801655950297,214.24115336406996,171.89784504901596,0.80915166944838,7.051610228282551,0.002772544065237169,-0.011886482624587786,0.2321300181551494,0.7049409116787594,0.020343263171226984,-0.010137739138363968,-0.0006790812338065956,-0.002182755821928099,0
AMZN,2025-05-20,0.0,0.0,0.0,0.0,0,0,0,59.18216886385488,5.213509101172917,3.4380809760696587,1.7754281251032586,196.98065239867847,195.91103580517813,214.20432284283987,175.0236770350898,0.7413438367415445,6.798638766664155,-0.010137739138363968,-0.03453653764301551,0.17836941884082538,0.6227801080350069,0.01024100680575173,-0.01445588328099769,0.003185151532099909,0.015484825255579286,1
AMZN,2025-05-21,0.0,0.0,0.0,0.0,0,0,0,55.69560305737996,4.855105938504494,3.721485968556626,1.1336199699478677,197.37487551472697,196.11530871937458,214.31504268262873,176.96495609666815,0.6467197596698189,6.599450980875644,-0.01445588328099769,-0.043424517873067774,0.11362119778617452,0.9176716229463361,-0.008049922115197037,0.009844923599836122,0.022772483801951352,0.033760982049375596,1
AMZN,2025-05-22,0.0,0.0,0.0,0.0,0,0,0,57.505157620423,4.676926491579536,3.912574073161208,0.7643524184183281,197.92012604699255,196.38921842071343,214.9228969299032,178.01310313113194,0.6796814717837528,6.528060971150709,0.009844923599836122,-0.010089155743546734,0.08877459747723636,0.8459637654835196,-0.012481712290420516,-0.010388973643241258,0.009404176986320883,0.05155096457932549,1
AMZN,2025-05-23,0.0,0.0,0.0,0.0,0,0,0,54.93039475022191,4.315709765196317,3.9932012115682296,0.3225085536280874,198.2124955180565,196.56964144316248,215.29020751994256,178.84579254109258,0.6076160905566074,6.436770901782801,-0.010388973643241258,-0.02237458498304752,0.06349542119270456,0.7278761061945316,-0.025395448456158102,0.025026113945093412,0.028160546537787004,0.07955614606378446,1
AMZN,2025-05-27,0.0,0.0,0.0,0.0,0,0,0,59.576934597697694,4.384776793698137,4.071516327994211,0.31326046570392574,198.95606778038072,196.94024390705655,216.071797353343,179.89620344011402,0.7221388236225685,6.384144190815614,0.025026113945093412,-0.0006790812338065956,0.09760259788001194,0.7591593504673416,-0.006219979098522871,-0.006310081665849117,-0.0015046963992087826,0.0562566551671501,0
AMZN,2025-05-28,0.0,0.0,0.0,0.0,0,0,0,57.915058704571294,4.285216224507195,4.114256307296808,0.1709599172103875,199.5050138223162,197.24533242916036,216.47983056805407,181.22117040850844,0.6664697610703966,6.160276748614499,-0.006310081665849117,0.003185151532099909,0.09248093221356833,0.630162039964554,-0.008636224641230022,0.004787005283780531,0.0122606217852157,0.04142240952019635,1
AMZN,2025-05-29,0.0,0.0,0.0,0.0,0,0,0,58.846995534947695,4.236554853981744,4.138716016633795,0.09783883734794863,200.09501221526153,197.5768879004969,216.46744990745793,183.36155094703423,0.6747572699328404,6.047399968788798,0.004787005283780531,0.022772483801951352,0.11538878099219198,0.7825350816798866,0.012335769260257366,-0.003354411529621301,0.010743834451408694,0.03665536537085645,1
AMZN,2025-05-30,0.0,0.0,0.0,0.0,0,0,0,57.87522534336593,4.095107091389707,4.129994231584978,-0.03488714019527084,200.56310576684004,197.86838227721609,216.72127780283842,184.58872280751314,0.635532148075176,5.92187200994116,-0.003354411529621301,0.009404176986320883,0.07786539325036841,1.1976731776607725,0.010804492992794776,0.007999607012299846,0.04175412441707755,0.03458373633800217,1
AMZN,2025-06-02,0.0,0.0,0.0,0.0,0,0,0,59.5835680256594,4.068444469827853,4.117684279233553,-0.04923980940570072,201.14280939823473,198.2127592034619,216.97214414287393,186.00485628437215,0.6666756774582794,5.807453103818132,0.007999607012299846,0.028160546537787004,0.08774607086975983,0.7151330774193734,0.02348431822629383,-0.004548692041520448,0.04998791258725716,0.04572955473574789,1
AMZN,2025-06-03,0.0,0.0,0.0,0.0,0,0,0,58.12847990296528,3.9262061794514977,4.079388659277142,-0.15318247982564426,201.57778057115212,198.5067689097523,216.37499713617132,188.5380033521099,0.6168770771357297,5.672634894184358,-0.004548692041520448,-0.0015046963992087826,0.10389052844783525,0.8161052425101862,0.008356589999502671,0.007388989179248374,0.05784839583927825,0.04428564636149732,1
AMZN,2025-06-04,0.0,0.0,0.0,0.0,0,0,0,59.836517222640545,3.8912755179458145,4.0417660310108765,-0.150490513065062,202.1160867765223,198.84885623594005,215.07699249765028,192.05800811270126,0.659107602712395,5.481732401742618,0.007388989179248374,0.0122606217852157,0.12010162629285477,0.736175967997047,0.013952003255344564,0.003281416535202608,0.02880857667223203,0.02552723376917427,1
AMZN,2025-06-05,0.0,0.0,0.0,0.0,0,0,0,60.61065035046976,3.8738088176099836,4.008174588330698,-0.13436577072071465,202.66788838467346,199.2041953506918,213.92986451578653,195.12513578938925,0.6798751558044689,5.48875164669348,0.003281416535202608,0.010743834451408694,0.10174339603174469,1.2639859466670216,0.005084203681576477,0.027223334916139413,0.025636100895447465,0.008561390736107575,1
AMZN,2025-06-06,0.0,0.0,0.0,0.0,0,0,0,66.41344455297642,4.267488375092199,4.060037345682999,0.20745102940920024,203.70618542653492,199.7675605261242,213.91774432387194,197.28625653062022,0.9790916480848881,5.522411633006669,0.027223334916139413,0.04175412441707755,0.11188049400408559,0.9721953235773391,0.01654255827458706,0.015966607137600737,-0.0068829946635321744,-0.023879786152619036,0
AMZN,2025-06-09,0.0,0.0,0.0,0.0,0,0,0,69.34365988909255,4.799316295605649,4.207893135667529,0.5914231599381203,204.97035783615436,200.44255798500322,214.4046633129448,199.19133735844193,1.1692813538798872,5.482953746413559,0.015966607137600737,0.04998791258725716,0.12389929799768898,0.9204908720955749,0.011759429337014671,0.0029035159702168797,-0.004055625593837863,-0.019402670928082212,0
AMZN,2025-06-10,0.0,0.0,0.0,0.0,0,0,0,69.8667254141532,5.211554328874939,4.408625374309011,0.8029289545659282,206.17413333845886,201.11579102913453,216.1772333070434,198.31576748641365,1.0802155499272261,5.34417194630701,0.0029035159702168797,0.05784839583927825,0.04299272070045916,0.7985822959446249,0.01172639268499868,-0.02026562956546214,-0.012821071082705077,-0.025825996514059844,0
AMZN,2025-06-11,0.0,0.0,0.0,0.0,0,0,0,61.904447027451575,5.123346748517378,4.551569649150685,0.5717770993666926,206.84326320605726,201.58968145733482,216.4710549469063,198.20494602965618,0.8209220139065857,5.356016414916219,-0.02026562956546214,0.02880857667223203,0.008657812713862723,1.0253106455822554,0.009111932443826264,0.00018765734284502704,-0.0031894591253035028,0.018386483231971888,0
AMZN,2025-06-12,0.0,0.0,0.0,0.0,0,0,0,61.946816831028364,4.999044092293474,4.641064537779243,0.35797955451423036,207.4524767572103,202.0465569097203,216.89994289025165,198.07505863562724,0.8055798193718768,5.13415809956506,0.00018765734284502704,0.025636100895447465,0.01422119140625,0.7309732734589183,0.01804237275930151,-0.005346085913906915,-0.016647922342468785,0.04717687722492695,0
AMZN,2025-06-13,0.0,0.0,0.0,0.0,0,0,0,59.90242963702378,4.753746685624236,4.663600967348242,0.09014571827599394,207.89509859971557,202.4408098192809,217.38882685922965,198.27917546010627,0.7232382399211823,5.083861659208293,-0.005346085913906915,-0.0068829946635321744,0.033776906937747604,0.8135349761000459,-0.0035719605897366127,0.01885902821732026,-0.017114591128492812,0.03437054727181348,0
AMZN,2025-06-16,0.0,0.0,0.0,0.0,0,0,0,64.3483697337038,4.826476675434662,4.696176108965527,0.13030056646913568,208.67651836198226,202.97646457552543,218.50091905946422,198.21808423643424,0.8816283336675157,5.110728073198996,0.01885902821732026,-0.004055625593837863,0.05112121189180636,0.9359903330695749,0.005002765552660013,-0.005923177895162731,-0.015409540661741394,0.020175846770976245,0
AMZN,2025-06-17,0.0,0.0,0.0,0.0,0,0,0,61.98009525159781,4.726348113257529,4.702210509823927,0.024137603433602273,209.26161254886193,203.44091723233694,219.25569727608877,198.32930638602062,0.7880336855422482,4.949247932507327,-0.005923177895162731,-0.012821071082705077,0.042006225787145815,0.9051401612765767,-0.00920259439514915,-0.010706651956707716,-0.013173828016789355,0.02374076282861941,0
AMZN,2025-06-18,0.0,0.0,0.0,0.0,0,0,0,57.859387106481684,4.410562265676447,4.6438808609944315,-0.23331859531798482,209.57193557015708,203.79695986136142,219.56308838343054,198.86691497350304,0.6596914815377808,4.997159535612272,-0.010706651956707716,-0.0031894591253035028,0.04140734377892755,1.2256485903953376,-0.006518638458309841,-0.01331640209938302,0.021644978130290038,0.05124223212270846,1
AMZN,2025-06-20,0.0,0.0,0.0,0.0,0,0,0,53.17482824525442,3.8871337516677613,4.492531439129097,-0.6053976874613358,209.58318003408556,204.0280595703828,219.30206027546993,199.98494381388556,0.5024072121126867,5.113076362867645,-0.01331640209938302,-0.016647922342468785,0.04261141374444259,1.9914038751534857,-0.012775307319142488,-0.005818118205440101,0.06490533860408824,0.06571605044998473,1
AMZN,2025-06-23,0.0,0.0,0.0,0.0,0,0,0,51.24848303221479,3.3354203313294875,4.261109217569175,-0.9256888862396879,209.4771630042396,204.20225336059144,219.1158777032419,200.7081258978323,0.42166340598908963,4.967856753452433,-0.005818118205440101,-0.017114591128492812,0.026440152416590923,0.9882161062083978,0.008248370931189863,0.020626483554367532,0.05238162855568137,0.05223772881412999,1
AMZN,2025-06-24,0.0,0.0,0.0,0.0,0,0,0,57.141744306491624,3.2081759254345172,4.0505225591422445,-0.8423466337077272,209.7907669345464,204.53824359242947,218.8098452164328,202.19215826257113,0.6365414175425721,5.032295208004938,0.020626483554367532,-0.015409540661741394,0.05860987341332019,1.0098120330572464,0.009779392916648866,-0.0036659245365152776,0.03614232404469419,0.04591807499877188,1
AMZN,2025-06-25,0.0,0.0,0.0,0.0,0,0,0,55.82350426310987,3.0097004805821825,3.842358143430232,-0.8326576628480495,210.00021822584333,204.830469549321,218.86845647596704,202.7305471251072,0.573770627083335,5.024273990929251,-0.0036659245365152776,-0.013173828016789355,0.02897777447285077,0.8390087259737586,0.019053032978921094,0.024199205109171347,0.0374073893593864,0.048445628319977785,1
AMZN,2025-06-26,0.0,0.0,0.0,0.0,0,0,0,62.02806428629965,3.2291311364680553,3.719712742037797,-0.4905816055697416,210.67829221549516,205.31241172845304,219.43000040372763,203.409002586995,0.8558138941803288,5.097539262503501,0.024199205109171347,0.021644978130290038,0.0605705051902392,1.296186836927671,0.027180615977931866,0.02846355966079835,0.02897019476039934,0.03638545197557469,1
AMZN,2025-06-27,0.0,0.0,0.0,0.0,0,0,0,67.88060351282738,3.8572426122250647,3.747218716075251,0.1100238961498139,211.88035991418684,206.01780746662186,221.3966006570905,203.20240294398374,1.1046159014363217,5.202000569367089,0.02846355966079835,0.06490533860408824,0.08556152826751914,2.761318595287378,0.03471419102488364,-0.017510092291414304,0.0007612994474787772,0.010703087133834338,1
AMZN,2025-06-30,0.0,0.0,0.0,0.0,0,0,0,61.42953520552025,3.9934864379949033,3.796472260459182,0.19701417753572148,212.5955636737546,206.5422071498778,221.9693126279077,204.0676914614478,0.855917337638012,5.166144257771672,-0.017510092291414304,0.05238162855568137,0.0701429455544569,1.3526729841998832,0.029492649999213374,0.00487719279454648,-0.000136737223120164,0.03172435723246364,0
AMZN,2025-07-01,0.0,0.0,0.0,0.0,0,0,0,62.480380162841385,4.140077068800764,3.8651932221274987,0.27488384667326526,213.34455824900343,207.08800321121075,222.71863445928162,204.6993709118121,0.8746548248509516,5.079277682718784,0.00487719279454648,0.03614232404469419,0.06682803399597756,0.8913578693945535,0.017914196508998646,-0.002449462616694676,0.009434756912464483,0.012383179009344296,1
AMZN,2025-07-02,0.0,0.0,0.0,0.0,0,0,0,61.56870038128165,4.164669307942063,3.9250884392904117,0.23958086865165118,213.97079062233124,207.59121869974936,223.02605393680284,205.81295057979872,0.8195528311521086,4.897901315733291,-0.002449462616694676,0.0374073893593864,0.06907778421709716,0.7032705373914343,0.02195618926766555,0.015869432167251094,0.010640216248515109,0.018006578514178872,1
AMZN,2025-07-03,0.0,0.0,0.0,0.0,0,0,0,65.11182978840635,4.414881109482479,4.023046973328825,0.3918341361536539,214.86976329278627,208.21156320807722,224.0195678631996,206.437437446859,0.9653304698204432,4.840193817315957,0.015869432167251094,0.02897019476039934,0.07807753833013341,0.6747646285740531,0.022014588781298992,0.0002685535903060623,0.007206483970997851,0.012174930290126666,1
AMZN,2025-07-07,0.0,0.0,0.0,0.0,0,0,0,65.17127702152146,4.565390091323792,4.131515596927819,0.43387449439597336,215.6888335716355,208.8099333262194,224.82319502355855,207.18981004235943,0.9232595554229539,4.631608413860911,0.0002685535903060623,0.0007612994474787772,0.07484006197162839,0.84825649515555,0.009383519809463364,-0.018391733064396638,0.009934224766529672,0.026088521050737674,1
AMZN,2025-07-08,0.0,0.0,0.0,0.0,0,0,0,57.8938348600005,4.303419699731876,4.16589641748863,0.1375232822432455,216.0384685277037,209.2236614550089,225.15380747520172,207.43819691932956,0.6729547171644225,4.6986369074579,-0.018391733064396638,-0.000136737223120164,0.027110516868331023,1.0517172981506326,0.0040300961254185015,0.014496684294917834,0.03186545164895575,0.03697119159275227,1
AMZN,2025-07-09,0.0,0.0,0.0,0.0,0,0,0,61.47809259543792,4.302805051398963,4.193278144270697,0.10952690712826563,216.6576613618398,209.74587054642552,225.8398260605188,207.30817808987186,0.821935276365452,4.715162319480997,0.014496684294917834,0.009434756912464483,0.0256244707718375,0.8781832621307729,0.010378092853212697,-0.001258195325533528,0.0029208644508121394,0.025838052365746617,1
AMZN,2025-07-10,0.0,0.0,0.0,0.0,0,0,0,60.98582961203569,4.230952588956086,4.200813033207775,0.03013955574831062,217.19121689945848,210.2366205056573,226.3924661496836,207.22053739035547,0.784451961264617,4.599079035081685,-0.001258195325533528,0.010640216248515109,0.021368475177804755,0.699765190445341,0.00865491843487581,0.012417933203629732,0.007288807774746601,0.04485738084726031,1
AMZN,2025-07-11,0.0,0.0,0.0,0.0,0,0,0,64.04222002981848,4.346613659924401,4.2299731585511005,0.11664050137330051,217.9368156968873,210.81636104553195,227.46649099422228,207.32851327823863,0.8785137834461128,4.5862875446433735,0.012417933203629732,0.007206483970997851,0.0554409357101832,1.1491684228733727,-0.002750537806523073,0.0029775049161142966,0.00493289747256222,0.028530788583453173,1
AMZN,2025-07-14,0.0,0.0,0.0,0.0,0,0,0,64.76386306203034,4.4411443966966715,4.272207406180215,0.16893699051645683,218.67521443446054,211.39964110027213,228.51431801552846,207.52568595175669,0.8654359385813797,4.431552589236369,0.0029775049161142966,0.009934224766529672,0.05838490258640189,0.804767392388333,0.006654054205610822,0.0029243814744551013,0.01599539444060573,0.031459040134353605,1
AMZN,2025-07-15,0.0,0.0,0.0,0.0,0,0,0,65.49842080143209,4.517245472379386,4.321215019420049,0.19603045295933708,219.40614697437053,211.98592992392875,229.45484162853228,208.01016233875288,0.8552165092766658,4.244298658476182,0.0029243814744551013,0.03186545164895575,0.06718528802420341,0.7819324027519201,0.0029016334521091707,-0.013960696164789255,0.004948067536942313,0.020587533808985987,1
AMZN,2025-07-16,0.0,0.0,0.0,0.0,0,0,0,59.141379616650866,4.2733101771776205,4.311634050971564,-0.038323873793943086,219.76651416170728,212.42530531677102,229.90613957274778,208.26786402832644,0.6896177277364857,4.238992570566053,-0.013960696164789255,0.0029208644508121394,0.03280886690255064,0.8794562821632643,0.00025631517273091357,0.0030915472640285283,0.022850444862849338,0.03136341199618787,1
AMZN,2025-07-17,0.0,0.0,0.0,0.0,0,0,0,60.05308632816847,4.088537018972971,4.267014644571845,-0.17847762559887403,220.15827518276492,212.8745092213217,230.36525150993086,208.71475184700276,0.7004574153906031,4.078350636465911,0.0030915472640285283,0.007288807774746601,0.04217483125265832,0.7087980195537658,0.0035472591696200863,0.010050026580880849,0.037296724417606085,0.0456941017706956,1
AMZN,2025-07-18,0.0,0.0,0.0,0.0,0,0,0,62.95582509888838,4.076665889109222,4.228944893479321,-0.152279004370099,220.72701134467422,213.39433258059583,230.90522297245522,209.53578044551355,0.7765398847619758,4.031325460214439,0.010050026580880849,0.00493289747256222,0.0640410330168396,0.847966837807981,0.006350058320194343,0.014018476542235528,0.02348205653356596,-0.05032505477859945,1
AMZN,2025-07-21,0.0,0.0,0.0,0.0,0,0,0,66.63443993797154,4.273784762218952,4.237912867227247,0.035871894991704956,221.54348674534887,214.01808436377866,231.4297325112291,210.9722709677748,0.8958947347916324,4.031945680550684,0.014018476542235528,0.01599539444060573,0.09351900606625818,0.9401177013474252,0.006337864923050088,-0.00798081904360733,0.015220192707922625,-0.07697343619873158,1
AMZN,2025-07-22,0.0,0.0,0.0,0.0,0,0,0,62.759868996238055,4.233535473862133,4.237037388554224,-0.003501914692090935,222.1079166953826,214.5456105150306,230.895218643125,213.40678483587894,0.8041438438585231,4.004663410260233,-0.00798081904360733,0.004948067536942313,0.09114021148723969,0.8742957692271563,0.010801337150646281,0.0036048360708192412,0.015562462158243577,-0.06031565106201091,1
AMZN,2025-07-23,0.0,0.0,0.0,0.0,0,0,0,63.77626034126721,4.21916818508285,4.23346354785995,-0.01429536277709964,222.69668589450168,215.08460591781892,230.92634175140412,214.92766062896695,0.8352146376882283,3.840044377258944,0.0036048360708192412,0.022850444862849338,0.07294256099087104,0.6678235707502703,0.016004026438778615,0.017258761037624422,0.008322787731181957,-0.026194734344066887,1
AMZN,2025-07-24,0.0,0.0,0.0,0.0,0,0,0,68.25898525892593,4.474132262589194,4.281597290805799,0.1925349717833953,223.60462016431478,215.75697414565107,231.23820914286233,216.63979226094625,1.067937954690506,4.116470258445247,0.017258761037624422,0.037296724417606085,0.09547615316717216,0.9994442782026484,0.010158550981709617,-0.0034017710918776496,0.008095443816044299,-0.03918525174242785,1
AMZN,2025-07-25,0.0,0.0,0.0,0.0,0,0,0,66.48247556854693,4.559883773279125,4.337254587300464,0.22262918597866133,224.3508470478473,216.37199486313168,231.9475353157701,217.36246682046038,0.9652018861257279,3.9152940293961445,-0.0034017710918776496,0.02348205653356596,0.06595434619685638,0.6862730569446217,0.015169344601831992,0.0058330056623134546,-0.07211373256717651,-0.03780677457526056,0
AMZN,2025-07-28,0.0,0.0,0.0,0.0,0,0,0,68.01445728856207,4.682795095213493,4.40636268888307,0.27643240633042243,225.15457526101736,217.01583793854348,233.20098571946647,217.05801544020147,0.9745404701722357,3.8392009447768887,0.0058330056623134546,0.015220192707922625,0.042498836115892724,0.7071464812065897,0.012993587513907329,-0.00764637153929979,-0.09081146097059378,-0.04935774975624544,0
AMZN,2025-07-29,0.0,0.0,0.0,0.0,0,0,0,63.86924304038147,4.583733748577572,4.44183690082197,0.14189684775560174,225.7122342368096,217.56462839220202,233.71838997508942,217.70261069629728,0.8308920583190165,3.879972567443495,-0.00764637153929979,0.015562462158243577,0.05296501731854132,0.9382998328288509,0.010177295534099485,-0.0035495956232552642,-0.07471535828431522,-0.04129688547241842,0
AMZN,2025-07-30,0.0,0.0,0.0,0.0,0,0,0,61.994785799670524,4.388472827918804,4.4311640862413375,-0.04269125832253362,226.1386883515331,218.05974110001398,234.05061199665496,218.34338824748565,0.7542143909770888,3.7821180815993167,-0.0035495956232552642,0.008322787731181957,0.044134969750624774,0.9262547299465692,0.0003940829179650726,0.017029402351838148,-0.03423261131776701,-0.02445807734089403,0
AMZN,2025-07-31,0.0,0.0,0.0,0.0,0,0,0,66.98337102145565,4.498185945404941,4.444568458074058,0.05361748733088323,226.89786094761104,218.68916304159583,234.92576594776628,218.88723454051498,0.9491371549738091,3.9648236713344103,0.017029402351838148,0.008095443816044299,0.06452347471604339,2.6558568426596576,-0.003688271283699722,-0.08269617085933034,-0.04690101105853213,-0.013369804257196272,0
AMZN,2025-08-01,0.0,0.0,0.0,0.0,0,0,0,39.44529459032752,2.988494624713269,4.1533536914019,-1.1648590666886314,225.74092180974333,218.5346860595725,235.99556221996883,216.9514379021015,-0.1155966987695044,5.203764663281506,-0.08269617085933034,-0.07211373256717651,-0.038762828522249035,2.7833794236889218,-0.024140594768136514,-0.014435418409851571,0.03697323604845751,0.07580907464166181,1
AMZN,2025-08-04,0.0,0.0,0.0,0.0,0,0,0,36.83399168384156,1.5243371814440252,3.6275503894103256,-2.1032132079663004,224.39892867514723,218.26469813160827,237.34616437818227,214.41883501146617,-0.12076596757934484,5.262067492508608,-0.014435418409851571,-0.09081146097059378,-0.05289303825861213,1.693672102109511,-0.009058969726764033,0.009922070229506901,0.04559418584246758,0.09373972203553765,1
AMZN,2025-08-05,0.0,0.0,0.0,0.0,0,0,0,39.74406908360102,0.5273557719671658,3.0075114659216937,-2.480155693954528,223.3847449917999,218.087651146055,237.9321171743542,213.2718821542591,0.01938821123769919,5.218349039848953,0.009922070229506901,-0.07471535828431522,-0.025574400960713835,1.1129128430279267,-0.011475766560067767,0.04004677220394737,0.0361169647752193,0.0667134245933845,1
AMZN,2025-08-06,0.0,0.0,0.0,0.0,0,0,0,49.88012219794493,0.42308403677236583,2.4906259800918282,-2.0675419433194624,223.28238809339933,218.25323335831143,237.93244250427676,213.2485572515826,0.3670994340739822,5.482037565811193,0.04004677220394737,-0.03423261131776701,-0.0010335028960090935,1.1636505809229558,-0.002647874857444382,0.0036885760119835477,0.010121002315278118,0.006747334876852079,1
AMZN,2025-08-07,0.0,0.0,0.0,0.0,0,0,0,50.73506249444321,0.40198187652296724,2.0728971593780563,-1.670915282855089,223.26787540667678,218.44447930044873,237.93474559896413,213.3332551944929,0.39821773100946284,5.47617730371642,0.0036885760119835477,-0.04690101105853213,0.003914381343826606,0.8525743583905555,0.0002688794317876606,-0.0019719555047620716,0.03518124265201072,-0.005288432343243351,1
AMZN,2025-08-08,0.0,0.0,0.0,0.0,0,0,0,50.23984484816978,0.3457679450869193,1.727471316519829,-1.3817033714329097,223.2128398861748,218.6109704040157,237.88326231117688,213.1517382991747,0.3856723159317899,5.222164508375626,-0.0019719555047620716,0.03697323604845751,-0.01035464308423642,0.7052936545175159,0.02486641942518788,-0.006241858073597944,0.037451148441587666,0.027616838785129338,1
AMZN,2025-08-11,0.0,0.0,0.0,0.0,0,0,0,48.62514059667967,0.18690217347608495,1.4193574879110802,-1.2324553144349952,223.0306649495637,218.71642266471147,237.79883447833225,212.79716619305447,0.34009077961050443,5.038439126011184,-0.006241858073597944,0.04559418584246758,-0.019451457052414942,0.6799145976284611,0.007525693304165662,0.0007681796954406422,0.046046101675936285,0.030004515581029925,1
AMZN,2025-08-12,0.0,0.0,0.0,0.0,0,0,0,48.84169904407973,0.0738658567911159,1.1502591616870872,-1.0763933048959713,222.88203030871983,218.82440613749546,237.6532890398613,212.45471114324414,0.35776979615461796,4.996407541884827,0.0007681796954406422,0.0361169647752193,-0.02155955268930167,0.7969814588185175,0.02344066003741386,0.013952211680404192,0.029529928433131063,0.032690682499925246,1
AMZN,2025-08-13,0.0,0.0,0.0,0.0,0,0,0,52.74117135004809,0.2309582982310019,0.9663989889958702,-0.7354406907648683,223.04183671346973,219.04933129126402,237.69537634363695,212.54962335118728,0.47763032632241065,4.885949642338924,0.013952211680404192,0.010121002315278118,0.006138245899016749,0.7850079085003296,0.01913778353734772,0.028589233339611886,-0.00333986466046476,0.020306366263670463,0
AMZN,2025-08-14,0.0,0.0,0.0,0.0,0,0,0,59.62681255453029,0.8635410245373123,0.9458273961041586,-0.08228637156684626,223.79785185766679,219.51720048484344,238.2886826893714,212.6663160899255,0.7147536339601671,5.147667743011702,0.028589233339611886,0.03518124265201072,0.03171337631711672,1.282433401636942,0.020087039249260853,0.00021648217457236182,-0.03909428931650229,0.002684260054744821,0
AMZN,2025-08-15,0.0,0.0,0.0,0.0,0,0,0,59.67609251325183,1.3533021957205449,1.0273223560274358,0.32597983969310906,224.4866277549649,219.96868277090044,238.75964660024204,212.68535156870325,0.7035529508431356,5.084977495115219,0.00021648217457236182,0.037451148441587666,0.0216689240290058,0.824613021994043,0.009824650506321893,0.001991112480187615,-0.009479299021675366,-0.008786732415802566,0
AMZN,2025-08-18,0.0,0.0,0.0,0.0,0,0,0,60.15789815540842,1.7582916580589654,1.1735162164337418,0.5847754416252235,225.15361611098388,220.42049934824414,239.02337416704916,212.6406242460368,0.7144585497554524,4.977479233396609,0.001991112480187615,0.046046101675936285,0.009550817323416784,0.5334677942024983,0.011605249743006443,-0.015033093886340118,-0.015335448475172483,-0.026567061252478343,0
AMZN,2025-08-19,0.0,0.0,0.0,0.0,0,0,0,54.8213534360901,1.777945868582151,1.2944021468634237,0.4835437217187273,225.42565214868407,220.71812660936538,239.06587511041207,212.65212263128714,0.5814346858776045,4.934088600723749,-0.015033093886340118,0.029529928433131063,0.002373909892447238,0.6366543898076008,-0.004481182758013442,-0.018420231785568803,0.0030700943989113733,-0.00885921258864516,1
AMZN,2025-08-20,0.0,0.0,0.0,0.0,0,0,0,49.15401041704275,1.4380404835928857,1.3231298142093162,0.11491066938356953,225.27178028296117,220.8393764505116,238.82130299785302,212.4486951710923,0.43079935295488453,5.088082010521383,-0.018420231785568803,-0.00333986466046476,-0.01962414411184441,0.7728036323413743,-0.010513499982009721,-0.008310623433453243,0.02372547078556482,0.053036036131852954,1
AMZN,2025-08-21,0.0,0.0,0.0,0.0,0,0,0,46.844412708920856,1.0069688029767576,1.2598976119628045,-0.25292880898604686,224.9554199653689,220.88293019552063,238.03761167168508,212.20438661933056,0.37725101334273314,4.961075978240838,-0.008310623433453243,-0.03909428931650229,-0.044266455532978415,0.6863595109709708,-0.014574693858804753,0.031043025385826685,0.04347830271664198,0.04676731257280924,1
AMZN,2025-08-22,0.0,0.0,0.0,0.0,0,0,0,55.23523416137898,1.2073887332582842,1.2493958362219004,-0.042007102963616205,225.32537961989476,221.19497200502533,237.7012901952417,212.28070748542234,0.6514126383921098,5.2009985558971845,0.031043025385826685,-0.009479299021675366,-0.011234039388561922,0.7896137895950012,0.0029061269492466953,-0.0039328522587262285,0.0006991944794175042,0.030589058346532413,1
AMZN,2025-08-25,0.0,0.0,0.0,0.0,0,0,0,54.03535196932862,1.278859094491395,1.2552884878757993,0.023570606615595624,225.57439131718155,221.45948300253048,237.03225864894006,212.46473994725136,0.6299074270406952,4.993070697970376,-0.0039328522587262285,-0.015335448475172483,-0.02083418954682136,0.48080759071704865,-0.001290155848984711,0.0033781006590050955,-0.011406537139894857,0.045187342903558615,0
AMZN,2025-08-26,0.0,0.0,0.0,0.0,0,0,0,54.93729258345849,1.3817053411866596,1.2805718585379715,0.10113348264868804,225.8730213549611,221.74381726572017,236.72214284726405,212.5448569696305,0.6686089508165635,4.8492796286538535,0.0033781006590050955,0.0030700943989113733,-0.009956226343707781,0.5590763655987392,0.008361779665422715,0.0017926124405795577,-0.011892794984287872,0.007083184249188674,0
AMZN,2025-08-27,0.0,0.0,0.0,0.0,0,0,0,55.43868198955103,1.479242582695008,1.320306003369379,0.158936579325629,226.18225695136363,222.0330791422483,236.57894210886778,212.58105697560487,0.6891831530045285,4.650045195078131,0.0017926124405795577,0.02372547078556482,-0.004648365753812941,0.46098346319821804,0.01335203570600667,0.010824070527147485,0.028631274870787784,0.0036225639348070353,1
AMZN,2025-08-28,0.0,0.0,0.0,0.0,0,0,0,58.45025211764494,1.7366388183109507,1.4035725663576932,0.33306625195325745,226.69823306109237,222.40825274857252,236.0993929613378,212.80960667245125,0.8068085811517645,4.652899284101568,0.010824070527147485,0.04347830271664198,-0.0107214322339588,0.7911028064163261,0.021036750227382207,-0.011226278216735148,0.0031519676524221878,-0.014896425371807794,1
AMZN,2025-08-29,0.0,0.0,0.0,0.0,0,0,0,54.306513782359524,1.7111038856121183,1.4650788302085784,0.24602505540353992,226.91744896003593,222.66675264078535,236.0697408662455,214.26425876754357,0.6757814922759101,4.581263184986055,-0.011226278216735148,0.0006991944794175042,0.06635622817229336,0.6936511376290376,-0.0004027965094411887,-0.0159825487428357,0.029868979641443777,0.010611321728302401,1
AMZN,2025-09-02,0.0,0.0,0.0,0.0,0,0,0,49.03643991179227,1.3796320207298152,1.4479894683128258,-0.06835744758301066,226.76721537697446,222.77158572694634,234.82143285228813,216.88156702564157,0.4714878803433148,4.76617282669743,-0.0159825487428357,-0.011406537139894857,0.06468227184595089,1.0844894079555716,-0.0034243045708078467,0.002884570719078064,0.05724686857600839,0.03865273300531518,1
AMZN,2025-09-03,0.0,0.0,0.0,0.0,0,0,0,49.96510770675889,1.1560621216474658,1.3896039989797537,-0.23354187733228793,226.69319538804015,222.89779826679802,233.5116273214403,219.41537310580577,0.4664098906549367,4.626446021832881,0.002884570719078064,-0.011892794984287872,0.05726318359375,0.8420772666567901,-0.0022008784383165773,0.042877945692648335,0.01920437290321631,0.024912560233526514,1
AMZN,2025-09-04,0.0,0.0,0.0,0.0,0,0,0,61.28955879427535,1.7407164532117179,1.4598264898261466,0.28088996338557126,227.5490808440155,223.39906079264048,234.96953515814656,219.2944647808183,1.0453240400542168,4.994556933080309,0.042877945692648335,0.028631274870787784,0.06014122290502747,1.7002106233458554,0.003850630504002373,-0.014214150326010306,-0.024312609918575763,-0.0188815219218202,0
AMZN,2025-09-05,0.0,0.0,0.0,0.0,0,0,0,56.526343767855245,1.9117060022572332,1.550202392312364,0.3615036099448692,228.00440665230497,223.7492937745391,235.51545929687595,219.66854033691314,0.7989856909176284,4.928517675304484,-0.014214150326010306,0.0031519676524221878,0.041231554461149275,1.0571093162113077,-0.002588871873618394,0.015107797009308893,-0.01799168381882045,-0.0036586153179378484,0
AMZN,2025-09-08,0.0,0.0,0.0,0.0,0,0,0,60.03128973195802,2.303885911573161,1.7009390961645237,0.6029468154086375,228.75065328902738,224.2234389731019,236.60724803655157,219.8917509868859,0.9540993787752013,4.952909575101373,0.015107797009308893,0.029868979641443777,0.059050670224606853,0.9758623752647987,0.005859932011701113,0.010176429751274746,-0.018699133864432022,-0.03481170107938595,0
AMZN,2025-09-09,0.0,0.0,0.0,0.0,0,0,0,62.271144872122804,2.776347984972716,1.9160208739261622,0.860327111046554,229.65440111799276,224.77310824839847,237.8877034945156,220.3052957730625,1.0200371874108352,4.868416339198484,0.010176429751274746,0.05724686857600839,0.07654768281880371,0.7823151595299875,0.015712144211261773,-0.03320182790348509,-0.017587316759554373,-0.07358125577192312,0
AMZN,2025-09-10,0.0,0.0,0.0,0.0,0,0,0,51.93996506792141,2.483873841684783,2.0295914674778865,0.45428237420689666,229.71874404304629,224.99102564379675,237.6124098668216,221.4665894617917,0.5489601734020141,5.173529414230623,-0.03320182790348509,0.01920437290321631,0.04000542087649262,1.7040815427229867,0.013157419201332739,-0.0016498279850283278,0.0056006307292916745,-0.04393693846540426,1
AMZN,2025-09-11,0.0,0.0,0.0,0.0,0,0,0,51.49793676783302,2.196107398694238,2.062894653721157,0.1332127449730809,229.74076812925543,225.18549510671616,237.55212378128468,222.06587548629344,0.5091046786650537,4.960420344743168,-0.0016498279850283278,-0.024312609918575763,0.024002491308551255,1.047343879527333,0.013110259965364317,-0.007827802024989644,0.0055664222495509785,-0.051315517322723825,1
AMZN,2025-09-12,0.0,0.0,0.0,0.0,0,0,0,49.35528859241874,1.8020325073370032,2.0107222244443266,-0.20868971710732342,229.58926582137246,225.3017499612169,237.42327778151434,221.9117213029583,0.40216935045494434,4.927533177261513,-0.007827802024989644,-0.01799168381882045,-0.012252151196647004,1.1113661250456177,0.01571275364772952,0.014376501718361068,0.014595669165634812,-0.03668637011222149,1
AMZN,2025-09-15,0.0,0.0,0.0,0.0,0,0,0,53.178200256691866,1.7344007143675526,1.9554579224289719,-0.22105720806141926,229.76457314083999,225.54207320492532,237.45927456324222,221.91572391087885,0.6121039508727546,4.974138081103883,0.014376501718361068,-0.018699133864432022,0.0017313504678952514,0.9686746166441441,0.01861805663018777,0.011320962964584418,-0.0164195995040811,-0.040012076221289966,0
AMZN,2025-09-16,0.0,0.0,0.0,0.0,0,0,0,56.033156536566686,1.870651268792841,1.9384965917017458,-0.06784532290890488,230.17270932283216,225.87571751264426,237.78365059394932,221.84734763603117,0.7657143220701388,4.938128305360971,0.011320962964584418,-0.017587316759554373,0.011058782227508942,1.092598728167282,0.014869370976557755,-0.010382430689534922,-0.05699635190750507,-0.06186710334858213,0
AMZN,2025-09-17,0.0,0.0,0.0,0.0,0,0,0,52.816460554432304,1.7622355286897289,1.9032443790993425,-0.14100885040961364,230.31054606515173,226.1009833010577,237.95592306059308,222.03607523042257,0.6020107722764761,4.9846903076845175,-0.010382430689534922,0.0056006307292916745,0.015832641977645116,1.2022589389419576,0.010686740777298712,-0.0016837898189710192,-0.049261672756479684,-0.047448365711322306,0
AMZN,2025-09-18,0.0,0.0,0.0,0.0,0,0,0,52.29755628591004,1.6261009031818503,1.8478156839158442,-0.22171478073399387,230.3981126996648,226.30212104327268,237.81421674863182,222.91978135927835,0.5579408786586733,4.963641174378927,-0.0016837898189710192,0.0055664222495509785,0.033153113131162724,1.0631479625145552,0.007040281577481008,0.0010811746080494585,-0.056567063411907,-0.0381438058573611,0
AMZN,2025-09-19,0.0,0.0,0.0,0.0,0,0,0,52.618910321651406,1.5208546763231823,1.782423482397312,-0.2615688060741297,230.50114917851,226.50517495245958,237.21777621109447,224.4692217747454,0.5499269731166013,4.927667284342375,0.0010811746080494585,0.014595669165634812,0.042937593648713725,2.5133748024053824,0.01236697836076826,-0.016632067201427424,-0.05054431123289607,-0.051710737176582124,0
AMZN,2025-09-22,0.0,0.0,0.0,0.0,0,0,0,47.33090032216002,1.1139433522668298,1.6487274563712155,-0.5347841041043857,230.22770686463403,226.54928593012048,237.2544191687469,224.31157967158515,0.2563908184100601,4.859262565511,-0.016632067201427424,-0.0164195995040811,-0.005287499888312917,1.1653793165061122,0.011769910628532202,-0.030400202172414997,-0.023986322526672547,-0.029565570627619327,0
AMZN,2025-09-23,0.0,0.0,0.0,0.0,0,0,0,39.62310922703679,0.23042102675390197,1.365066170447753,-1.134645143693851,229.32125923122766,226.32029458830664,238.1695997382084,222.67339952936973,-0.12670156483798337,5.068600474126844,-0.030400202172414997,-0.05699635190750507,-0.031718854304204847,1.6969124750667863,0.007649694430177569,-0.0022654160880354185,-0.0051651459153202565,0.00484795447818932,0
AMZN,2025-09-24,0.0,0.0,0.0,0.0,0,0,0,39.127300954402045,-0.5043092399784825,0.9911910883625058,-1.4955003283409884,228.45352089624095,226.08067545597567,238.9172412596763,221.0757580079018,-0.04852462554919682,5.071557626714323,-0.0022654160880354185,-0.049261672756479684,-0.03716496764671131,1.1517721329486994,0.005693222085840866,-0.00935476479077319,0.001907261959675805,0.022750984760405282,1
AMZN,2025-09-25,0.0,0.0,0.0,0.0,0,0,0,37.069216350647366,-1.2385370043038222,0.5452454698292402,-1.7837824741330623,227.47223261054984,225.76966833599562,239.757728448495,219.1382706970128,-0.047929330268512975,5.0093032925377425,-0.00935476479077319,-0.056567063411907,-0.04787884713026606,1.1727377867365316,-0.0036021793292102294,0.007471945580644679,0.01952789312314371,0.043960631973385705,1
AMZN,2025-09-26,0.0,0.0,0.0,0.0,0,0,0,39.76886976247101,-1.6696434158523061,0.1022676926929309,-1.771911108545237,226.73963891233527,225.53477933377215,239.93225113174148,217.78174728134448,0.09021246249965466,4.867924398734823,0.007471945580644679,-0.05054431123289607,-0.05103629970949006,0.9269548016586494,-0.002832621105934132,0.010874508157807734,-0.0012285206750413892,-0.015515532264306279,0
AMZN,2025-09-29,0.0,0.0,0.0,0.0,0,0,0,43.590022245755065,-1.7977223520410632,-0.27773031625386796,-1.5199920357871952,226.30443503201244,225.4028271312299,239.96686683620464,217.06413139377582,0.22293698444905122,4.755930016807894,0.010874508157807734,-0.023986322526672547,-0.02982533550678903,0.9656163671657959,-0.0047387652742306155,-0.011702709034319948,-0.0057163626183909175,-0.009452180141486344,0
AMZN,2025-09-30,0.0,0.0,0.0,0.0,0,0,0,40.574353232106084,-2.084988909579778,-0.63918203491905,-1.4458068746607278,225.66306096460352,225.17408909958243,240.25980881481559,216.1941905137977,0.14027550708216208,4.726935451572731,-0.011702709034319948,-0.0051651459153202565,-0.02560570297081193,1.0449896092449928,0.004478066207344515,0.004827606336181196,0.010065088041896517,-0.014482888502502478,1
AMZN,2025-10-01,0.0,0.0,0.0,0.0,0,0,0,42.32618732929349,-2.2017365336373587,-0.9516929346627119,-1.2500435989746468,225.18372229014724,224.99588971853262,240.41063556425243,215.5073637033257,0.2057015322361812,4.7850110111841655,0.004827606336181196,0.001907261959675805,-0.023717865746561505,0.9338012775794143,0.011117935534703312,0.008067800117406154,0.020804044038926613,-0.022934312861396005,1
AMZN,2025-10-02,0.0,0.0,0.0,0.0,0,0,0,45.245230614156895,-2.1261202506201755,-1.1865783978542046,-0.9395418527659709,224.9195586112865,224.89448242220232,239.4411922510126,215.14980811519834,0.2988794506858457,4.718938839696122,0.008067800117406154,0.01952789312314371,-0.05630511467270388,0.8941720370821145,0.01697425076934213,-0.013039023009411038,0.02396475762462625,-0.03569984402980764,1
AMZN,2025-10-03,0.0,0.0,0.0,0.0,0,0,0,41.55503121969001,-2.273987195108674,-1.4040601573050986,-0.8699270378035755,224.40436202991026,224.6833260333644,239.02090140704584,214.28809822674324,0.2111324075166479,4.729014680457225,-0.013039023009411038,-0.0012285206750413892,-0.05518016279938387,0.938724656111952,0.011166281482462325,0.006332282923022671,-0.01430458506776853,-0.02947474549046849,0
AMZN,2025-10-06,0.0,0.0,0.0,0.0,0,0,0,43.91613400757849,-2.2530398391079416,-1.5738560936656674,-0.6791837454422742,224.07061268386968,224.53496006721227,237.7584089413574,214.05659044829105,0.28872904626264323,4.798370556727579,0.006332282923022671,-0.0057163626183909175,-0.06334804390007512,0.9300936907990892,0.01194847810529037,0.003983725247293931,-0.003757295587135977,-0.020009046134317966,0
AMZN,2025-10-07,0.0,0.0,0.0,0.0,0,0,0,45.41948553661338,-2.1407526055598396,-1.687235396044502,-0.4535172095153377,223.85245897867225,224.42692236964695,235.60703919833693,214.56195951992478,0.34297989694837266,4.649915604154403,0.003983725247293931,0.010065088041896517,-0.0690900198721641,0.6611459372619222,0.00441320649248421,0.015510877718191122,-0.024303361075460484,0.0011272432202003306,0
AMZN,2025-10-08,0.0,0.0,0.0,0.0,0,0,0,50.954057487315254,-1.7539660870203875,-1.700581534239679,-0.053384552780708416,223.9827010969609,224.4580235010609,235.07416094371763,214.58383771350896,0.5190822705770392,4.713492581438574,0.015510877718191122,0.020804044038926613,-0.02218556232244425,1.0046116248406278,0.0069712506914078355,0.011189078495703731,-0.042846966717791264,-0.03227956768074402,0
AMZN,2025-10-09,0.0,0.0,0.0,0.0,0,0,0,54.58696351347332,-1.2299140170051999,-1.6064480307927833,0.37653401378758344,224.340539610885,224.5867286772218,234.78648684123317,214.65051267048557,0.6500551059354339,4.838243590897761,0.011189078495703731,0.02396475762462625,-0.00961074792088628,0.9892170416840974,0.002899008920579202,-0.04992539782966612,-0.05826821793441669,-0.029200004368459747,0
AMZN,2025-10-10,0.0,0.0,0.0,0.0,0,0,0,40.14009445329505,-1.7123251714357934,-1.6276234589213854,-0.08470171251440806,223.58144013529477,224.26450383173028,234.6917512706239,213.56724836316516,0.13267752459314575,5.367654762976493,-0.04992539782966612,-0.01430458506776853,-0.051632693817391315,1.4886884976786419,-0.02419284978471151,0.017100394188331414,-0.015390312456452823,0.036234282819267445,0
AMZN,2025-10-13,0.0,0.0,0.0,0.0,0,0,0,45.22083681332684,-1.7756112825064463,-1.6572210236383977,-0.11839025886804855,223.24701796281133,224.1000137726122,233.7058152015252,213.4171858971076,0.3279088659608254,5.292107819806296,0.017100394188331414,-0.003757295587135977,-0.049086055010497794,0.7741559667401502,-0.012760368297489572,-0.01672198760437505,-0.01631304347343749,0.031353631421109286,0
AMZN,2025-10-14,0.0,0.0,0.0,0.0,0,0,0,41.45232149539924,-2.0985214180687706,-1.7454811025244723,-0.35304031554429827,222.59396857489105,223.79766026739793,232.06320661081133,213.29379412161052,0.1649601589724428,5.4476716341560705,-0.01672198760437505,-0.024303361075460484,-0.07545397749131429,0.9279177030206707,-0.010297088638399997,-0.0037894175689383264,0.02606404827190106,0.05942973634005543,1
AMZN,2025-10-15,0.0,0.0,0.0,0.0,0,0,0,40.63962761726815,-2.3930113879815735,-1.8749871596158927,-0.5180242283656808,221.92501988435083,223.4750072108027,230.79859920830867,212.95340274481632,0.14662795025851774,5.419266735413338,-0.0037894175689383264,-0.042846966717791264,-0.06929448290873291,0.9299501495915488,-0.011795988102344414,-0.005102778986601825,0.011040448778405045,0.06833045055931668,1
AMZN,2025-10-16,0.0,0.0,0.0,0.0,0,0,0,39.52027174750359,-2.684216137475971,-2.0368329551879087,-0.6473831822880625,221.21501810686058,223.12186972099488,229.4209665954749,212.65503590696648,0.10825318006238976,5.445033309976448,-0.005102778986601825,-0.05826821793441669,-0.07248192196735768,0.8552736846147073,-0.015674406889242192,-0.006667636156250796,0.030866764953179204,0.03911968733107154,1
AMZN,2025-10-17,0.0,0.0,0.0,0.0,0,0,0,38.05291918242745,-2.995853356077191,-2.2286370353657654,-0.7672163207114258,220.43644431441032,222.72650201766695,227.72260008110038,212.5094021772004,0.034877026663565125,5.32538837872534,-0.006667636156250796,-0.015390312456452823,-0.07966132184964635,0.9785689799319236,0.017411468502946,0.016147214372026392,0.05243153295039769,0.14635753340778893,1
AMZN,2025-10-20,0.0,0.0,0.0,0.0,0,0,0,43.48861895119685,-2.9314566419222956,-2.3692009566770715,-0.5622556852452241,220.05963968708926,222.48154098668152,226.48447909672709,212.63252224604636,0.27775667531794423,5.205718434193061,0.016147214372026392,-0.01631304347343749,-0.048983037895261816,0.8336355437625893,0.012457784890383189,0.02563748688697789,0.04845715862987519,0.17331857452401042,1
AMZN,2025-10-21,0.0,0.0,0.0,0.0,0,0,0,50.9645298079533,-2.4048611763682004,-2.3763330006152974,-0.028528175752903007,220.24729293396618,222.46383344913704,226.61794153801767,212.63105901129873,0.6719824628571436,5.322453660084963,0.02563748688697789,0.02606404827190106,0.0059806625222070305,1.1068676646417357,0.013681015505875757,-0.018375903497213037,0.03251813385757831,0.12291135745151625,1
AMZN,2025-10-22,0.0,0.0,0.0,0.0,0,0,0,46.13292903486499,-2.290350787583833,-2.3591365580090047,0.06878577042517175,220.0285028400877,222.2868202530235,226.53641067425423,212.4865888984997,0.38885959814597637,5.335849434852889,-0.018375903497213037,0.011040448778405045,-0.010262974872715816,0.9768329962470845,0.003953889667641416,0.014406971477930833,0.05666440136013606,0.14796971989707616,1
AMZN,2025-10-23,0.0,0.0,0.0,0.0,0,0,0,50.05712300302305,-1.9240495255433814,-2.2721191515158803,0.3480696259724989,220.12959745892607,222.23988598184184,226.68633936691865,212.63066044997586,0.6018447019103317,5.194003482614513,0.014406971477930833,0.030866764953179204,0.013476976959262844,0.7115619224127429,0.01683225140375112,0.014111947295924994,0.008005808954629724,0.09928082369993858,1
AMZN,2025-10-24,0.0,0.0,0.0,0.0,0,0,0,53.668822436666424,-1.3662451503563773,-2.0909443512839796,0.7246992009276023,220.51820786415857,222.31714561839186,227.18305228334742,212.57694832700412,0.7964518410681949,5.130860202327315,0.014111947295924994,0.05243153295039769,0.020156556370804823,0.8756886395621057,0.019356103225263835,0.012309863182682089,0.08924666119997193,0.0900940918931467,1
AMZN,2025-10-27,0.0,0.0,0.0,0.0,0,0,0,56.65498897714696,-0.6934786832074735,-1.8114512176686786,1.117972534461205,221.13266437430565,222.49961054397272,228.00092505175198,212.23907586377535,0.9345937257263407,5.063654986633734,0.012309863182682089,0.04845715862987519,0.021605091107340848,0.8721393007043933,0.0207657427811686,0.010045375014470875,0.11909062269869401,0.09441773168491532,1
AMZN,2025-10-28,0.0,0.0,0.0,0.0,0,0,0,59.00557713194622,0.02340068721730404,-1.444480836691482,1.4678815239087861,221.9057439577051,222.76433169911107,229.42345754158646,211.784542641519,0.990166201120127,5.079108114681101,0.010045375014470875,0.03251813385757831,0.04408613359240681,1.075039466615842,0.023492114946741593,0.00458016598367639,0.0875463787315976,0.08658672237084242,1
AMZN,2025-10-29,0.0,0.0,0.0,0.0,0,0,0,60.079261481607965,0.6685525663260137,-1.021874156087983,1.6904267224139966,222.70519720475775,223.05984822274428,230.86758693714472,211.3074130628553,0.9709826768905688,5.077744164874081,0.00458016598367639,0.05666440136013606,0.043829025766833146,1.1768245872979881,0.029335197804730533,-0.03230569840563214,0.08640900405030405,0.06035603001429609,1
AMZN,2025-10-30,0.0,0.0,0.0,0.0,0,0,0,50.07202425415194,0.5728901393465549,-0.7029212970010754,1.2758114363476303,222.71994038624288,223.052011061474,230.90421365052336,211.31578604430084,0.5893385011864635,5.254334085365776,-0.03230569840563214,0.008005808954629724,0.0020232765650498065,2.16329596984585,0.012013267884981249,0.09584492754129256,0.09055008803963861,0.06605044054738013,1
AMZN,2025-10-31,0.0,0.0,0.0,0.0,0,0,0,67.04411781749603,2.195343954483633,-0.12326824670413383,2.318612201187767,224.76756522762003,223.88212832262022,236.3498998125001,208.34110055371082,1.280986747610516,6.853310178528823,0.09584492754129256,0.08924666119997193,0.11256893686951312,3.1148638438023113,0.007102206382798919,0.04004585509136342,0.0007779970537079132,-0.03902218791115539,1
AMZN,2025-11-03,0.0,0.0,0.0,0.0,0,0,0,71.775051311624,4.221649906520867,0.7457153839408663,3.4759345225800002,227.55160663451335,225.0632213295763,243.62575663911616,204.37524433744636,1.2643084829352023,7.3909312288348,0.04004585509136342,0.11909062269869401,0.1498415890361073,1.7137073757956827,-0.002772857483747014,-0.018425168014886813,-0.022047268124077264,-0.08318899560162402,0
AMZN,2025-11-04,0.0,0.0,0.0,0.0,0,0,0,66.83100055442999,5.38776883034501,1.6741260732216952,3.713642757123315,229.62478765258052,226.01446783917012,247.84515584421172,202.90984598684298,1.032821660397768,7.459436577026287,-0.018425168014886813,0.0875463787315976,0.12417715166608942,0.90376301860616,-0.01720377173804779,0.0035295587926045917,-0.0008824049985568657,-0.10737206596359875,0
AMZN,2025-11-05,0.0,0.0,0.0,0.0,0,0,0,67.28729266388785,6.310194295310595,2.6013397176394752,3.7088545776711195,231.5843313950245,226.96291996109454,251.56205396941795,201.69094743439064,0.9726884539804805,7.272333702802312,0.0035295587926045917,0.08640900405030405,0.11091375362821373,0.715841289387432,-0.014271429414273076,-0.02861712130072701,-0.023980815640222388,-0.1099520177553272,0
AMZN,2025-11-06,0.0,0.0,0.0,0.0,0,0,0,60.048991006462636,6.389812879769977,3.359034350065576,3.030778529704401,232.67534681322527,227.59339342482153,253.33516000434904,201.44784017875642,0.8015860762741056,7.339310346449802,-0.02861712130072701,0.09055008803963861,0.06718181884573635,0.8112036749107451,-0.014003585106076738,0.0056369750404150105,-0.022465403250114625,-0.10656679810714163,0
AMZN,2025-11-07,0.0,0.0,0.0,0.0,0,0,0,60.915364165397285,6.488662309213254,3.984959941895112,2.5037023673181418,233.79293317978565,228.25286833608772,255.22912510485804,202.3578759327396,0.7953685299258239,7.272930207654839,0.0056369750404150105,0.0007779970537079132,0.12959286951841548,0.83690938909189,-0.016259605096034493,0.016324987417008757,-0.03976924460972874,-0.09705004240945647,0
AMZN,2025-11-10,0.0,0.0,0.0,0.0,0,0,0,63.40444088722748,6.810453393038131,4.550058632123716,2.260394760914415,235.18408181947123,229.04295169139738,257.64135810167795,202.7786415931463,0.8315547462226655,7.277720645528824,0.016324987417008757,-0.022047268124077264,0.12873170186489064,0.6590782877821922,-0.0027804775425600207,0.0028180846386130177,-0.0625201254464148,-0.08904990201572048,0
AMZN,2025-11-11,0.0,0.0,0.0,0.0,0,0,0,63.83953646227646,7.040798339695016,5.048206573637977,1.9925917660570391,236.50940794176117,229.8295028448138,259.6833872261673,204.00761314004356,0.8099104808802393,6.937883761738261,0.0028180846386130177,-0.0008824049985568657,0.1511622847919466,0.4344442551609055,0.011492287619251076,-0.019670851205187034,-0.10658371096436157,-0.07800083283215982,0
AMZN,2025-11-12,0.0,0.0,0.0,0.0,0,0,0,58.588504589472294,6.750147087912154,5.388594676492812,1.3615524114193418,237.24184498999745,230.39305163318352,260.5588540086795,205.99514531993378,0.7001879554457143,6.915177429984635,-0.019670851205187034,-0.023980815640222388,0.13281063529846127,0.5829525339101816,0.008559931234998073,-0.02710890745256888,-0.08808351668978501,-0.061588834865221216,0
AMZN,2025-11-13,0.0,0.0,0.0,0.0,0,0,0,52.32638801966807,5.917413338985682,5.494358408991387,0.4230549299942954,237.2740504034315,230.67489281741376,260.3539460785301,208.5110533111184,0.56071231692937,6.971235967003032,-0.02710890745256888,-0.022465403250114625,0.10775400046074471,0.774543629663471,0.002580948665727945,-0.012164320933474622,-0.0860341875741769,-0.01835171553476121,0
AMZN,2025-11-14,0.0,0.0,0.0,0.0,0,0,0,49.82280677303694,4.967010440920518,5.3888888153772125,-0.4218783744566945,237.02795059752432,230.832348096786,259.50915671419307,211.5208435909827,0.48280836192213195,6.890433136352145,-0.012164320933474622,-0.03976924460972874,0.1016241543257816,0.7336269031117599,0.0014307277468821665,-0.007754941860691919,-0.05965315886642978,-0.0034513509317295166,0
AMZN,2025-11-17,0.0,0.0,0.0,0.0,0,0,0,48.25691914650858,4.020602908699061,5.115231634041582,-1.0946287253425213,236.63195483749226,230.91225582307626,258.73910143381045,213.9298988103302,0.4226831810868376,6.791116483755564,-0.007754941860691919,-0.0625201254464148,0.07571138078862877,1.1064694550147924,-0.023142111595313056,-0.04431653833391607,-0.028299035840037408,0.006656087449041266,0
AMZN,2025-11-18,0.0,0.0,0.0,0.0,0,0,0,40.486663590153654,2.410049459047457,4.574195199042758,-2.164145739995301,235.2908165721842,230.58432434184812,258.69975224923786,214.02124842214883,0.19089167942185906,7.0524650883617515,-0.04431653833391607,-0.10658371096436157,0.00234204510795784,1.1088454484587569,-0.03355785972728855,0.0006290693674620092,0.03199278822535726,0.04416985709395183,1
AMZN,2025-11-19,0.0,0.0,0.0,0.0,0,0,0,40.626332918900566,1.1319229246308282,3.885740744160372,-2.753817819529544,234.09073903591963,230.2747430908504,258.2401592981312,214.95484192257197,0.17870171660568418,6.921574812100421,0.0006290693674620092,-0.08808351668978501,0.021748132872374842,1.0537429572813453,-0.030363819205170804,-0.024922551488220125,0.029053846826399398,0.028829305754911605,1
AMZN,2025-11-20,0.0,0.0,0.0,0.0,0,0,0,36.92654224350484,-0.3250929560310283,3.0435740041220924,-3.3686669601531207,232.47638287913188,229.75965510256796,258.668161515805,214.13184001007383,0.06754395688443869,7.189319337589342,-0.024922551488220125,-0.0860341875741769,-0.01786601390234513,0.8936066510806278,-0.029030979289723816,0.016348913427910092,0.07405361460925407,0.057059958664801846,1
AMZN,2025-11-21,0.0,0.0,0.0,0.0,0,0,0,40.649709667241304,-1.1797337250015971,2.1989124582973547,-3.378646183298952,231.35387045649134,229.40398244918907,258.926174398618,213.52182670001477,0.157874214799302,7.177940387624813,0.016348913427910092,-0.05965315886642978,-0.015699585955381127,1.1851804553417982,-0.019198343499924258,0.025329631048306246,0.059767104515340376,0.02809369196453882,1
AMZN,2025-11-24,0.0,0.0,0.0,0.0,0,0,0,46.05008755624483,-1.3899541782949427,1.4811391309788953,-2.8710933092738378,230.8706445824728,229.2814732856639,258.94984466840066,213.42915618609152,0.28230773790250613,7.139516030626501,0.025329631048306246,-0.028299035840037408,-0.0030400600858934623,0.9270670945317256,0.004596864003715728,0.014981436308716296,0.035973128131345886,0.007247655110905395,1
AMZN,2025-11-25,0.0,0.0,0.0,0.0,0,0,0,49.07626462037805,-1.2683895772474898,0.9312333893336184,-2.1996229665811082,230.75629730499398,229.29670955559652,258.94595622939573,213.47504444199095,0.3561607429970271,7.109550687060546,0.014981436308716296,0.03199278822535726,0.001832053081549891,0.6765548862329583,0.022633743704950117,-0.002220553450175871,0.011799567794979064,0.009187097257689902,1
AMZN,2025-11-26,0.0,0.0,0.0,0.0,0,0,0,48.634290603607546,-1.199375396604637,0.5051116321459673,-1.7044870287506044,230.604269339005,229.29134854016564,258.9535675535805,213.3534331788414,0.34663429614857133,6.814582475666154,-0.002220553450175871,0.029053846826399398,-0.004950062416595943,0.6691945638967624,0.025730812967084488,0.01771686809963624,-0.0002182014791356904,0.004887393521074055,0
AMZN,2025-11-28,0.0,0.0,0.0,0.0,0,0,0,52.315947820920655,-0.807761912548159,0.24253692320714207,-1.0502988357553011,230.85338666107148,229.44541335116713,258.69756277559304,214.64543801786394,0.4216496549256733,6.622825843405961,0.01771686809963624,0.07405361460925407,0.04648658611674774,0.37978741801519655,0.04729277163906841,0.002829961661327639,-0.015821981056908963,-0.03014320702555942,0
AMZN,2025-12-01,0.0,0.0,0.0,0.0,0,0,0,52.90687347016563,-0.43908710256300765,0.10621211805311213,-0.5452992206161198,231.141636015523,229.61931890142773,257.9315707495765,214.37743041009145,0.44777773871111215,6.403338501145378,0.002829961661327639,0.059767104515340376,-0.04233885957827961,0.9078513141666389,0.03222920981254154,0.00230884759218036,-0.02988714446395904,-0.048486451855350755,0
AMZN,2025-12-02,0.0,0.0,0.0,0.0,0,0,0,53.41553338242506,-0.10215908783968075,0.06453787687455356,-0.1666969647142343,231.4538609825156,229.80758083348726,255.35758041757734,214.99342055898515,0.4812828429482322,6.33309990598823,0.00230884759218036,0.035973128131345886,-0.07708662138210506,1.023178128649358,0.019140758546148256,-0.008702300580441946,-0.02772800977208217,-0.050592955818573634,0
AMZN,2025-12-03,0.0,0.0,0.0,0.0,0,0,0,51.16707109970561,0.00024555144395321804,0.051679411788433494,-0.051433860344480276,231.54206516349626,229.90846020797062,253.4595290331439,215.19747169927797,0.4490749944155823,6.152878309745767,-0.008702300580441946,0.011799567794979064,-0.06794481767914143,0.8077043330329303,0.013140261955545142,-0.014071797072686939,-0.002582004005973765,-0.04780962379252145,0
AMZN,2025-12-04,0.0,0.0,0.0,0.0,0,0,0,47.70090834025644,-0.18038073354657058,0.0052673827214326785,-0.18564811626800326,231.31043996795867,229.87714806688751,251.06765238331,215.48034871532283,0.3829919800102583,6.1919582124955115,-0.014071797072686939,-0.0002182014791356904,-0.0842925523386534,1.0335732806535143,0.006929680771462326,0.0018331725713693543,0.005106709291730717,-0.010257108363908965,1
AMZN,2025-12-05,0.0,0.0,0.0,0.0,0,0,0,48.18640459486096,-0.2863373053635314,-0.05305355489556014,-0.23328375046797128,231.14087414046705,229.86353436933496,249.87615787281393,215.32084377513527,0.411200284969082,5.941818514560564,0.0018331725713693543,-0.015821981056908963,-0.05558753653737358,0.760359127993214,0.0033655237201747987,-0.01150176187726517,-0.01455145887532626,-0.009497637290877207,0
AMZN,2025-12-08,0.0,0.0,0.0,0.0,0,0,0,45.33742276516834,-0.5766868521964739,-0.1577802143557429,-0.41890663784073096,230.7360289261034,229.74692515444528,248.2773490079155,215.16765221278766,0.35404574223058877,5.843117017705792,-0.01150176187726517,-0.02988714446395904,-0.07168284444151435,0.814642687740042,0.0049391335939879665,0.004539639393836886,-0.0191723130821873,0.0067874004595862006,0
AMZN,2025-12-09,0.0,0.0,0.0,0.0,0,0,0,46.66242315197981,-0.7154316161564793,-0.2693104947158902,-0.44612112144058913,230.46783552065975,229.6752809589355,245.43392588462024,215.96307576332896,0.40572030858987845,5.672894853145891,0.004539639393836886,-0.02772800977208217,-0.08244764988228495,0.6086780378018349,0.002215643106733101,0.016935769749745012,-0.023517026383873832,0.018515274019856108,0
AMZN,2025-12-10,0.0,0.0,0.0,0.0,0,0,0,51.41534198600951,-0.5080614353431656,-0.31706068284134525,-0.19100075250182036,230.59280345005376,229.75781891267516,241.94215666410048,217.72284425142686,0.5804109666017647,5.589116649349756,0.016935769749745012,-0.002582004005973765,-0.06953033681187978,0.8975842253863204,0.0053810088667234305,-0.006471654188885877,-0.0453446999835549,0.002588688008782658,0
AMZN,2025-12-11,0.0,0.0,0.0,0.0,0,0,0,49.56689335714426,-0.45946016621203967,-0.3455405795154841,-0.11391958669655555,230.5630125290293,229.77829655450347,239.30808694545982,218.96491415317297,0.5562104172075871,5.434179615035153,-0.006471654188885877,0.005106709291730717,-0.05700245021663794,0.6559034292160112,0.006984320527726598,-0.017760970816273657,-0.01528575773458533,0.009727312424171543,0
AMZN,2025-12-12,0.0,0.0,0.0,0.0,0,0,0,44.83388399240465,-0.7424137496451806,-0.4249152135414235,-0.3174985361037571,230.1465353778271,229.6375791383036,238.0349294132319,219.09907174643604,0.3744710601307591,5.414595618397597,-0.017760970816273657,-0.01455145887532626,-0.047941742999682145,0.833046898054753,-0.005731359283233205,-0.01613691637948923,0.005128447984388125,0.02599586550840458,1
AMZN,2025-12-15,0.0,0.0,0.0,0.0,0,0,0,41.06531444495791,-1.2468092960645265,-0.5892940300460441,-0.6575152660184824,229.42210279766573,229.35924243821847,237.3367162438123,218.58228400032834,0.21102794445721146,5.4871239796392866,-0.01613691637948923,-0.0191723130821873,-0.05177045902629305,1.0946339184630491,-0.0042419539526275234,8.989068511032453e-05,0.02646715002851338,0.04489083218547294,1
AMZN,2025-12-16,0.0,0.0,0.0,0.0,0,0,0,41.09453841572588,-1.6261865566119411,-0.7966725353592236,-0.8295140212527176,228.76856896537316,229.09260538411553,236.81830315499533,218.06969733328592,0.23950048702332938,5.2759007510434,8.989068511032453e-05,-0.023517026383873832,-0.044273619507766274,0.9319803666791017,-0.0061050688108648605,-0.005796159688549573,0.04304458094960459,0.03711363163297292,1
AMZN,2025-12-17,0.0,0.0,0.0,0.0,0,0,0,39.72650110294028,-2.007792859847882,-1.0388966002569553,-0.9688962595909267,228.05441994700058,228.78583671307027,236.90337022572186,217.85663038462968,0.1792104011662463,5.199050479414742,-0.005796159688549573,-0.0453446999835549,-0.005751510949200883,1.0652180696923452,-0.023517657150754025,0.02481127187765992,0.05021015228377389,0.023636261700881536,1
AMZN,2025-12-18,0.0,0.0,0.0,0.0,0,0,0,47.70534460534204,-1.8459433880188385,-1.200305957809332,-0.6456374302095065,227.93114133365157,228.70639192066892,236.86825040240228,218.29874941449225,0.4556527985244469,5.396260549104984,0.02481127187765992,-0.01528575773458533,0.018276492077818247,1.2280961900052283,-0.01842795811112514,0.002601921022104721,0.025401349026101507,0.02778269185205811,1
AMZN,2025-12-19,0.0,0.0,0.0,0.0,0,0,0,48.49446113059692,-1.6510354022293825,-1.2904518466933421,-0.3605835555360404,227.87579512125765,228.65320031999624,236.05400731814404,220.13399317013722,0.4532667412410464,5.264385013580187,0.002601921022104721,0.005128447984388125,0.047020386582693904,2.003522495725226,0.001233686956560986,0.004750325679665441,0.020760946091877574,0.0597316305594576,1
AMZN,2025-12-22,0.0,0.0,0.0,0.0,0,0,0,49.98228050842547,-1.3933617221026964,-1.3110338217752129,-0.0823279003274835,227.9285758407361,228.64444707904664,235.67970655778896,221.2822929539298,0.49645720533690413,5.086213870729593,0.004750325679665441,0.02646715002851338,0.03507177556187661,0.7890638108238783,0.008995665843808011,0.01624132921604971,0.017948632994682568,0.05747933854486604,1
AMZN,2025-12-23,0.0,0.0,0.0,0.0,0,0,0,54.811382253448386,-0.8796469160869549,-1.2247564406375613,0.3451095245506064,228.3296637977754,228.78152756181535,236.06692499872227,221.48107457403162,0.7307715700672202,5.010056042281832,0.01624132921604971,0.04304458094960459,0.025897121451141328,0.7375565622275374,0.01638432542420082,0.0010338825441332572,-0.005686189665289318,0.06095457023213618,0
AMZN,2025-12-24,0.0,0.0,0.0,0.0,0,0,0,55.11330184742346,-0.4479936023340372,-1.0694038729768565,0.6214102706428193,228.71541056777895,228.92264431950153,236.3629160315551,221.45608421258552,0.7328130351833595,4.767908833346523,0.0010338825441332572,0.05021015228377389,0.011799567794979064,0.2987064380449817,0.03130772603168647,0.0006024588463152764,-0.02530340287142064,0.06454944351844896,0
AMZN,2025-12-26,0.0,0.0,0.0,0.0,0,0,0,55.30090950975521,-0.09353030147494223,-0.8742291586764737,0.7806988572015314,229.07775282536772,229.0637172588333,236.69557801501674,221.45942229015907,0.7259430910289671,4.556630546491972,0.0006024588463152764,0.025401349026101507,0.014662247148964958,0.4310306960513854,0.02347452265080332,-0.001935304231780818,0.0023223519534261764,0.05999482492652951,1
AMZN,2025-12-29,0.0,0.0,0.0,0.0,0,0,0,54.512240002408504,0.14935179080816852,-0.6695129687795452,0.8188647595877138,229.3627294443059,229.18161098688765,236.52871820935044,221.5112827061769,0.7030977170376752,4.361871352532166,-0.001935304231780818,0.020760946091877574,-0.004930940272983281,0.5338762909781964,0.010667119131339952,0.00198212367199818,0.038178071581582936,0.04537423383878166,1
AMZN,2025-12-30,0.0,0.0,0.0,0.0,0,0,0,55.21533974477217,0.37463648869083954,-0.46068307728546826,0.8353195659763077,229.66437414287648,229.31292031208017,236.3079543295462,221.5970459756296,0.7431867931361636,4.233881064795493,0.00198212367199818,0.017948632994682568,-0.005772216843385379,0.6080568890702789,0.003183243566426242,-0.007353853111662996,0.03883369383176918,0.017718122989790856,1
AMZN,2025-12-31,0.0,0.0,0.0,0.0,0,0,0,51.99771420871248,0.41046265741098864,-0.2864539303461769,0.6969165877571655,229.77443444586146,229.3720217635366,235.75045994700264,221.79454127370047,0.6467124280241112,4.136461729879855,-0.007353853111662996,-0.005686189665289318,-0.015357012511074533,0.6974034387238431,-0.008779558744136726,-0.0187159136432688,0.06702185889884459,0.03188625386890478,1
AMZN,2026-01-02,0.0,0.0,0.0,0.0,0,0,0,44.881933786919845,0.08923798701289343,-0.21131554687436283,0.30055353388725625,229.4625835462556,229.25939345908418,235.31781365917988,221.639187073242,0.35535825882951527,4.609572303861651,-0.0187159136432688,-0.02530340287142064,-0.02530340287142064,1.4388671873084447,-0.010443595739656414,0.028962461627345476,0.09218545202124724,0.05571741773592715,1
AMZN,2026-01-05,0.0,0.0,0.0,0.0,0,0,0,54.96120110655907,0.3598539281328499,-0.0970816518729203,0.45693558000577017,229.8051944045735,229.40843675710417,235.79909268484388,221.5529077424022,0.8077313233460891,4.816031425014391,0.028962461627345476,0.0023223519534261764,0.017240613407181495,1.3828591893414344,-0.0037520048439803836,0.03376810778181228,0.057538847518171614,-0.00883891521570897,1
AMZN,2026-01-06,0.0,0.0,0.0,0.0,0,0,0,63.56851007540861,1.1955799434510936,0.1614506671918825,1.0341292762592111,230.86469900183138,229.86026247940524,238.15246111858318,220.33953869831134,1.1559278983911776,5.2655995626249705,0.03376810778181228,0.038178071581582936,0.04966668390673398,1.453238450419546,0.005757098917410635,0.002614887734879466,0.006931529815724135,-0.03992859091700176,1
AMZN,2026-01-07,0.0,0.0,0.0,0.0,0,0,0,64.15900315034217,1.8869829951817962,0.5065571327898652,1.380425862391931,231.88329886438018,230.31907561976556,240.29403920367932,219.66496043010974,1.0613676630357534,5.3016273805568925,0.002614887734879466,0.03883369383176918,0.06465687429330837,1.1306078002338682,0.0037408215499330102,0.01958103897724927,-0.02032622831484499,-0.029889059834717926,0
AMZN,2026-01-08,0.0,0.0,0.0,0.0,0,0,0,68.31176851991559,2.7844980596156574,0.9621453181550237,1.8223527414606338,233.25536499978517,230.94538611648585,243.36288166565444,218.4331174798534,1.1174143324687176,5.269368717911087,0.01958103897724927,0.06702185889884459,0.08059843482260286,1.0386179345328177,0.011130319951820832,0.004425724253495523,-0.03292866471001764,-0.02894957090578997,0
AMZN,2026-01-09,0.0,0.0,0.0,0.0,0,0,0,69.19749257224026,3.542899698327602,1.4782961941895394,2.064603504138063,234.60056879816872,231.5898809700673,246.06950428065656,217.28649547520283,1.0455303547663728,5.294413460716545,0.004425724253495523,0.09218545202124724,0.06730522989764143,0.9135797443296031,0.0159550733759851,-0.003678565947722642,-0.0333899652461317,-0.03621960763608066,0
AMZN,2026-01-12,0.0,0.0,0.0,0.0,0,0,0,67.50116999669922,4.02412120634304,1.9874611966202396,2.0366600097228,235.73099093364817,232.17341509754323,248.2311976760146,216.74380232398542,0.9440666198133795,5.129097908346725,-0.003678565947722642,0.057538847518171614,0.07030572575659488,0.9386989624735702,0.010818393687175127,-0.015701688229887614,-0.06276626422722502,-0.007262581799230814,0
AMZN,2026-01-13,0.0,0.0,0.0,0.0,0,0,0,60.68766649671521,4.046570114028583,2.3992829801019084,1.6472871339266746,236.38518285458792,232.58230101934606,249.36078795191597,217.25521241429496,0.7894203192066088,5.2920197479011994,-0.015701688229887614,0.006931529815724135,0.0725496418276061,1.0006531191489343,0.0028331579258264834,-0.02452601837319173,-0.04653754435646845,0.0016899768879040072,0
AMZN,2026-01-14,0.0,0.0,0.0,0.0,0,0,0,51.99740275253747,3.543398682007279,2.6281061204829825,0.9152925615242964,236.41040295381615,232.74181838707696,249.33488604740566,218.69211437984043,0.5860396608852457,5.369732971823436,-0.02452601837319173,-0.02032622831484499,0.06340433646104007,1.088235402325629,0.0011311263970572205,0.006465239039753064,-0.009761240727537018,0.021466308734733312,0
AMZN,2026-01-15,0.0,0.0,0.0,0.0,0,0,0,53.828309419169265,3.230846622994278,2.748654220985242,0.48219240200903624,236.578935308289,232.95508012388888,249.2700106225377,220.31898931642712,0.6169386278467582,5.2733226890983245,0.006465239039753064,-0.03292866471001764,0.07018330018212368,1.1246236258671791,0.003959344371300574,0.003946605383793984,0.004114581478143504,0.004702369680148403,1
AMZN,2026-01-16,0.0,0.0,0.0,0.0,0,0,0,54.96482630491612,3.0241368384894827,2.8037507444860905,0.22038609400339215,236.82094100437456,233.1968414961751,248.85946214472565,222.51453687871182,0.6303095594618172,5.1223713300276845,0.003946605383793984,-0.0333899652461317,0.0806706309037124,1.197161768400177,-0.0034722977351428143,-0.03395782570674639,-0.0029273877657079,0.0160589313946656,0
AMZN,2026-01-20,0.0,0.0,0.0,0.0,0,0,0,44.723669507540166,2.1799727320107536,2.678995141991023,-0.49902240998026937,236.2665656706246,233.1106908492663,248.6186422564023,223.1793573163516,0.30742384080677765,5.4550590049754835,-0.03395782570674639,-0.06276626422722502,0.018698207778604627,1.2495463520550827,-0.025289130990863155,0.001341980773133117,0.059220747514204544,0.032986991849296536,1
AMZN,2026-01-21,0.0,0.0,0.0,0.0,0,0,0,45.14388915915929,1.5184767531815453,2.4468914642291275,-0.9284147110475822,235.79451156471688,233.04007542610265,248.39444701843922,223.79955169982247,0.3053660428912805,5.452554659544758,0.001341980773133117,-0.04653754435646845,0.01741803980104177,1.3027031391173838,-0.01206450262283909,0.013099298825288942,0.05058145809403863,0.007263014795306222,1
AMZN,2026-01-22,0.0,0.0,0.0,0.0,0,0,0,49.20831009354032,1.2246153988497497,2.202436251153252,-0.9778208523035024,235.65598630501913,233.091052716761,248.21361417358105,224.5713849108916,0.41318487010931676,5.407372707021471,0.013099298825288942,-0.009761240727537018,0.025872275321120602,0.8797996987870497,-0.001998921524509631,0.020568436457892865,0.03153537383773332,-0.049714065368877354,1
AMZN,2026-01-23,0.0,0.0,0.0,0.0,0,0,0,54.929144712905774,1.36492842175997,2.034934685274596,-0.670006263514626,235.98970224378962,233.3290507930492,248.45507568861453,225.03192382310422,0.6031673243688528,5.4575604144021925,0.020568436457892865,0.004114581478143504,0.030240390673379025,0.9254184533289009,-0.004348278531633425,-0.0030941858246898127,0.000585379609904304,-0.1205887100530255,1
AMZN,2026-01-26,0.0,0.0,0.0,0.0,0,0,0,53.92492621059886,1.4002737602348247,1.9080025002666419,-0.5077287400318171,236.22115899856635,233.52869578818238,248.6018962428837,225.48910259744832,0.559469174080164,5.3113063606669915,-0.0030941858246898127,-0.0029273877657079,0.025991880365002728,0.8736916616747785,0.001546984440466338,0.02625616372331352,0.019042062661643037,-0.12457007455891622,1
AMZN,2026-01-27,0.0,0.0,0.0,0.0,0,0,0,60.50318753254041,1.9113812224315438,1.9086782446996224,0.0027029777319214077,237.02676220592016,233.9660015484804,249.47012824689537,225.83686943376867,0.7973137937095023,5.417641838602051,0.02625616372331352,0.059220747514204544,0.052296525803739245,0.983358829315264,0.02643227895569107,-0.006825233852112221,-0.024767033431391697,-0.1541604834519338,0
AMZN,2026-01-28,0.0,0.0,0.0,0.0,0,0,0,58.119266141462944,2.156820192471173,1.9583066342539326,0.19851355821724037,237.59659385362642,234.32066793900415,249.9452515386971,226.45574486022866,0.7047508435663171,5.477095992987619,-0.006825233852112221,0.05058145809403863,0.04714089213317956,1.0290910463913638,0.014619123398690377,-0.005267268047532375,-0.041232826797952996,-0.16019914224016057,0
AMZN,2026-01-29,0.0,0.0,0.0,0.0,0,0,0,56.28858686728258,2.22242836959569,2.011130981322284,0.21129738827340594,237.99025117495142,234.61122981306434,250.19970899850836,227.12128709524166,0.6330029277361281,5.53373120875078,-0.005267268047532375,0.03153537383773332,0.039564774422822996,1.1521394346903873,0.00734411849337632,-0.010052507834071887,-0.07876553850434576,-0.17428531985541992,0
AMZN,2026-01-30,0.0,0.0,0.0,0.0,0,0,0,52.88302683748215,2.054658398966012,2.01983646485103,0.034821934114982245,238.114989448933,234.7951032734053,250.04905074190935,228.11994492459456,0.5098273600529436,5.5441795463093175,-0.010052507834071887,0.000585379609904304,0.03673856450245984,1.1064526962671308,0.003975464382848215,0.015294624385432033,-0.12110319831993911,-0.16928545444633009,0
AMZN,2026-02-02,0.0,0.0,0.0,0.0,0,0,0,57.093690867962565,2.1917658833535825,2.0542223485515407,0.13754353480204173,238.576419664641,235.11529556518812,249.33310684691745,230.4818894909732,0.6619263354342119,5.681024343992022,0.015294624385432033,0.019042062661643037,0.07267111131950194,0.9067460339020812,0.003868839280012181,-0.01786306995698637,-0.14092856662408784,-0.17208598807219436,0
AMZN,2026-02-03,0.0,0.0,0.0,0.0,0,0,0,51.245482387760696,1.9279971368183624,2.0289773062049052,-0.10098016938654286,238.58056970774066,235.25273476330577,249.1010374653091,231.26995862844092,0.4122036897481144,6.053808973369266,-0.01786306995698637,-0.024767033431391697,0.023856507409410352,1.2936355652510692,-0.00856945838397441,-0.023593955826118094,-0.13267952833446306,-0.14177354171196174,0
AMZN,2026-02-04,0.0,0.0,0.0,0.0,0,0,0,44.83031612964608,1.2502532527240078,1.8732324955087258,-0.6229792427847181,238.0481350206381,235.16400028212374,249.22780890219616,230.34918847329214,0.13988400422674468,6.124250709995233,-0.023593955826118094,-0.041232826797952996,-0.03295557806828145,1.2364646922959455,-0.01327247439478482,-0.04420791797466186,-0.12408259144385314,-0.12073481359541766,0
AMZN,2026-02-05,0.0,0.0,0.0,0.0,0,0,0,35.96086242061361,-0.11664323327619286,1.4752573497517423,-1.5919005830279351,236.58545572737793,234.67482389621324,250.8192998841221,226.87069797964742,-0.17456950326023096,6.587518560020685,-0.04420791797466186,-0.07876553850434576,-0.07811721852915783,2.323292290654097,-0.023658565113502814,-0.055548048774404536,-0.10368672183191528,-0.05649109386652736,0
AMZN,2026-02-06,0.0,0.0,0.0,0.0,0,0,0,28.63392057954745,-2.173024498228358,0.7456009801557223,-2.9186254783840804,234.0839844508866,233.71973305025267,253.84218138387808,220.25081788370005,-0.2956358279243017,7.715553297362958,-0.055548048774404536,-0.12110319831993911,-0.14604728954669766,3.477266665973944,-0.0019509093706342074,-0.007607484061414737,-0.054821289637518165,-0.02401104448409885,0
AMZN,2026-02-09,0.0,0.0,0.0,0.0,0,0,0,27.84368575607047,-3.8870214234914897,-0.1809235005737202,-3.7060979229177695,231.66836700039292,232.7393514098782,255.26965987229468,214.95733902907253,-0.15472534644251593,7.840156022914042,-0.007607484061414737,-0.14092856662408784,-0.15627780297127564,1.6770358211974616,-0.002099463981098648,-0.00843232319156082,-0.03626872019904853,-0.0007665947737331849,0
AMZN,2026-02-10,0.0,0.0,0.0,0.0,0,0,0,26.962220182509853,-5.325998389146179,-1.209938478288212,-4.116059910857967,229.31518983024762,231.728396715917,256.01572274246746,210.26027670821614,-0.0721284629567037,7.725858466589825,-0.00843232319156082,-0.13267952833446306,-0.160303462129886,1.200965885864314,0.003756160156048388,-0.01391575565028974,-0.010485182437853947,0.017781177794746732,0
AMZN,2026-02-11,0.0,0.0,0.0,0.0,0,0,0,25.53751855059639,-6.622450835633913,-2.2924409497573524,-4.33000988587656,226.91183859222923,230.64414593611846,256.8931178390341,205.5308811844034,-0.028247978434130405,7.608297278337315,-0.01391575565028974,-0.12408259144385314,-0.1587798982001045,1.1440436787637922,0.00840875438283833,-0.02195215448521887,0.003822024560459325,0.01881613241590189,1
AMZN,2026-02-12,0.0,0.0,0.0,0.0,0,0,0,23.460788996374816,-7.920098983248437,-3.4179725564555694,-4.502126426792867,224.31071168854223,229.4267286877811,258.337803927664,200.3811963164766,-0.013478880927637061,7.53056206363186,-0.02195215448521887,-0.10368672183191528,-0.15656027360463481,1.4132259819620527,0.005386547196624819,-0.004058180323715659,0.05265528149024852,0.052104176244818244,1
AMZN,2026-02-13,0.0,0.0,0.0,0.0,0,0,0,23.09509322161611,-8.911133751190647,-4.516604795402586,-4.394528955788061,221.88016707878896,228.2252880837949,258.9425769537081,195.83742335146766,0.04678809520495839,7.26980797928762,-0.004058180323715659,-0.054821289637518165,-0.16537912755446027,1.0946512096576055,-0.012843544696793618,0.01187182800974616,0.03259726950642318,0.048292199948403045,1
AMZN,2026-02-17,0.0,0.0,0.0,0.0,0,0,0,26.680998224145156,-9.397771953724828,-5.492838227067034,-3.9049337266577933,219.9058648709504,227.1635118411553,258.5268890275672,192.45611115553822,0.13158438603197825,7.160536373135938,0.01187182800974616,-0.03626872019904853,-0.15879057375396338,1.1309781754156014,-0.015995472862596515,0.018095945812067242,0.036838199785990074,0.03768333115115828,1
AMZN,2026-02-18,0.0,0.0,0.0,0.0,0,0,0,31.95133331966602,-9.381573762761406,-6.27058533420591,-3.110988428555496,218.46625805334875,226.28611895664463,258.3000419491718,190.06195756254692,0.21583307702689083,7.056927111759599,0.018095945812067242,-0.010485182437853947,-0.11346323252756359,0.8233006781216717,-0.00842341363948669,0.0003418493408559064,0.02856587868207989,0.058743173165094975,1
AMZN,2026-02-19,0.0,0.0,0.0,0.0,0,0,0,32.05249639938454,-9.256385721040289,-6.867745411572786,-2.388640309467503,217.17042401115853,225.4458790214959,257.8100191381643,187.90698067873024,0.2425219318822522,6.755003877423533,0.0003418493408559064,0.003822024560459325,-0.11434869753756349,0.5812272097553766,-0.010810007463769858,0.025627257563010656,0.014937018205003014,0.06872987303087622,1
AMZN,2026-02-20,0.0,0.0,0.0,0.0,0,0,0,39.33590467868409,-8.634014626004785,-7.220999254459186,-1.4130153715455984,216.4980027348912,224.84447202498043,256.60236686817325,186.6916333759674,0.33497527582077236,6.802503469675089,0.025627257563010656,0.05265528149024852,-0.10339675730216479,1.0446142350600771,0.01197765561576392,-0.02303553530927062,-0.0005235381944315842,0.01475420539008316,0
AMZN,2026-02-23,0.0,0.0,0.0,0.0,0,0,0,35.55235109225627,-8.434105189600643,-7.463620441487477,-0.970484748113166,215.42866954799308,224.07684583860714,254.63235718489403,185.27264312028177,0.288313777267746,6.816610364698297,-0.02303553530927062,0.03259726950642318,-0.14170429365576107,0.8364525756139318,0.0009388208496531196,0.016027637831418893,0.015199469246594054,0.040044824132182875,1
AMZN,2026-02-24,0.0,0.0,0.0,0.0,0,0,0,39.791723819005156,-7.918916221562881,-7.554679597502558,-0.3642366240603234,214.77451031090743,223.46834198448897,252.39361885072879,184.52538139341186,0.35413644240131503,6.837566810816388,0.016027637831418893,0.036838199785990074,-0.125241174564529,0.6380471017520754,0.006590004037318735,0.009973158109911862,0.0008151043869165394,0.027665920310724436,1
AMZN,2026-02-25,0.0,0.0,0.0,0.0,0,0,0,42.37265556110494,-7.2591080096934775,-7.495565279940742,0.23645727024726426,214.38074736602562,222.96526972586778,248.6112800584722,184.90372085705516,0.4039752716192716,6.565597665707851,0.009973158109911862,0.02856587868207989,-0.13912046062237002,0.6396463337337637,0.009995855065331896,-0.012913032798065964,0.029339194609179338,0.009542321081751367,1
AMZN,2026-02-26,0.0,0.0,0.0,0.0,0,0,0,39.9603114655545,-6.876419530710081,-7.37173613009461,0.49531659938452943,213.76543791868465,222.37525907657673,244.67001594410178,185.33598533763652,0.3806249567149405,6.503769043031732,-0.012913032798065964,0.014937018205003014,-0.14439733809756344,0.7349102286860045,0.00704189431385456,0.010003856528339246,0.05300117530544916,0.007743365835562181,1
AMZN,2026-02-27,0.0,0.0,0.0,0.0,0,0,0,42.649197370782325,-6.332302547482698,-7.163849413572228,0.8315468660895302,213.40682478357184,221.8899547990639,240.47575842973754,186.35724327924686,0.4368700186065393,6.405643031587501,0.010003856528339246,-0.0005235381944315842,-0.131262136633233,0.8767798798142,-0.004989715564674729,-0.007666669573102678,0.015285746256510416,-0.011095246814546132,1
AMZN,2026-03-02,0.0,0.0,0.0,0.0,0,0,0,41.114318707522145,-5.962270172874128,-6.923533565432608,0.9612633925584806,212.92903188891245,221.3605447830084,236.2371892008962,187.50481214187724,0.4285690234744243,6.415239478340737,-0.007666669573102678,0.015199469246594054,-0.12916842151240548,0.7026954736013815,0.005847132906885665,0.0016315386481426037,0.024473372611224082,0.01607565676533148,1
AMZN,2026-03-03,0.0,0.0,0.0,0.0,0,0,0,41.592360344045844,-5.577290454441652,-6.654284943234417,1.0769944887927654,212.52912368306738,220.86522913377433,229.92467479885812,190.3943254452825,0.46383780012300985,6.435579297619412,0.0016315386481426037,0.0008151043869165394,-0.14088743019603486,0.6568487689094427,-0.010212987650163886,0.03875826073047881,0.02682894753097904,0.03099698822946652,1
AMZN,2026-03-04,0.0,0.0,0.0,0.0,0,0,0,51.65030702980286,-4.566752251895423,-6.236778404966619,1.6700261530711957,212.93777926793896,220.70659298438,224.3267039981175,193.81229746672628,0.7539949968820023,6.605180601974722,0.03875826073047881,0.029339194609179338,-0.09135859625788134,0.831898920460581,-0.011570448536573642,0.009777672934109789,-0.019232604403978292,-0.03205429375638129,0
AMZN,2026-03-05,0.0,0.0,0.0,0.0,0,0,0,53.89106605493277,-3.553860861613231,-5.700194896295941,2.1463340346827104,213.50941957017395,220.63731492387123,220.02270634263027,196.7112948170377,0.9535547686576006,6.481953764891706,0.009777672934109789,0.05300117530544916,-0.060303028973361004,0.9195847342359891,-0.011591367508973596,-0.026171534044229998,-0.042979828067864045,-0.046496792824759076,0
AMZN,2026-03-06,0.0,0.0,0.0,0.0,0,0,0,47.485382307358606,-3.1768788234281544,-5.195531681722384,2.01865285829423,213.4809040600495,220.34604793524363,217.82366234526094,197.9623392416531,0.7677065315675935,6.476814471835825,-0.026171534044229998,0.015285746256510416,-0.04257036967806141,0.8035938780217045,-0.0198398958411506,0.0013132534612816738,-0.02598381112738623,-0.03677131161672522,0
AMZN,2026-03-09,0.0,0.0,0.0,0.0,0,0,0,47.8118252991603,-2.8229826934711184,-4.7210218840721305,1.8980391906010121,213.48177086320325,220.0771835257503,218.23014354632133,197.87285785748728,0.7671527469029318,6.493471060552351,0.0013132534612816738,0.024473372611224082,0.015072261594488262,0.9515273563090235,-0.011815625747572635,0.00393459326562021,-0.00819710503991736,-0.01569162966564677,0
AMZN,2026-03-10,0.0,0.0,0.0,0.0,0,0,0,48.83929633605034,-2.446534647963972,-4.266124436850499,1.8195897888865273,213.56255476490338,219.85180385144852,218.8716679844153,197.79233348042845,0.7845441395456948,6.259651786277407,0.00393459326562021,0.02682894753097904,0.02687811698707053,0.6528416813908973,-0.004630215452300113,-0.007838417021498354,0.004059138290276656,-0.03307981279951327,1
AMZN,2026-03-11,0.0,0.0,0.0,0.0,0,0,0,46.85251964591772,-2.257733710817689,-3.8644462916439375,1.6067125808262483,213.47564420600634,219.569379931646,219.29888586051592,197.93411432258952,0.6887918060706363,6.216104794149333,-0.007838417021498354,-0.019232604403978292,0.02749317258422728,0.6452363320769875,-0.01284418508573164,-0.014671973697334214,-0.013073119487838533,-0.004420348975296763,0
AMZN,2026-03-12,0.0,0.0,0.0,0.0,0,0,0,43.32743235640064,-2.332972088945155,-3.558151451104181,1.2251793621590261,213.09986845108162,219.17567870998528,219.3707590340114,198.4072408439183,0.5305768733339308,6.093525880281524,-0.014671973697334214,-0.042979828067864045,0.02670519844837078,0.8538117299843667,-0.022383419539795106,-0.008877013416636093,-0.003674911835760578,-0.009497472938279279,0
AMZN,2026-03-13,0.0,0.0,0.0,0.0,0,0,0,41.33099082122667,-2.51370907674891,-3.3492629762331267,0.8355538994842169,212.58273794802102,218.7244755515131,218.89750541288993,199.68749367158273,0.415538762019486,5.968273770110746,-0.008877013416636093,-0.02598381112738623,0.04043082073476724,0.720049564598439,-0.015006424506572344,0.019598436751117443,-0.011075278432307281,-0.040111724873604516,0
AMZN,2026-03-16,0.0,0.0,0.0,0.0,0,0,0,47.07746034908684,-2.301992923646111,-3.1398089657157238,0.8378160420696128,212.5024777142251,218.4505747649112,218.28964919657383,201.59035110860194,0.6077892813873823,5.918397377421473,0.019598436751117443,-0.00819710503991736,0.06514418554454782,0.8735066482592855,-0.013622902484812781,0.016340754535353167,-0.007556465769371488,-0.05095876199582996,0
AMZN,2026-03-17,0.0,0.0,0.0,0.0,0,0,0,51.43259670767859,-1.8338741927628348,-2.878622011125146,1.0447478183623113,212.75938430794102,218.32310112504186,218.24666262339224,203.03833798695933,0.7996711835140939,5.778511240111234,0.016340754535353167,0.004059138290276656,0.06984838915276434,0.955257544655319,-0.009436252312489358,-0.024767666852414535,-0.036988808401296515,-0.032202568652675144,0
AMZN,2026-03-18,0.0,0.0,0.0,0.0,0,0,0,45.254435358439125,-1.8714009833769865,-2.6771778055755147,0.8057768221985282,212.4842043850121,217.99160677179268,218.0263114424192,203.76668935103785,0.42801314979017174,5.820760088473825,-0.024767666852414535,-0.013073119487838533,0.024805908479897762,0.8153366867469032,-0.02203074371632714,-0.005288991452693173,0.00876738761847428,0.0033354563459172724,1
AMZN,2026-03-19,0.0,0.0,0.0,0.0,0,0,0,44.06725331372238,-1.968022865357682,-2.535346817531948,0.5673239521742661,212.1295177299477,217.62958276140222,217.74786333078856,204.43513685231693,0.32486640971050157,5.677848086827815,-0.005288991452693173,-0.003674911835760578,0.019037361538928495,0.7843955217003657,-0.00939849139201698,-0.01623874055782,-0.0058440374248198,0.004838138494930487,0
AMZN,2026-03-20,0.0,0.0,0.0,0.0,0,0,0,40.567069212053035,-2.291723460780503,-2.4866221461816593,0.1948986854011565,211.4857536715896,217.14881461849183,217.95639749567835,203.75260213811072,0.1138704788657106,5.589429450812771,-0.01623874055782,-0.011075278432307281,-0.02255963771069798,1.3742813269387426,-0.018041526278676834,0.023226393270054345,-0.02936163472106068,0.036129903809518714,0
AMZN,2026-03-23,0.0,0.0,0.0,0.0,0,0,0,46.95188922406973,-2.138705370379512,-2.41703879102123,0.2783334206417183,211.35758659711902,216.87395911932148,217.73611422907373,204.45988491643408,0.4278409433472648,5.720899342509738,0.023226393270054345,-0.007556465769371488,0.023724825916227935,0.965020002782994,-0.017727426306770596,-0.013800294588880777,-0.04373276134052826,0.01727422143978228,0
AMZN,2026-03-24,0.0,0.0,0.0,0.0,0,0,0,43.866449970156594,-2.2257852357919887,-2.378788079975382,0.15300284418339327,210.96543601578998,216.49615701633493,217.79481559751594,204.26918434144892,0.21964380778032525,5.562263675187614,-0.013800294588880777,-0.036988808401296515,-0.006329075953593849,0.775367750475094,-0.023593215080031094,0.021569200454641807,0.004970076973535161,0.06760275108802806,1
AMZN,2026-03-25,0.0,0.0,0.0,0.0,0,0,0,49.38744586410974,-1.912063833699591,-2.285443230720224,0.37337939702063316,211.03634751084496,216.30846484761074,217.85199365204292,204.3190070193438,0.546146973696469,5.581387829178119,0.021569200454641807,0.00876738761847428,0.0050797917172389325,0.802484144130199,-0.004257771381323378,-0.01969681779553425,-0.00538472133340954,0.10363226341147766,0
AMZN,2026-03-26,0.0,0.0,0.0,0.0,0,0,0,44.94622257675938,-1.9771314549712429,-2.2237808755704283,0.24664942059918538,210.7033613942057,215.96460321774885,217.87047180058073,204.26252838252475,0.24084939236735,5.594860432269749,-0.01969681779553425,-0.0058440374248198,-0.001827649510191546,1.0320423016797386,-0.019624535211925136,-0.03951044238946733,0.010744969926127137,0.1485979213373152,1
AMZN,2026-03-27,0.0,0.0,0.0,0.0,0,0,0,37.756130654428624,-2.659709758619698,-2.3109666521802823,-0.34874310643941575,209.62113615074713,215.31265784991126,219.0442206654904,202.0227791514041,-0.15761196319908133,5.795227108285078,-0.03951044238946733,-0.02936163472106068,-0.05076192220052083,1.238497121163586,-0.02232606771328178,0.008076656164990271,0.06747264570750675,0.2034213093042485,1
AMZN,2026-03-30,0.0,0.0,0.0,0.0,0,0,0,39.792646599331604,-3.035750150012859,-2.4559233517467978,-0.5798267982660614,208.7953133695562,214.74941624592424,219.6128816083074,200.71011796444654,0.012690154112653007,5.699854222969514,0.008076656164990271,-0.04373276134052826,-0.03570230079752966,1.0250019644074688,-0.035719747820619575,0.03642700888472336,0.06379700183583852,0.2392137748407129,1
AMZN,2026-03-31,0.0,0.0,0.0,0.0,0,0,0,48.106037871339396,-2.7118410387734,-2.5071068891521184,-0.20473414962128178,208.7452839317376,214.4953216587296,219.6059292576808,200.6710711695653,0.4013197810901538,5.959150480689884,0.03642700888472336,0.004970076973535161,-0.002203763064694182,1.2708983575397497,-0.0043479596882277476,0.011043371606930613,0.062322924383093115,0.1931626969907283,1
AMZN,2026-04-01,0.0,0.0,0.0,0.0,0,0,0,50.42244742825158,-2.2436858957672143,-2.4544226904751376,0.21073679470792328,208.9190671119739,214.3413877632586,218.78983421073494,200.86216621651116,0.5415004958166014,5.91849683132978,0.011043371606930613,-0.00538472133340954,-0.028825753107987632,1.0084989242476958,-0.002405511023892445,-0.0037992260242743505,0.10960718891332381,0.1858288847555304,1
AMZN,2026-04-02,0.0,0.0,0.0,0.0,0,0,0,49.59322923819416,-1.9151465155377707,-2.3465674554876643,0.4314209399498936,209.00010874630598,214.162117822443,217.29826641262542,201.43673419772614,0.5253761088041085,6.0178908303335685,-0.0037992260242743505,0.010744969926127137,-0.04188361225308486,0.7133234755155593,0.016648839555621155,0.014396667550949493,0.13638747212490546,0.1944510294863345,1
AMZN,2026-04-06,0.0,0.0,0.0,0.0,0,0,0,52.75205877768211,-1.395008031184318,-2.1562555706269952,0.7612475394426772,209.3610501310514,214.10830901709753,217.23858474984362,201.45441451773448,0.7181612084580025,5.828041528906282,0.014396667550949493,0.06747264570750675,-0.0019699517588686296,0.5930465522443997,0.0391742708016176,0.004605531356027308,0.12735564151776158,0.16678418446793047,1
AMZN,2026-04-07,0.0,0.0,0.0,0.0,0,0,0,53.76462164139356,-0.893417082639786,-1.9036878730295534,1.0102707903897674,209.78095052547135,214.09504216436667,217.28287131246805,201.43812783303974,0.7782944833049542,5.761038518959293,0.004605531356027308,0.06379700183583852,0.0013115310885400701,0.6787377059157627,0.043119062627389355,0.03499085736091122,0.16489684846089095,0.16906019865905106,1
AMZN,2026-04-08,0.0,0.0,0.0,0.0,0,0,0,60.68937274930657,0.10644348588272123,-1.5016616012470987,1.60810508712982,210.87324095161694,214.37562874615622,218.9594970375872,200.45350192481516,1.1237708617372322,6.230250184108965,0.03499085736091122,0.062322924383093115,0.03228665193779073,1.2092511701351314,0.0394717020686613,0.05604517015360169,0.12316384180790961,0.15416949428407486,1
AMZN,2026-04-09,0.0,0.0,0.0,0.0,0,0,0,68.98284683664622,1.8777702992779268,-0.8257752211420937,2.7035455204200205,213.0424555177948,215.13148620303184,224.68967273307976,196.82332622932256,1.3215463197587276,6.68166110322674,0.05604517015360169,0.10960718891332381,0.09875382366680228,1.5046659123283384,0.03765026570186814,0.020244002182271383,0.06869250362090126,0.09171841855071737,1
AMZN,2026-04-10,0.0,0.0,0.0,0.0,0,0,0,71.45660640011721,3.62148568418894,0.06367695992411304,3.557808724264827,215.4555554573203,216.04319281792522,230.58706215535304,193.81093741740088,1.2119022268656088,6.688685222946035,0.020244002182271383,0.13638747212490546,0.13768914366245022,1.2798616890866565,0.0360306705625972,0.006334400855383194,0.051094858739385164,0.10743344587207454,1
AMZN,2026-04-13,0.0,0.0,0.0,0.0,0,0,0,72.2183545659052,5.066829371668092,1.0643074422729089,4.002521929395183,217.78264535563727,216.97836170309085,235.65022588960937,191.96977380521486,1.0970634070326801,6.514493421307033,0.006334400855383194,0.12735564151776158,0.15515000483840358,0.9413540713323724,0.041233476297918084,0.03805913087682667,0.03497436079451037,0.08849887774210885,1
AMZN,2026-04-14,0.0,0.0,0.0,0.0,0,0,0,76.33136127041975,6.869798982177599,2.225405750253847,4.644393231923752,220.75763191914427,218.23489670581125,242.3233787187554,189.0246208539985,1.1256431823551667,6.9270291259374455,0.03805913087682667,0.16489684846089095,0.176064975026651,1.5692969221611521,0.05345725656568432,-0.0020882028091686313,0.0035740076073352725,0.042888152563377864,1
AMZN,2026-04-15,0.0,0.0,0.0,0.0,0,0,0,75.64445240430706,8.162611880560803,3.4128469763152385,4.7497649042455645,223.3997622125591,219.42176350166181,247.5807726666981,187.09722721123157,1.0151979737030912,6.663670295025061,-0.0020882028091686313,0.12316384180790961,0.15473979332707335,0.9312973185055714,0.03539882367509564,0.0048289615623428065,0.02760563625896001,0.058511100784393866,1
AMZN,2026-04-16,0.0,0.0,0.0,0.0,0,0,0,76.17723039796267,9.17820451327853,4.565918483707897,4.612286029570633,225.90454647310034,220.6091452054493,252.45134159800497,186.2096584630302,0.9584650552408728,6.601979777648829,0.0048289615623428065,0.06869250362090126,0.18978416523436023,0.9024744987088547,0.03198959231465698,0.0034441354459841,0.021545874844074057,0.06151381977603862,1
AMZN,2026-04-17,0.0,0.0,0.0,0.0,0,0,0,76.57275446085339,9.937905860954032,5.640315959157125,4.297589901796908,228.25268467171875,221.78368843498438,256.80731876507633,186.0336816011346,0.9117281313095279,6.593266631212417,0.0034441354459841,0.051094858739385164,0.20022994899240168,1.1022555443212363,0.045153551524915146,-0.009099612075002893,0.05359990743390964,0.07064181185942134,1
AMZN,2026-04-20,0.0,0.0,0.0,0.0,0,0,0,73.10728669297674,10.237980736585484,6.559848914642798,3.678131821942687,230.16004792005953,222.822759428879,259.9882056207538,187.14379511166808,0.8392710331563934,6.493033474797691,-0.009099612075002893,0.03497436079451037,0.20893998481922454,0.8580613598310848,0.03296888730886072,0.006565188057139703,0.05171579024093866,0.09573863835403709,1
AMZN,2026-04-21,0.0,0.0,0.0,0.0,0,0,0,74.01278231067123,10.486438869266522,7.3451669055675435,3.141271963698978,232.04099608596906,223.8850043007704,263.1511800168809,187.95782114278708,0.8239049757446932,6.51567376649741,0.006565188057139703,0.0035740076073352725,0.18925480340712336,0.9346551038959711,0.013852482677457591,0.021807838295304305,0.03917413629491378,0.09459398897381394,1
AMZN,2026-04-22,0.0,0.0,0.0,0.0,0,0,0,76.82277508472211,10.996353813884753,8.075404287230986,2.920949526653766,234.26185365971978,225.11931788153828,266.70252384698136,189.21847682440534,0.8536147288057243,6.480982695983086,0.021807838295304305,0.02760563625896001,0.2321945273195564,0.7847244502073896,0.016101449606057656,-0.001096486445127008,0.030075218970135712,0.07687182635144345,1
AMZN,2026-04-23,0.0,0.0,0.0,0.0,0,0,0,76.36590838618461,11.248209166289769,8.709965263042744,2.538243903247025,236.24453443794215,226.29424666387226,269.83306266284796,190.42493752025752,0.8142122005109463,6.426626876320232,-0.001096486445127008,0.021545874844074057,0.20485566927312712,0.8480788144849347,0.009677095549218036,0.03493017225717915,0.03912496336795952,0.06307829497091061,1
AMZN,2026-04-24,0.0,0.0,0.0,0.0,0,0,0,80.36710230104563,12.02811532167209,9.373595274768613,2.6545200469034764,238.8869587995072,227.77251111761746,273.83923952077794,192.06376035715178,0.8795574249501446,6.640439111507738,0.03493017225717915,0.05359990743390964,0.27199575394808495,1.1578569223994553,0.005351038518877622,-0.010871605831113018,0.016174929691307616,0.032917924023146146,1
AMZN,2026-04-27,0.0,0.0,0.0,0.0,0,0,0,75.90916843595555,12.27313488908581,9.953503197632052,2.3196316914537576,241.00439082976246,229.08025558818883,275.61809145289254,196.4629083029668,0.8168395832242017,6.438264714871025,-0.010871605831113018,0.05171579024093866,0.30992274462861374,0.978564510703912,0.009100979724275007,-0.005438047398549387,0.041858122243285126,0.030139381373898776,1
AMZN,2026-04-28,0.0,0.0,0.0,0.0,0,0,0,73.7300224736777,12.211962011587332,10.40519496042311,1.806767051164222,242.78492619902616,230.2810303575552,276.3619000830621,201.59410119867616,0.7771515528791311,6.299102251978452,-0.005438047398549387,0.03917413629491378,0.29236136427472076,0.9238734324655067,0.010808356158371215,0.012860978748156547,0.053330669753285896,0.02356563276673502,1
AMZN,2026-04-29,0.0,0.0,0.0,0.0,0,0,0,75.51081748898324,12.291305339514736,10.782417036241435,1.5088883032733005,244.71398166054004,231.56569616882447,277.69925006166716,205.7337516473172,0.7963018135114837,6.435594337914142,0.012860978748156547,0.030075218970135712,0.262975959806532,1.560429700946719,0.000520196862591711,0.007679398373068795,0.0454302817109752,0.026954060627928385,1
AMZN,2026-04-30,0.0,0.0,0.0,0.0,0,0,0,76.54632404012216,12.374535784542587,11.100840785901667,1.27369499864092,246.65169746035468,232.87919818410955,278.79255936980843,210.08944136261346,0.8001173424213944,7.241623400970497,0.007679398373068795,0.03912496336795952,0.258773749057603,2.055348205539898,0.014411675002865491,0.012072784412985064,0.023051444674483387,0.008149112208574167,1
AMZN,2026-05-01,0.0,0.0,0.0,0.0,0,0,0,78.12439303042973,12.55399610089978,11.39147184890129,1.1625242519984909,248.70963196561854,234.26668099122782,279.2852789339439,215.44572234779434,0.827297215740516,7.480080093032873,0.012072784412985064,0.016174929691307616,0.27882921438660024,1.014546128880284,0.0093985361960296,0.014128002271583456,0.0164764882921533,-0.015358215787687035,1
AMZN,2026-05-04,0.0,0.0,0.0,0.0,0,0,0,79.8533626960652,12.853867859760896,11.683951051073212,1.1699168086876846,250.93252299679475,235.74837929717845,279.76532112210265,220.8916796103192,0.8689509748162989,7.505788396236999,0.014128002271583456,0.041858122243285126,0.2784905135419158,0.9571443057324962,0.003971084352194137,0.005513692583370033,-0.011247923895965847,-0.026428975423729385,0
AMZN,2026-05-05,0.0,0.0,0.0,0.0,0,0,0,80.50993096421547,13.06198541602231,11.95955792406303,1.1024274919592791,253.086567263097,237.2307953166212,279.2275887017172,227.40741038275547,0.8904364845330737,7.434661351193284,0.005513692583370033,0.053330669753285896,0.2796462662007301,0.8064119646492196,0.016973756457879314,0.005264129064761974,-0.02825801796269972,-0.0519465987541286,0
AMZN,2026-05-06,0.0,0.0,0.0,0.0,0,0,0,81.14519747658971,13.19105793644161,12.205857926538748,0.9852000099028615,255.17260754607585,238.71154805849392,279.04201888422864,232.96697922368156,0.9120558836257868,7.302899564528809,0.005264129064761974,0.0454302817109752,0.24289261122881356,0.86270764566695,0.03126842176367531,-0.013891330384007231,-0.01767331729936903,-0.03629215907184122,0
AMZN,2026-05-07,0.0,0.0,0.0,0.0,0,0,0,74.2329178650853,12.837130189386357,12.33211237910827,0.5050178102780869,256.69617001099573,239.98442905336609,279.39104596387733,236.3699540971578,0.8089069296146195,7.219836356236572,-0.013891330384007231,0.023051444674483387,0.16058215498123557,0.7158750975671058,0.01797796014379439,0.005568385784843714,-0.014566552389406844,-0.00999381140414502,0
AMZN,2026-05-08,0.0,0.0,0.0,0.0,0,0,0,75.13459077791862,12.533998473567465,12.37248959800011,0.16150887556735505,258.2184388362134,241.26660801895102,280.0574110863695,239.13358775396253,0.8197280261263817,6.993418601717442,0.005568385784843714,0.0164764882921533,0.14388785590398243,0.7084042685329364,0.023548182484361187,-0.01353235492342738,-0.031318682179582766,-0.0233239897403275,0
AMZN,2026-05-11,0.0,0.0,0.0,0.0,0,0,0,68.79874422307881,11.859305356462528,12.269852749692594,-0.4105473932300665,259.24430087413356,242.35379947837941,279.7644424165488,242.3365555082559,0.7121276921517445,6.861745408486509,-0.01353235492342738,-0.011247923895965847,0.12130556054343908,0.7818285536056497,0.029651394830609783,-0.01178476160913719,-0.015353749331764966,-0.013755090612216744,0
AMZN,2026-05-12,0.0,0.0,0.0,0.0,0,0,0,63.819822823508446,10.942674729356867,12.00441714562545,-1.061742416268583,259.8705586312845,243.2740429233143,279.86248732123346,243.91851090874698,0.609323135652389,6.825905404420508,-0.01178476160913719,-0.02825801796269972,0.06746447178346515,0.7818971469390801,0.019909573878506504,0.016213969753363512,-0.02437743889768426,0.022684518144422926,0
AMZN,2026-05-13,0.0,0.0,0.0,0.0,0,0,0,67.28630625947847,10.443631453770422,11.692260007254445,-1.2486285534840231,260.8476487504776,244.32721790211818,280.1775387788331,245.76645993942861,0.7080145628995784,6.87548280508132,0.016213969753363512,-0.01767331729936903,0.08704227317027163,0.8464775851758942,0.011555784371410159,-0.010772604336833257,-0.018953818623031717,0.014326417085234116,0
AMZN,2026-05-14,0.0,0.0,0.0,0.0,0,0,0,62.904045541709316,9.701490345108255,11.294106074825207,-1.592615729716952,261.45453946192765,245.22497411069014,280.0140434793538,247.681955666154,0.6042927282466608,6.680805025895824,-0.010772604336833257,-0.014566552389406844,0.07016421500434573,0.6763003017284895,0.02267693605077602,-0.011526033074604298,0.004640334663238264,0.012798493421567301,1
AMZN,2026-05-15,0.0,0.0,0.0,0.0,0,0,0,58.557036119592475,8.763785529478753,10.788041965755916,-2.024256436277163,261.71029900350004,245.96674040628807,279.50029872801247,249.55370212647972,0.48707747047326283,6.6557465649222385,-0.011526033074604298,-0.031318682179582766,0.05419866388156412,0.8906665192790328,0.0021013576114109443,0.00272571614748814,0.008253170874858757,-0.010903326732398728,1
AMZN,2026-05-18,0.0,0.0,0.0,0.0,0,0,0,59.26567217184051,7.98667787498141,10.227769147601016,-2.241091272619606,262.01026913188696,246.70765197276944,278.34368106310745,252.36831844861132,0.4809044281052664,6.6317651905862744,0.00272571614748814,-0.015353749331764966,0.06677938881014756,0.7406780439791075,-0.0008791906612106411,-0.020841158796957967,0.0016235868652963292,-0.03148832137410455,1
AMZN,2026-05-19,0.0,0.0,0.0,0.0,0,0,0,51.93356736766932,6.846475570509938,9.5515104321828,-2.7050348616728623,261.7559574372207,247.20303802630363,277.1108197555409,254.544179023756,0.21251799818746503,6.84878074198413,-0.020841158796957967,-0.02437743889768426,0.037733554229910156,0.889397296071697,-0.0060283026242568035,0.021863243262897982,0.04823787283981401,-0.03593734941403637,1
AMZN,2026-05-20,0.0,0.0,0.0,0.0,0,0,0,57.719766598068155,6.327440926535189,8.906696531053278,-2.5792556045180888,262.065867182783,247.90135064353194,276.5375138870288,256.08248580779536,0.43644642888039464,6.805295705726335,0.021863243262897982,-0.018953818623031717,0.03778982272951269,0.7711395506695207,-0.0014279408000573749,0.013018307091510584,0.033923210079218336,-0.042338085604446324,1
AMZN,2026-05-21,0.0,0.0,0.0,0.0,0,0,0,60.81100832768407,6.123894477832948,8.350136120409212,-2.226241642576264,262.67483139919204,248.70757185182788,275.8397963526003,258.11820230462627,0.5835699160276254,6.89920280654499,0.013018307091510584,0.004640334663238264,0.05245409098313129,0.8099851767865337,-0.007284493648601045,-0.007971333528174765,0.008120477027297238,-0.08355059744362131,1
AMZN,2026-05-22,0.0,0.0,0.0,0.0,0,0,0,57.9793094048771,5.723921808406942,7.824893258008759,-2.1009714496018166,263.0219910110994,249.39825559584324,275.8567474186988,258.33425294751214,0.45574301021113744,6.659975342545124,-0.007971333528174765,0.008253170874858757,0.008826156960629907,0.627751850221236,0.008753053328125588,-0.0038675230961635995,-0.018999689919780207,-0.07922801713439583,0
AMZN,2026-05-26,0.0,0.0,0.0,0.0,0,0,0,56.61286844541028,5.263157884913767,7.312546183389761,-2.0493882984759946,263.23799268098725,250.0214615938463,275.67634764949923,258.93165405948514,0.3797235495087601,6.7006899944169005,-0.0038675230961635995,0.0016235868652963292,0.015969720839887895,0.8738127656335973,0.016164684385910497,0.02472764652756584,-0.033058235322741006,-0.07953562299329013,0
AMZN,2026-05-27,0.0,0.0,0.0,0.0,0,0,0,62.650352442893116,5.365486150270897,6.9231341767659895,-1.5576480264950927,264.0581844355138,250.8774829471667,275.7338449174523,260.08915618118056,0.7517471341611219,6.730640360329086,0.02472764652756584,0.04823787283981401,0.04678472593523975,0.9228171261757995,0.02280130456154526,0.007908750591183344,-0.08030164186475028,-0.12451721663977505,0
AMZN,2026-05-28,0.0,0.0,0.0,0.0,0,0,0,64.39889714035108,5.556022211449488,6.64971178370269,-1.0936895722532025,265.0050240130839,251.78424832178763,276.37502509071095,260.5439751534297,0.849976779801705,6.754165874490847,0.007908750591183344,0.033923210079218336,0.04166663282785889,0.9714210640886595,0.01801008846955277,-0.012262720261177007,-0.07375914859075616,-0.11857666238381044,0
AMZN,2026-05-29,0.0,0.0,0.0,0.0,0,0,0,59.69544966228307,5.3739530893257665,6.3945600448273066,-1.02060695550154,265.5416897878795,252.523690138519,276.54771187178534,260.9292900813396,0.6217481316222513,6.636724408567394,-0.012262720261177007,0.008120477027297238,0.02105190198913452,1.3855582524575465,0.018526536246684332,-0.034658603218733805,-0.09093265791131862,-0.11857083158366195,0
AMZN,2026-06-01,0.0,0.0,0.0,0.0,0,0,0,48.947639530361855,4.421802212801367,6.000008478422119,-1.5782062656207518,265.13391073814097,252.86629090820944,276.8521615437575,259.9248404093675,0.07887658925220767,6.872672839484456,-0.034658603218733805,-0.018999689919780207,-0.026094086875325925,1.3518225283408392,0.017300532598057278,-0.01814292495895324,-0.06139480955891904,-0.05833271424446394,0
AMZN,2026-06-02,0.0,0.0,0.0,0.0,0,0,0,44.57968952170488,3.2473028368751216,5.44946735011272,-2.202164513237599,264.3135372405725,253.00957318685502,277.34404910967135,257.879952965524,-0.06987038811257953,6.8739115401239586,-0.01814292495895324,-0.033058235322741006,-0.05708509272610324,1.06416946181545,0.011963900083050255,-0.02533909644314114,-0.04806637728184398,-0.04101040645651667,0
AMZN,2026-06-03,0.0,0.0,0.0,0.0,0,0,0,39.388867083503314,1.7715874167009815,4.713891363430373,-2.9423039467293917,262.95224838646664,252.89233519021212,278.4363306299499,254.43467309319465,-0.18393183112346498,7.052917117545349,-0.02533909644314114,-0.08030164186475028,-0.0860171250978671,1.2924780354527774,0.005036879659085146,0.015078749497034265,-0.048076170174615546,-0.0500760101532403,0
AMZN,2026-06-04,0.0,0.0,0.0,0.0,0,0,0,43.49822223878479,0.8959509556414673,3.9503032818725923,-3.054352326231125,262.07965266262534,252.92753746848354,277.90033397247726,252.850670055843,0.037498436442735796,6.964137149048807,0.015078749497034265,-0.07375914859075616,-0.07709370413873375,0.905710689302633,0.0032998159119212215,-0.030576440017818254,-0.04838645771762924,-0.03703847332501582,0
AMZN,2026-06-05,0.0,0.0,0.0,0.0,0,0,0,37.81503693152657,-0.4193301748580325,3.0763765905264675,-3.4957067653845,260.55111419754644,252.6570457551821,278.90652477362033,249.33047778985627,-0.11159297293418613,7.223842074367866,-0.030576440017818254,-0.09093265791131862,-0.09270941993421114,1.3797532002493182,-0.025023781943842256,-0.003292271522223453,-0.030402779192179125,-0.053814598052496485,0
AMZN,2026-06-08,0.0,0.0,0.0,0.0,0,0,0,37.26769363287265,-1.5096575874750329,2.1591697549261677,-3.6688273424012006,259.09100819975185,252.36539694990844,279.1136403149058,246.3773631030629,-0.03535410807008531,7.1407103232411435,-0.003292271522223453,-0.06139480955891904,-0.10070409341593418,0.8419923422272859,-0.025470023194608834,-0.004200304926880147,0.0032623890701223555,-0.04530625787067153,1
AMZN,2026-06-09,0.0,0.0,0.0,0.0,0,0,0,36.54335544544243,-2.4288637810365117,1.241563047733632,-3.6704268287701436,257.67186479419513,252.04479324369268,279.4729214635094,243.53808317516248,0.01814170585693641,7.347088070102267,-0.004200304926880147,-0.04806637728184398,-0.09219669390433506,1.094936619945414,-0.029648386824682908,-0.025349123139844967,0.007412250872261085,-0.04062409627652807,1
AMZN,2026-06-10,0.0,0.0,0.0,0.0,0,0,0,32.46017547531501,-3.615149582930087,0.27022052160088816,-3.885370104530975,255.79835386141463,251.49401703805768,280.653911871539,239.57509203471105,-0.03834316664810678,7.303725028892395,-0.025349123139844967,-0.048076170174615546,-0.10465731155551014,0.9489971397436051,-0.038197381506661604,0.014747876079142595,-0.0021008403361344537,-0.04617649366875656,0
AMZN,2026-06-11,0.0,0.0,0.0,0.0,0,0,0,36.77421974627063,-4.223377933350605,-0.6284991693894104,-3.5948787639611943,254.43755773240713,251.10248674271566,280.1972130976891,237.16978977096323,0.100870663411928,7.279173720676309,0.014747876079142595,-0.04838645771762924,-0.10594902402046179,1.0144299951295035,-0.025531977146670274,-0.012256186172015099,0.011924992539929777,-0.03652019488236971,1
AMZN,2026-06-12,0.0,0.0,0.0,0.0,0,0,0,34.757954853330006,-4.887905128149555,-1.4803803611414392,-3.4075247670081157,252.92445728663102,250.61023248032518,280.0779950270138,234.4220080247441,0.09041519629853821,7.457090188660926,-0.012256186172015099,-0.030402779192179125,-0.10728986617010791,1.2263252181816224,0.00569453100680264,0.03131419461387461,-0.024145921995126784,0.006665253898762877,0
AMZN,2026-06-15,0.0,0.0,0.0,0.0,0,0,0,43.21896684623852,-4.756945936917134,-2.135693476296578,-2.621252460620556,252.26689033290054,250.43022353099718,279.44296312714397,233.24503888701616,0.2765268265959958,7.585869068530569,0.03131419461387461,0.0032623890701223555,-0.06860002033426763,0.9981982387296594,0.021116933098614284,-8.131156862668482e-05,-0.04841071236190756,-0.03121700593934182,0
AMZN,2026-06-16,0.0,0.0,0.0,0.0,0,0,0,43.20280862697233,-4.601728154274184,-2.6289004118920993,-1.9728277423820848,251.67004363452907,250.25648927487967,278.572111640526,232.22989183847795,0.29713958934944024,7.334021103535082,-8.131156862668482e-05,0.007412250872261085,-0.07120737897243577,0.8405626906871384,0.01801782130491697,-0.034552845528455285,-0.047682909461540905,-0.01747968720226753,0
AMZN,2026-06-17,0.0,0.0,0.0,0.0,0,0,0,36.8914148673025,-5.105740111983835,-3.1242683519104464,-1.9814717600733882,250.32051566933583,249.75623479351185,278.66298551074436,229.95501833447048,0.15490241336133512,7.5244481675682895,-0.034552845528455285,-0.0021008403361344537,-0.08421376049313883,1.0640883144253357,0.02140801815012589,0.029010523745888157,-0.04416844418174342,0.02176841334292763,0
AMZN,2026-06-18,0.0,0.0,0.0,0.0,0,0,0,44.02914577424016,-4.892806621989706,-3.4779760059262985,-1.4148306160634077,249.7557045950799,249.54579418943877,277.4779947263426,229.07800808127456,0.3163635440782537,7.68055840239042,0.029010523745888157,0.011924992539929777,-0.07780842087516962,1.714128280371344,0.014779536179954216,-0.047465142323687745,-0.04787428690806634,-0.0009411012239185937,0
AMZN,2026-06-22,0.0,0.0,0.0,0.0,0,0,0,36.536683452558826,-5.595576521311955,-3.90149610900343,-1.6940804123085247,248.13992256565635,248.88870395793657,276.20824908773557,226.78075390298713,0.12157685435372659,7.999803794825702,-0.047465142323687745,-0.024145921995126784,-0.13286895367764337,1.4962000738377486,0.006144566346170028,0.005670378290686527,0.031573548328949846,0.0566605215937861,1
AMZN,2026-06-23,0.0,0.0,0.0,0.0,0,0,0,37.83310514746236,-5.977112735415204,-4.316619434285785,-1.660493301129419,246.803739522294,248.30914696391363,274.72106065394763,225.0469416653883,0.18245032080087067,7.7762460321372595,0.005670378290686527,-0.04841071236190756,-0.12094475003019443,1.2774015024076628,-0.025648307191134166,0.0006834550497297302,0.01806841107390107,0.040621906292094716,1
AMZN,2026-06-24,0.0,0.0,0.0,0.0,0,0,0,37.99843999825463,-6.19515804993847,-4.692327157416322,-1.502830892522148,245.61005045088132,247.75859234856256,273.0017561785165,223.6642457135734,0.21496339111847768,7.897228545606249,0.0006834550497297302,-0.047682909461540905,-0.11692865646392515,1.4352554350780902,-0.02025914917347493,-0.030989924587961574,0.03171551005369007,0.054509705812870984,1
AMZN,2026-06-25,0.0,0.0,0.0,0.0,0,0,0,33.62823979075603,-6.874537260000153,-5.128769177933089,-1.7457680820670642,243.8386165514484,246.94492184496545,269.93980395728636,222.2421967751355,0.09995884517839308,7.955998022398883,-0.030989924587961574,-0.04416844418174342,-0.16494394184271385,1.5275348350314006,-0.006435293517203424,0.025020959746330777,0.06898376301065373,0.08074535163473923,1
AMZN,2026-06-26,0.0,0.0,0.0,0.0,0,0,0,39.49161330123519,-6.8753660678605115,-5.478088555918574,-1.3972775119419376,242.77684377906346,246.38590539776706,264.80614462428275,223.24485635227975,0.22725826079575703,7.942711664632668,0.025020959746330777,-0.04787428690806634,-0.15076641444742245,4.055955281498576,-0.023769987187145167,0.03201683299701789,0.04929305556903499,0.06283035353385656,1
AMZN,2026-06-29,0.0,0.0,0.0,0.0,0,0,0,46.20439957598289,-6.20336191783025,-5.6231432283009095,-0.5802186895293406,242.5257157419763,246.14096790725262,259.3494051010785,225.6515943496051,0.4299509290647272,8.591089708048973,0.03201683299701789,0.031573548328949846,-0.11269588238239164,1.2442986424466922,-0.004554083990552379,-0.007495640277891181,0.024319131976071648,0.030607171325879735,1
AMZN,2026-06-30,0.0,0.0,0.0,0.0,0,0,0,44.90807569326472,-5.749759343811945,-5.648466451403117,-0.10129289240882855,242.12707579873006,245.83504745355214,255.90477247071095,226.80422563719918,0.3964107879721015,8.289582951558867,-0.007495640277891181,0.01806841107390107,-0.0877287474967784,1.051058087804239,0.01798031862118026,0.01409751053947381,0.02215322170187294,0.06973235978578539,1
AMZN,2026-07-01,0.0,0.0,0.0,0.0,0,0,0,47.84938324824923,-5.0608141520167464,-5.530935991525843,0.4701218395090967,242.08640162249313,245.67288861020666,253.40175935848555,227.82523954288166,0.5424802711780875,8.411755597876091,0.01409751053947381,0.03171551005369007,-0.057773244581886436,0.8462221448083481,0.017074927306198976,0.004013244654325923,0.022093489471719505,0.03388499191069524,1
AMZN,2026-07-02,0.0,0.0,0.0,0.0,0,0,0,48.700874260087424,-4.385990167596702,-5.301946826740016,0.9159566591433137,242.14198224596475,245.55512820074543,252.33519830738348,228.15679998363217,0.6002547394157333,8.213773011574116,0.004013244654325923,0.06898376301065373,-0.029397672097893044,0.7603290729138661,0.014272152632611826,0.006140048231783189,0.011002588655753303,0.018790940754938767,1
AMZN,2026-07-06,0.0,0.0,0.0,0.0,0,0,0,50.0500119644984,-3.6884382867006877,-4.97924511873215,1.2908068320314623,242.33417476178803,245.50041743452442,250.32846199805454,229.20053733055875,0.7080423925670745,7.995645539555987,0.006140048231783189,0.04929305556903499,-0.03794471759635617,0.6288678023892974,0.030576605112689694,0.007454095831143403,0.012901350955267926,0.023877792200244104,1
AMZN,2026-07-07,0.0,0.0,0.0,0.0,0,0,0,51.720247277340036,-2.9547052433239287,-4.574337143650506,1.619631900326577,242.68139580614528,245.51922442640733,250.3200513024714,229.2039477209661,0.7944670256905915,7.869527695840493,0.007454095831143403,0.024319131976071648,-0.00020323965372478063,0.644889076555088,0.009055360286985493,-0.009594278605344918,0.006138750271780514,0.006382662620897743,1
AMZN,2026-07-08,0.0,0.0,0.0,0.0,0,0,0,49.41291545495353,-2.534433474628628,-4.166356409846131,1.6319229352175029,242.77078621672072,245.44474484565362,250.09668724355157,229.26731116953437,0.6890597153102839,7.697417964357467,-0.009594278605344918,0.02215322170187294,-0.006524778140244711,0.47283955115554954,-0.0018345609509704882,0.01403824906613353,0.04654795100551927,0.005048891761681786,1
AMZN,2026-07-09,0.0,0.0,0.0,0.0,0,0,0,52.7056531605774,-1.9034579218645433,-3.7137767122498135,1.8103187903852702,243.17737736618855,245.50730360802535,250.55520698132426,229.09379051623432,0.8362077498048908,7.808316681189077,0.01403824906613353,0.022093489471719505,0.011671201999395623,0.6104838265065071,0.007978454367513217,-0.006881464517662833,0.01153661828437074,-0.054161228900804465,1
AMZN,2026-07-10,0.0,0.0,0.0,0.0,0,0,0,50.9310270315963,-1.523024320306689,-3.275626233861189,1.7526019135545,243.38334107777922,245.5007425386083,251.1472152151608,229.23578191618688,0.7349685528083588,7.7234365694746785,-0.006881464517662833,0.011002588655753303,0.0308403207474396,0.5101443034395642,0.013655015588639552,0.008029678202122298,0.007703592638215686,-0.0539251484675098,1
AMZN,2026-07-13,0.0,0.0,0.0,0.0,0,0,0,52.90974435919528,-1.050456309226007,-2.8305922489341526,1.7801359397081455,243.75730836166633,245.57169371586266,251.86034954876789,229.10264788775555,0.8000522171371272,7.562476901705281,0.008029678202122298,0.012901350955267926,0.024015581895902215,0.5612343815181169,-0.002808601725635577,0.000727863557265469,0.010836634026229988,-0.06437264294248145,1
AMZN,2026-07-14,0.0,0.0,0.0,0.0,0,0,0,53.09586637353183,-0.6538800971118803,-2.3952498185696984,1.741369721457818,244.11280332657086,245.64692162869804,252.6654792069857,229.19151847367834,0.7795227753585644,7.362299587786042,0.000727863557265469,0.006138750271780514,0.03747642979265254,0.4963401055913585,0.005510150989173405,0.030183041960898313,0.00024242416769192402,-0.06719465236454504,1
AMZN,2026-07-15,0.0,0.0,0.0,0.0,0,0,0,60.13710742919397,0.26017691969587986,-1.8641644709165828,2.1243413906124626,245.14587031583716,246.01214065164586,254.45790809904943,228.29308982575523,1.019189837650439,7.478564295313044,0.030183041960898313,0.04654795100551927,0.03633851835684639,0.7436403077287524,0.012624058004194673,-0.01988550043422553,-0.03965328029543734,-0.11103707276394201,0
AMZN,2026-07-16,0.0,0.0,0.0,0.0,0,0,0,54.19093701276805,0.5689084492264556,-1.3775498868879752,1.9464583361144308,245.59769213239062,246.16421354333224,255.03180599490122,228.1081918688683,0.8090224224287528,7.664380172238228,-0.01988550043422553,0.01153661828437074,0.015813005648977387,0.7391650610481547,-0.001317065411650536,-0.01064469834169588,-0.06494856043531361,-0.057585335246691495,0
AMZN,2026-07-17,0.0,0.0,0.0,0.0,0,0,0,51.32365303113972,0.5921148147105839,-0.9836169465682634,1.5757317612788473,245.75314961764286,246.20600892310506,255.597830104708,228.5151673318154,0.6910261576810526,7.591925099597885,-0.01064469834169588,0.007703592638215686,0.04096840306332237,0.7109906955420287,-0.015444776463544117,0.011163733419575354,-0.06115760780844149,0.09849124809095407,0
AMZN,2026-07-20,0.0,0.0,0.0,0.0,0,0,0,54.04089715320406,0.8237204121088553,-0.6221494748328397,1.4458698869416948,246.15665970102583,246.35440094546033,256.28472887194425,228.38826917493077,0.7743540417978527,7.453930711205849,0.011163733419575354,0.010836634026229988,0.02291421955686139,0.5481184449344397,-0.009450400064329005,-0.009760399967161774,-0.07440299889918695,0.1361253761060394,0
AMZN,2026-07-21,0.0,0.0,0.0,0.0,0,0,0,51.31374888598176,0.8011465923844128,-0.3374902613893892,1.1386368537738019,246.28935906776223,246.40128730257004,256.4753766291371,229.67362239430042,0.666985470459312,7.1765076121353415,-0.009760399967161774,0.00024242416769192402,0.06340482920794108,0.48575810097494837,-0.004721795768024684,-0.01090687503517288,-0.06742073211736822,0.12066253285293368,0
AMZN,2026-07-22,0.0,0.0,0.0,0.0,0,0,0,48.40292770395216,0.5589463036535278,-0.15820294838080584,0.7171492520343337,246.1522778330721,246.3404527457444,256.3781777786033,230.84482179415065,0.5485054263095219,7.092471354125673,-0.01090687503517288,-0.03965328029543734,0.045875893661798464,0.6116527023593722,-0.009803824059031567,-0.04570145869906752,-0.07433127120011915,0.11353884868279605,0
AMZN,2026-07-23,0.0,0.0,0.0,0.0,0,0,0,38.62401102369582,-0.5298312831698127,-0.23252861533860722,-0.2973026678312054,244.96253743583756,245.84318023266067,256.4393858631712,230.72261364854756,0.1142207890262172,7.5001521896708265,-0.04570145869906752,-0.06494856043531361,-0.002603835741779895,0.8688426554473758,-0.016703935577468115,-0.006633583101364827,0.007874673923875322,0.16519731874751767,1
AMZN,2026-07-24,0.0,0.0,0.0,0.0,0,0,0,37.49403721800793,-1.5004711597879066,-0.4861171242284671,-1.0143540355594394,243.7384863096008,245.30462416904072,255.5182564333618,232.1537436887085,-0.0018722016091234572,7.22228421971945,-0.006633583101364827,-0.06115760780844149,0.022465998092264825,0.6670278891503503,-0.0058657932710645365,-0.0031019827616639737,0.17004862288623765,0.18254280412115495,1
AMZN,2026-07-27,0.0,0.0,0.0,0.0,0,0,0,36.95322227744962,-2.301280605971698,-0.8491498205771133,-1.4521307853945846,242.562439936272,244.75895260906455,255.71219531864375,231.82980449825078,-0.018415455634650992,7.056406339488373,-0.0031019827616639737,-0.07440299889918695,-0.00558684532260971,0.836727607205562,-0.0040426361916116775,-0.002290499938177472,0.2274514445864073,0.20182374809380538,1
AMZN,2026-07-28,0.0,0.0,0.0,0.0,0,0,0,36.53546175719814,-2.9447490991254597,-1.2682696762867827,-1.676479422838677,241.44792190523196,244.21389566793854,256.4383712486993,230.17562869026557,0.02605866156450679,6.910234065727486,-0.002290499938177472,-0.06742073211736822,-0.038644119275769856,1.1082152463976251,-0.009916132537019303,-0.018236189477331285,0.20168072725585492,0.17937272933310183,1
AMZN,2026-07-29,0.0,0.0,0.0,0.0,0,0,0,33.313719400794895,-3.7511736780686817,-1.7648504766431625,-1.9863232014255192,240.0385954282084,243.5251152063129,257.60951752556946,227.8354821692548,-0.039816177370091944,6.892360465469049,-0.018236189477331285,-0.07433127120011915,-0.04904759008569225,1.1494964089660211,-0.024016205050563205,0.03904701672993471,0.2029561051786709,0.17926320748708707,1
AMZN,2026-07-30,0.0,0.0,0.0,0.0,0,0,0,44.41087146264405,-3.634255996013593,-2.138731580517249,-1.495524415496344,239.6063482445695,243.21040480606536,257.62639805742094,227.19860194257905,0.27282285007068735,7.340764248488001,0.03904701672993471,0.007874673923875322,-0.025651621955005068,2.4533148964969724,0.004754951096550031,0.15320588778032113,0.15609345972664543,0.1258174305002654,1
AMZN,2026-07-31,0.0,0.0,0.0,0.0,0,0,0,67.87878521399324,-0.6230622336983629,-1.8355977111534718,1.212535477455109,242.651456656731,244.32293742434774,263.6882796333666,224.02771920696537,1.198981226035466,9.511424729762297,0.15320588778032113,0.17004862288623765,0.11913293205364991,2.8331612205250596,0.010961845778870402,0.045806035262086764,0.01067834360942802,-0.03288163015430829,1
AMZN,2026-08-03,0.0,0.0,0.0,0.0,0,0,0,72.23163524697246,2.7356004498653306,-0.9213580789497113,3.656958528815042,246.59131688120158,245.8796845454977,272.307201539271,219.3947958362173,1.221361839794877,9.947753365833963,0.045806035262086764,0.2274514445864073,0.16325354175012358,1.8887218207708438,0.02513896193909929,-0.023237715094833685,-0.02087878637125008,-0.07995913081309546,0
AMZN,2026-08-04,0.0,0.0,0.0,0.0,0,0,0,67.04090834355897,4.809362614464476,0.22478605973312615,4.58457655473135,249.5273832189666,247.11656018793835,277.24519151893287,217.6008076265749,1.0029310707461916,9.822912531806761,-0.023237715094833685,0.20168072725585492,0.1278153437120147,1.407651840577339,0.04112792206454802,-0.017194215631067118,-0.018563997421923703,-0.06477543201973841,0
AMZN,2026-08-05,0.0,0.0,0.0,0.0,0,0,0,63.48977459182532,5.998783121392961,1.379585472065093,4.619197649327868,251.72953661682544,248.1178713137637,280.5813348020403,217.16766422139716,0.8749269545047127,9.982704319434403,-0.017194215631067118,0.2029561051786709,0.11916098580222324,0.8966111544921528,0.055287411016198586,-0.0014303471101761267,-0.01969556294663369,-0.024977068443211726,0
AMZN,2026-08-06,0.0,0.0,0.0,0.0,0,0,0,63.19504642785434,6.831193238930581,2.469907025438191,4.36128621349239,253.68481977385397,249.06462184128767,283.41712059619294,216.8538800751938,0.8323832983003864,9.585369255741544,-0.0014303471101761267,0.15609345972664543,0.10208880005222973,0.6140517266143406,0.036228067020911796,0.008153974660524742,-0.02618821944857184,-0.044626548072637794,0
AMZN,2026-08-07,0.0,0.0,0.0,0.0,0,0,0,64.21346991251909,7.582612166414378,3.492448053633429,4.09016411278095,255.665314175042,250.06130376854418,286.422179657964,216.76282247826643,0.8285633236489803,9.332842008400629,0.008153974660524742,0.01067834360942802,0.11877400783973631,0.6763889395203897,0.035112350829374785,0.01315208833820075,-0.04309973993127319,-0.057745575157037994,0
AMZN,2026-08-10,0.0,0.0,0.0,0.0,0,0,0,65.86744091693092,8.372895204124148,4.4685374837315734,3.904357720392575,257.8009981905514,251.16046818302834,289.74280952338665,216.52019249077352,0.8408577341573861,9.133353903866432,0.01315208833820075,-0.02087878637125008,0.1244591770779681,0.7129722828554222,0.020272739758967234,-0.02092850300572195,-0.06034017404534213,-0.05760721070385768,0
AMZN,2026-08-11,0.0,0.0,0.0,0.0,0,0,0,60.974611050929596,8.432371128555928,5.261304212696444,3.171066915859484,259.17899731656286,251.9882925293281,291.8022846149543,216.9387157512566,0.739094784048508,9.015257981185124,-0.02092850300572195,-0.018563997421923703,0.10012518877733938,0.6352941106170991,-0.0009983010050032954,-0.018327360472051257,-0.0470855302601745,-0.04117233594377242,0
AMZN,2026-08-12,0.0,0.0,0.0,0.0,0,0,0,57.060899740433946,7.984811778533185,5.806005725863793,2.178806052669392,259.9505212653947,252.58796728422885,292.8399301582539,217.13306941450003,0.6623828920146341,8.825595650497794,-0.018327360472051257,-0.01969556294663369,0.04832127290950376,0.6055898297006819,0.0035074660415172912,-0.008043976003829997,-0.005387617659319559,-0.026189763663461263,0
AMZN,2026-08-13,0.0,0.0,0.0,0.0,0,0,0,55.41062957605175,7.371655375479236,6.119135655786882,1.252519719692354,260.44380541943445,253.079811895938,293.77405579811455,217.72294432395577,0.6233578923427708,8.543052755261344,-0.008043976003829997,-0.02618821944857184,0.060986856338338814,0.6594612888686601,0.012126583941168768,-0.0093539431247108,-0.018934181114162653,-0.03345526705326332,0
AMZN,2026-08-14,0.0,0.0,0.0,0.0,0,0,0,53.488947471229196,6.609419079299926,6.2171923404894915,0.39222673881043413,260.6539186077249,253.4551131508614,294.4480942737091,218.5909056652557,0.5808162553801632,8.174976424946918,-0.0093539431247108,-0.04309973993127319,0.0623710651434828,0.5681401461143268,0.003983158382621264,-0.005101832739500251,-0.015305498218500751,0.014391771814724078,0
AMZN,2026-08-17,0.0,0.0,0.0,0.0,0,0,0,52.4308873182743,5.830010090047892,6.139755890401172,-0.30974580035328003,260.7164023173315,253.76314783351756,294.9452375208434,219.22576162466441,0.5557914319379621,8.120335513315664,-0.005101832739500251,-0.06034017404534213,0.04528177853789931,0.9043178129171798,-0.00046575989686485717,-0.007117926481727642,0.002908460344899672,-0.005893416093184715,1
AMZN,2026-08-18,0.0,0.0,0.0,0.0,0,0,0,50.92508262997422,5.004548260280785,5.912714364377095,-0.9081661040963098,260.5957937353981,253.98616212267498,295.29534684049673,220.06565322053842,0.5235214592984095,7.858167383039769,-0.007117926481727642,-0.0470855302601745,0.04807113313905062,0.6795591417607494,-0.004036006750176536,0.024628960609801052,0.006205377821596681,-0.017460064848527194,1
AMZN,2026-08-19,0.0,0.0,0.0,0.0,0,0,0,55.638761961615145,4.810529341297865,5.692277359761249,-0.8817480184633837,261.09524160230217,254.45101836640893,296.0242627036617,221.43573638081097,0.5953229289566497,7.855441664552552,0.024628960609801052,-0.005387617659319559,0.08572591264507066,0.7314054036309241,-0.004440177502805678,-0.02155436001076794,-0.020914827095945436,-0.04085164294295346,0
AMZN,2026-08-20,0.0,0.0,0.0,0.0,0,0,0,50.916009583520115,4.146604476048083,5.3831427830186165,-1.2365383069705338,261.0014076736603,254.67293864033655,295.5284902678288,224.57650698558925,0.5008102201262622,7.7457677831001375,-0.02155436001076794,-0.018934181114162653,0.1131985845883229,0.591855867521749,-0.019643170156015174,-0.005689825658748435,-0.014801337137187967,-0.004651845462382809,0
AMZN,2026-08-21,0.0,0.0,0.0,0.0,0,0,0,49.741591824646214,3.4611195501993848,4.9987381364547705,-1.5376185862553857,260.77555978881765,254.82811770866894,294.4807787507271,228.276218929937,0.4584848239311692,7.481783498090752,-0.005689825658748435,-0.015305498218500751,0.11425618974936234,0.7445987513592435,-0.013679645239161277,0.013300863691221538,0.030158866510879092,-0.00046396440831322273,1
AMZN,2026-08-24,0.0,0.0,0.0,0.0,0,0,0,52.48497614400838,3.159031902194215,4.630796889602659,-1.4717649874084442,260.8988405064749,255.11211337986697,293.0219981258402,232.80300034828096,0.4860095328063434,7.28237056547043,0.013300863691221538,0.002908460344899672,0.13259003420846557,0.5893483533653429,-0.011906780916194851,-0.003853969311243888,-0.00877635076989721,-0.019460472243991566,0
AMZN,2026-08-25,0.0,0.0,0.0,0.0,0,0,0,51.59447874058977,2.8057826023432426,4.265794032150776,-1.4600114298075333,260.9141887971529,255.34536373981706,290.7412251939824,238.10377297496285,0.4361195995602556,7.052203244806248,-0.003853969311243888,0.006205377821596681,0.13081519911807557,0.5473343579436826,-0.0020066962512270458,-0.0029878142442018823,-0.023519495315517815,-0.03317246511567011,0
AMZN,2026-08-26,0.0,0.0,0.0,0.0,0,0,0,50.876571189645965,2.4348234750249844,3.899599920725618,-1.4647764457006334,260.8537897478333,255.53887883940453,286.0901246125089,246.1178740447177,0.35429890820285037,6.8206171243624985,-0.0029878142442018823,-0.020914827095945436,0.14837858278598498,0.47305080015898304,-0.0038748348350064314,-0.01544486334918345,-0.020362698158193568,-0.032234514480548676,0
AMZN,2026-08-27,0.0,0.0,0.0,0.0,0,0,0,47.22910999363603,1.7957558217616452,3.4788311009328234,-1.6830752791711783,260.41628689238485,255.56715848357004,282.21499868676034,252.0690009470288,0.13902372231231797,6.709144080253458,-0.01544486334918345,-0.014801337137187967,0.08815290770966029,0.8510853008826788,0.011146079559560823,0.03968618794425904,0.010301974675150836,0.0020291461556856106,1
AMZN,2026-08-28,0.0,0.0,0.0,0.0,0,0,0,55.8521839425617,2.085878025607542,3.2002404858677673,-1.1143624602602253,260.98902077651786,255.9931519813038,281.8207752971354,251.94822494700526,0.48478511406083863,7.037061488304551,0.03968618794425904,0.030158866510879092,-0.01896308325766117,1.2957386398551167,0.004740642822047903,-0.024997199433976398,-0.02972631883751196,,0
AMZN,2026-08-31,0.0,0.0,0.0,0.0,0,0,0,50.08082489407584,1.7581287134027548,2.911818131374765,-1.1536894179720103,260.87292251338965,256.14126323747513,278.6569894889019,252.6870107552387,0.27273716051418895,7.19941406475378,-0.024997199433976398,-0.00877635076989721,-0.08538131447794922,1.280201012785433,0.004689139360054592,-0.01867032778937102,-0.010778719295481761,,0
AMZN,2026-09-01,0.0,0.0,0.0,0.0,0,0,0,46.326606312653325,1.094415552826547,2.5483376156651216,-1.4539220628385747,260.3059773377283,256.0933704896897,277.15911210300766,251.93488661525402,0.11834304110310813,7.245169941406411,-0.01867032778937102,-0.023519495315517815,-0.0811045136246096,0.9296410570422641,-0.005392205340662025,0.0002353583831190337,-0.009885471091172821,,0
AMZN,2026-09-02,0.0,0.0,0.0,0.0,0,0,0,46.380155264743564,0.5667265222591595,2.1520153969839293,-1.5852888747247698,259.7987409939007,256.0497087343112,276.35668294081944,250.9703159605478,0.15794618308745348,6.930514684012427,0.0002353583831190337,-0.020362698158193568,-0.06480835710436139,0.7267075848795002,-0.00120097630115393,0.015373747880732017,-0.012118583377781784,,0
AMZN,2026-09-03,0.0,0.0,0.0,0.0,0,0,0,49.89729833030852,0.4595429303372498,1.8135209036545936,-1.3539779733173438,259.71314603224204,256.16148462302385,275.20574869512575,250.78524861932735,0.33229234667471175,6.758335368901606,0.015373747880732017,0.010301974675150836,-0.0490707977298671,0.8184929521154097,0.0026844863049642932,-0.001506311858065558,-0.008188471097589654,,0
GOOGL,2024-11-20,0.0,0.0,0.0,0.0,0,0,0,56.17536505542532,3.100597499626133,3.412658752926471,-0.31206125330033796,172.5972134270716,167.1752384452791,182.91608268312362,162.07732399412245,0.6082670080594802,3.8297914178993224,-0.012014366618264936,-0.016211976430188572,0.08109085499287208,0.6611787414592559,-0.011202716229737612,-0.04744842722654404,-0.03835652034738304,-0.018979440743733107,0
GOOGL,2024-11-21,0.0,0.0,0.0,0.0,0,0,0,43.93582654935406,2.238790576398742,3.1778851176209253,-0.9390945412221834,172.01282218132,167.14723322572618,182.3217104842057,163.1592755387435,0.1723074242565449,4.427260007509649,-0.04744842722654404,-0.0452784925103966,0.030174731849149004,1.9522152644922999,0.0005392747264075706,-0.017121244968120928,0.007874366532086006,0.042235838666372726,1
GOOGL,2024-11-22,0.0,0.0,0.0,0.0,0,0,0,40.65684121164139,1.310720307630504,2.8044521556228412,-1.4937318479923372,171.2126566387538,167.00856070645753,182.38963751211773,163.04070306405416,0.02947867345624952,4.375600363002512,-0.017121244968120928,-0.04481430545763842,-0.003085925322485286,1.2241030787593563,0.016662510521074318,0.01754063636404333,0.040847323961316184,0.06561664833746424,1
GOOGL,2024-11-25,0.0,0.0,0.0,0.0,0,0,0,45.09996043049568,0.7975960503043495,2.403080934559143,-1.6054848842547935,170.7620156744603,166.98786916948555,182.30667409491997,163.21601572441597,0.17102138259937402,4.337558882927754,0.01754063636404333,-0.043639698673366555,0.005578078911171383,1.0490208198747522,0.015948486990688154,0.008768438899283571,0.022010277444815974,0.10576936296376681,1
GOOGL,2024-11-26,0.0,0.0,0.0,0.0,0,0,0,47.26291217860978,0.5029357207629346,2.023051891799901,-1.5201161710369666,170.4933193574358,167.0252352548274,182.33149036935836,163.1355918449971,0.2503197490134637,4.186617941939418,0.008768438899283571,-0.05052764557786697,-0.003300217656974962,0.6716340843796574,0.01753357043185078,0.0006504538094205773,0.031042883068593756,0.1567166647192727,1
GOOGL,2024-11-27,0.0,0.0,0.0,0.0,0,0,0,47.42982279676409,0.27505914320798297,1.6734533420815176,-1.3983941988735347,170.26061675354683,167.0654198337205,182.28131688912464,162.66641260306284,0.27446116152420985,3.9911317191532123,0.0006504538094205773,-0.03835652034738304,-0.02997819914663822,0.6875599873023865,0.014106959049164758,-0.0016546326035534603,0.02014996203234247,0.1356142257181099,1
GOOGL,2024-11-29,0.0,0.0,0.0,0.0,0,0,0,47.02186068793068,0.07120728860161307,1.353004131385537,-1.281796842783924,170.02359431068672,167.0931241972419,182.32925523098055,162.40398146335536,0.26940155014994505,3.867062311397859,-0.0016546326035534603,0.007874366532086006,-0.012623400769491332,0.5380894789072457,0.014957988201316686,0.015033972412069451,0.034093011267384794,0.12481534953121837,1
GOOGL,2024-12-02,0.0,0.0,0.0,0.0,0,0,0,51.12828277368078,0.11189016645263905,1.1047813383989575,-0.9928911719463185,170.04936237019723,167.21865497129306,182.33050310839212,162.42259442578757,0.3953988656094976,3.839809171890296,0.015033972412069451,0.040847323961316184,0.0011676284171476315,0.9116136267439345,0.013635362826063877,-0.000874610385758644,0.023797269595582524,0.1480867438598516,1
GOOGL,2024-12-03,0.0,0.0,0.0,0.0,0,0,0,50.87749937358268,0.13060777791170608,0.9099466263015072,-0.7793388483898012,170.05849146784587,167.33342214479168,182.29441636595422,162.66721540894812,0.3810019830611839,3.6953389319443173,-0.000874610385758644,0.022010277444815974,0.012408330073837123,0.8513513073977371,0.010677102200437513,0.017684012133118494,0.0819552282080387,0.14184642545533496,1
GOOGL,2024-12-04,0.0,0.0,0.0,0.0,0,0,0,55.61396888130669,0.3838063955013524,0.8047185801414763,-0.4209121846401239,170.35330827978095,167.56168276629649,182.3598345882772,163.06156433750405,0.5229745217841827,3.7044689378131515,0.017684012133118494,0.031042883068593756,0.02727675487067773,1.179577901611172,0.011670593886479185,-0.009921372597832625,0.12188996569827258,0.0816995327298403,1
GOOGL,2024-12-05,0.0,0.0,0.0,0.0,0,0,0,52.50129997894738,0.44076498679541487,0.7319278614722641,-0.2911628746768492,170.45643529768498,167.71362234282498,182.10831678927434,162.92878190457333,0.44356446151289086,3.704434415902256,-0.009921372597832625,0.02014996203234247,-0.02192504039751046,0.8155865859486335,0.01307524983003486,0.011990399136146548,0.11318361807879654,0.09317692307213046,1
GOOGL,2024-12-06,0.0,0.0,0.0,0.0,0,0,0,55.696536186201556,0.6443462123743586,0.714411531652683,-0.07006531927832438,170.74551095850813,167.94021478962904,181.27813851569516,163.15917380119936,0.570261938137247,3.6682282224807823,0.011990399136146548,0.034093011267384794,-0.03341622014055902,0.8257769024167334,0.008729350841172913,0.004927988275062503,0.08773131360074105,0.09684252020720577,1
GOOGL,2024-12-09,0.0,0.0,0.0,0.0,0,0,0,56.992412141701834,0.8647065487379564,0.7444705350697377,0.12023601366821868,171.08848086210634,168.1914493055765,180.919558884139,163.2417890772868,0.628184776153031,3.5915527076573945,0.004927988275062503,0.023797269595582524,-0.0155818452238641,0.9705606614744725,0.0017392793883267575,0.05588183425761543,0.1214004744448728,0.10982492975441505,1
GOOGL,2024-12-10,0.0,0.0,0.0,0.0,0,0,0,68.35257853513573,1.8047037948772129,0.9565171870312328,0.8481866078459801,172.32667392825243,168.81490258993196,182.17358601737277,162.48747355293972,1.0973235341781855,4.115432638438301,0.05588183425761543,0.0819552282080387,0.02790244763589057,1.9556616087809946,-0.0018377997809039008,0.055246512699666545,0.055354598495253426,0.059080906030839264,1
GOOGL,2024-12-11,0.0,0.0,0.0,0.0,0,0,0,75.59845789277982,3.331908698470187,1.4315954893190237,1.9003132091511632,174.4155441637872,169.81274215116474,186.3771313417239,159.6745562803464,1.2952029922778785,4.585559495916526,0.055246512699666545,0.12188996569827258,0.07710567378100652,2.2506966909389816,-0.00032904539012021226,-0.017604807662172314,-0.03582386347792803,0.001023642191496025,0
GOOGL,2024-12-12,0.0,0.0,0.0,0.0,0,0,0,69.81033782045385,4.217653223941056,1.9888070362434305,2.2288461876976258,175.97976898486996,170.63733676426244,189.03991125395305,158.33250390717978,1.0586175677704144,4.520051520943812,-0.017604807662172314,0.11318361807879654,0.07435162917782948,1.1323688535223095,-0.0038405706776920806,-0.011148180474049332,-0.017972502183597448,0.004167384937767073,0
GOOGL,2024-12-13,0.0,0.0,0.0,0.0,0,0,0,66.40418846992074,4.693831674092763,2.529811963813297,2.164019710279466,177.19239928011672,171.34616226703494,191.0996310588281,157.70845609937504,0.9285067393775155,4.416616831991054,-0.011148180474049332,0.08773131360074105,0.082341573453388,0.8256143879890729,-0.005922790764406276,0.03603409108826351,0.008376339351952361,0.007480763018745571,1
GOOGL,2024-12-16,0.0,0.0,0.0,0.0,0,0,0,71.23513060188209,5.555871471172679,3.1350238652851736,2.4208476058875057,178.93716758016885,172.29386046953022,194.59013670433427,156.64047700416182,1.0243040315411736,4.75303145072644,0.03603409108826351,0.1214004744448728,0.14143068117010252,1.445977022960002,0.00348951600026783,-0.006305263244155105,-0.010322400386167132,-0.03742512060893905,0
GOOGL,2024-12-17,0.0,0.0,0.0,0.0,0,0,0,69.28992648420645,6.0696043668941115,3.7219399656069614,2.34766440128715,180.3983619879913,173.1560506025802,197.2448682898389,156.00595415889154,0.9280980236744634,4.870845245560704,-0.006305263244155105,0.055354598495253426,0.11605217967083938,1.3492022141004567,0.00247182347536872,-0.03592261108839987,0.003530858292462918,-0.030651927791607417,1
GOOGL,2024-12-18,0.0,0.0,0.0,0.0,0,0,0,59.40065039098998,5.846200278542625,4.146792028194095,1.6994082503485304,181.05572507851372,173.7107417333997,198.28549757053196,156.00759935329614,0.7401757515093994,5.180496454368734,-0.03592261108839987,-0.03582386347792803,0.05892620277380565,1.04225949336165,-0.03486640000090235,0.0005838726504258229,0.038216570887492134,0.017993575038307733,1
GOOGL,2024-12-19,0.0,0.0,0.0,0.0,0,0,0,59.49819776145811,5.613269074391866,4.440087437433649,1.1731816369582164,181.6608973738636,174.24796888815607,199.34732348218512,156.2114915202563,0.72326280125921,5.140665355547361,0.0005838726504258229,-0.017972502183597448,0.07242903643826648,0.9647471064117192,-0.030165842561038495,0.015383764866345375,0.022545078595654296,0.04434761340565102,1
GOOGL,2024-12-20,0.0,0.0,0.0,0.0,0,0,0,62.08459301868773,5.5967928799319395,4.671428525933308,0.9253643539986314,182.48301248864817,174.87718995446767,200.53934300584098,157.4026720698426,0.7624703829847767,5.318135181560271,0.015383764866345375,0.008376339351952361,0.14316858393309498,1.887056531500633,-0.018322067820702167,0.01682248221460761,-0.0008881369963344703,0.021315528469176892,0
GOOGL,2024-12-23,0.0,0.0,0.0,0.0,0,0,0,64.77440099108094,5.775469637755265,4.8922367482977,0.883232889457565,183.531707344175,175.60727303357405,201.70811647413862,159.22222105027546,0.8066697683898769,5.28977753390276,0.01682248221460761,-0.010322400386167132,0.18264792188626144,0.7784041729131179,-0.016642260836983943,0.0076042263120835105,-0.027385403320583656,-0.0034937740337925485,0
GOOGL,2024-12-24,0.0,0.0,0.0,0.0,0,0,0,65.96940636590315,5.967015837694049,5.10719256617697,0.8598232715170795,184.6206574050534,176.3664263649397,203.010253876063,160.76855929532374,0.8095585186032618,5.077393858835799,0.0076042263120835105,0.003530858292462918,0.17109921878881013,0.3266593505621856,-0.001599151956750124,-0.002600555314198157,-0.034062516166402046,-0.020753727458703818,0
GOOGL,2024-12-26,0.0,0.0,0.0,0.0,0,0,0,65.14923142829207,6.008641502734662,5.2874823534885085,0.7211591492461533,185.55761040842256,177.07592587770404,203.99371056075026,162.4368985701091,0.7705539437801937,4.8830204403667805,-0.002600555314198157,0.038216570887492134,0.15790072870088592,0.38333782278067624,0.029139453920505348,-0.014519568083692123,-0.019478590899293106,-0.023466336389480168,0
GOOGL,2024-12-27,0.0,0.0,0.0,0.0,0,0,0,60.62875726033191,5.747546714073479,5.379495225605503,0.36805148846797664,186.13642923903782,177.64687812288753,204.25308792898048,164.53604781320703,0.682305636011216,4.885743567422542,-0.014519568083692123,0.022545078595654296,0.14034676733748158,0.6015068716030509,0.018619220025840218,-0.007885338050267518,0.021321832422234087,-0.01608208612067596,1
GOOGL,2024-12-30,0.0,0.0,0.0,0.0,0,0,0,58.29732588456611,5.356941902408636,5.37498456096613,-0.018042658557494207,186.51620738117188,178.1361809310663,203.96935535002137,167.0550022549591,0.6249357104289055,4.795243904642622,-0.007885338050267518,-0.0008881369963344703,0.13322982660090887,0.4541861705759007,-0.004956428959986894,-0.01014448426172352,0.02222340289180402,0.02253720774515322,1
GOOGL,2024-12-31,0.0,0.0,0.0,0.0,0,0,0,55.37061690532603,4.8360074378289255,5.26718913633869,-0.4311816985097643,186.67612942048365,178.53065967078703,203.51236009153592,169.3021204992844,0.5522693941886382,4.697717946990403,-0.01014448426172352,-0.027385403320583656,0.10511945900137253,0.5617982406835144,-0.014478249377518685,0.0006869055706728293,0.024564333466060483,0.019070386172765994,1
GOOGL,2025-01-02,0.0,0.0,0.0,0.0,0,0,0,55.53175730251868,4.383069037246344,5.090365116520221,-0.7072960792738776,186.83313245233117,178.91473816428098,202.71507046491348,171.91735446184435,0.5327442720558693,4.681719688197199,0.0006869055706728293,-0.034062516166402046,0.10684663127317301,0.6571827870680227,-0.027706626079742076,0.012458389189149773,0.013778105654289868,0.034682907087115626,1
GOOGL,2025-01-03,0.0,0.0,0.0,0.0,0,0,0,58.46309236303253,4.165416266756296,4.905375346567436,-0.7399590798111406,187.19863252151018,179.3757634589645,202.19897777916017,174.18512866615234,0.5884858751846305,4.615736100359887,0.012458389189149773,-0.019478590899293106,0.10116317444091709,0.6128012999312722,-0.015615302248773657,0.02648720486800092,-0.004066964222478788,0.03263990873098472,0
GOOGL,2025-01-06,0.0,0.0,0.0,0.0,0,0,0,63.96898892217746,4.350297485877348,4.794359774429419,-0.44406228855207086,188.01030770268332,180.01676183013564,201.4678928673261,177.34472157359187,0.7617779655284951,4.742645472538567,0.02648720486800092,0.021321832422234087,0.1416567106405124,0.9612120461354987,0.0005881335373003116,-0.007009550171024916,-0.036623048049604943,0.007619289820536493,0
GOOGL,2025-01-07,0.0,0.0,0.0,0.0,0,0,0,61.58099704670589,4.336130673984798,4.702713954340496,-0.3665832803556981,188.61402165473433,180.57882231519773,200.21460210056702,180.68376978664,0.6996903251703281,4.858360036777635,-0.007009550171024916,0.02222340289180402,0.12022229817288618,0.8542101872669708,0.0006970841618573489,-0.00787767738337093,0.00030698265414533357,0.012737189244835233,1
GOOGL,2025-01-08,0.0,0.0,0.0,0.0,0,0,0,58.936835590927934,4.153483986591709,4.592867960790739,-0.4393839741990293,189.0144275048601,181.05880116876077,197.79272158244308,184.95280911824054,0.6125800300230206,4.788989555992728,-0.00787767738337093,0.024564333466060483,0.10594745223278343,0.8025670733111936,0.005818417701802333,-0.009847949664065454,-0.005362227742897007,0.03227640099872283,0
GOOGL,2025-01-10,0.0,0.0,0.0,0.0,0,0,0,55.74010128834733,3.8115751892409833,4.4366094064807875,-0.6250342172398042,189.19585520296494,181.44549203802353,197.20801173411144,186.2205099944042,0.42765939445320483,4.887902489602081,-0.009847949664065454,0.013778105654289868,0.037101029550358114,0.901637390298907,-0.007098369368140109,-0.00536345032546508,0.02062068742284965,-0.0011975612397444233,1
GOOGL,2025-01-13,0.0,0.0,0.0,0.0,0,0,0,54.03792928637086,3.418575614062121,4.233002647997054,-0.8144270339349333,189.26248151873537,181.77686221373065,196.9142041999819,186.07787954025247,0.35229213761832234,4.871101070532354,-0.00536345032546508,-0.004066964222478788,-0.022466715329992254,0.8002625530901599,-0.017839250630239365,-0.0070676650767092005,0.03685676811072603,0.02245964579954965,1
GOOGL,2025-01-14,0.0,0.0,0.0,0.0,0,0,0,51.80493496921415,2.964648348254684,3.9793317880485803,-1.0146834397938962,189.19494177494957,182.0426054292308,196.94498692655083,185.81843775606637,0.24579736367613828,4.78377837107651,-0.0070676650767092005,-0.036623048049604943,-0.011981721426376065,0.6508467973506494,-0.022121135180254416,0.031055682473863058,0.04592422289174664,0.030317398274504474,1
GOOGL,2025-01-15,0.0,0.0,0.0,0.0,0,0,0,59.641011157305144,3.042339688605324,3.7919333681599294,-0.7495936795546054,189.69151551680704,182.52756074825913,197.23729595604698,186.0957866245194,0.7461448168794855,4.917860135074155,0.031055682473863058,0.00030698265414533357,0.030186566274144518,0.8305056755921757,0.0070500416166233626,-0.01350050146042795,0.012426391903921783,0.027205307427657918,1
GOOGL,2025-01-16,0.0,0.0,0.0,0.0,0,0,0,55.30087171989293,2.8591671558256735,3.6053801256930784,-0.7462129698674049,189.8908328517949,182.89057199476582,196.76585823511218,186.1944124558058,0.5287767818207225,4.76115877432339,-0.01350050146042795,-0.005362227742897007,-0.019068445938747867,0.7165082159302899,0.003647147148886526,0.016017785021122576,0.03784154371717412,0.05759167219027401,1
GOOGL,2025-01-17,0.0,0.0,0.0,0.0,0,0,0,59.05646167442912,2.928129484715754,3.4699299974976134,-0.5418005127818595,190.36373524528094,183.35981654333963,196.8613225169589,186.15660808606847,0.8126979896096417,4.727845929783705,0.016017785021122576,0.02062068742284965,0.0029678813318709126,1.1519931881660377,0.029440576746084184,0.010459273507817439,-0.021377431333169356,0.02668373152510986,0
GOOGL,2025-01-21,0.0,0.0,0.0,0.0,0,0,0,61.37509257509331,3.111370721934321,3.3982181423849553,-0.28684742045063416,190.98569983176085,183.8905830868683,197.46458795499433,186.5127115445174,0.9479336206598789,4.836807286833334,0.010459273507817439,0.03685676811072603,0.051220792416286944,1.2558152787159413,0.03725540737994551,0.0016156645059633814,-0.013885353072835331,0.042060052842335,0
GOOGL,2025-01-22,0.0,0.0,0.0,0.0,0,0,0,61.73930292891863,3.2448552914781317,3.367545572203591,-0.12269028072545929,191.57872638470698,184.41301036337134,197.98240291926467,186.97514102604785,0.9300530605123676,4.700805573933047,0.0016156645059633814,0.04592422289174664,0.05230480054557428,1.111948590106468,0.041653013329318284,-0.001965953543950617,-0.014921563413162751,-0.03548914052262069,0
GOOGL,2025-01-23,0.0,0.0,0.0,0.0,0,0,0,60.98453676283148,3.281530332681939,3.350342524299261,-0.06881219161732188,192.07834940201167,184.8997459595688,198.52247295107819,187.08823719296478,0.8515244113742108,4.727194261317375,-0.001965953543950617,0.012426391903921783,0.0343242176339777,1.2398742156587106,0.02862786146920476,0.011263802117169652,0.014597521006878925,-0.03222540659400634,1
GOOGL,2025-01-24,0.0,0.0,0.0,0.0,0,0,0,63.71607195596849,3.4497223033359035,3.3702184801065895,0.07950382322931393,192.74153167855,185.45433487510195,199.4121290860076,186.7533265414338,0.9707424316763433,4.596891548692215,0.011263802117169652,0.03784154371717412,0.02866986051321667,1.103022867022814,0.02760109810075745,-0.04195593189752446,0.019030003754101087,-0.07427201908313,1
GOOGL,2025-01-27,0.0,0.0,0.0,0.0,0,0,0,49.62287654860173,2.8760083092278137,3.2713764459308345,-0.39536813670302084,192.54622205579744,185.6596856893979,199.21829374480046,186.51967164826596,0.3284694165771569,4.941733770567735,-0.04195593189752446,-0.021377431333169356,-0.02192643483886348,1.7976049395153113,0.0029955469353430387,0.01819508524810254,0.04911103054137873,-0.027840114407241802,1
GOOGL,2025-01-28,0.0,0.0,0.0,0.0,0,0,0,54.1595758961748,2.6705222655149896,3.1512056098476657,-0.4806833443326761,192.69995477899903,185.9930476486142,199.18976312413756,186.51837743982728,0.6030941208781265,4.929609554231293,0.01819508524810254,-0.013885353072835331,-0.0015337361934513246,1.014220685644648,0.002437701942965804,0.0005631656795549561,0.05673316595540083,-0.051100880451305855,1
GOOGL,2025-01-29,0.0,0.0,0.0,0.0,0,0,0,54.29925379394968,2.48781826102703,3.018528140083539,-0.5307098790565088,192.8494600506978,186.31762460874057,199.3241971838484,186.64739858031174,0.6012844243969964,4.8160941972860405,0.0005631656795549561,-0.014921563413162751,0.013747745143823098,0.7659407908673992,-0.007634609122446826,0.02794136162730666,-0.02087912631680559,-0.06038566996314621,0
GOOGL,2025-01-30,0.0,0.0,0.0,0.0,0,0,0,60.701034098768645,2.749338634566442,2.9646902389801197,-0.21535160441367784,193.50169449852942,186.84234214380683,200.29320651561397,186.63577145069462,0.9564131361522382,4.89744945930704,0.02794136162730666,0.014597521006878925,0.05035564683807902,1.0026628220145548,-0.007724298696231885,0.01568172081198997,-0.04614926276817486,-0.07333104971246014,0
GOOGL,2025-01-31,0.0,0.0,0.0,0.0,0,0,0,63.8474463879467,3.172716827568337,3.006295556697763,0.16642127087057368,194.39005967091651,187.46929064046515,201.71137485228812,186.68101711548533,1.0743930368049566,4.87499444982109,0.01568172081198997,0.019030003754101087,0.07776035379204388,1.2791879674116964,-0.010115569604135228,-0.013675165708291418,-0.09155964249679296,-0.09209881320755342,0
GOOGL,2025-02-03,0.0,0.0,0.0,0.0,0,0,0,59.31744686058185,3.2470010671394505,3.0544366587861007,0.19256440835334976,194.92965412050557,187.96287929737247,202.2039205556707,187.36158542577462,0.855270808449656,4.805146521573282,-0.013675165708291418,0.04911103054137873,0.06229210799344841,1.0964231932081037,-0.002669555733475301,0.025592606188901305,-0.07334890465207576,-0.08676633419157878,0
GOOGL,2025-02-04,0.0,0.0,0.0,0.0,0,0,0,64.34606503307008,3.676627116018267,3.1788747502325343,0.49775236578573256,195.90547284545,188.63789386345283,203.94548426120753,187.0705084756089,1.0729047843887443,4.875210197416221,0.025592606188901305,0.05673316595540083,0.07607279785931392,1.6454511977299293,-0.00453256795437384,-0.07292369302172969,-0.10204472602997472,-0.10228702140156791,0
GOOGL,2025-02-05,0.0,0.0,0.0,0.0,0,0,0,46.32532445554103,2.7777661417846673,3.098653028542961,-0.3208868867582937,195.36338755259834,188.69968536961184,203.97818113475424,186.48704713673013,0.21305251758969168,5.830046665772163,-0.07292369302172969,-0.02087912631680559,-0.02814025274920779,2.452596621618648,0.004004500472607391,0.00141121691226991,-0.04034899541843841,-0.03538398584868389,0
GOOGL,2025-02-06,0.0,0.0,0.0,0.0,0,0,0,46.614193981646395,2.063288309305676,2.891580084695504,-0.828291775389828,194.8984944416552,188.76958044875238,204.0221767457548,186.05632209457724,0.24633883992977734,5.653634930697925,0.00141121691226991,-0.04614926276817486,-0.019898678451450734,1.016066371321976,0.0021154050574361664,-0.03267227297884259,-0.02849689776743233,-0.06231733284180172,0
GOOGL,2025-02-07,0.0,0.0,0.0,0.0,0,0,0,41.092441240506105,0.9835390117045222,2.5099718700973077,-1.5264328583927855,193.88516446274386,188.59267649637331,204.72157999110806,184.5009435074271,-0.011988437878145528,5.843462259535401,-0.03267227297884259,-0.09155964249679296,-0.044392851555319066,1.6407350785927106,-0.0017446417228184862,0.006096856569964789,-0.0005935125033880396,-0.03285849848706897,0
GOOGL,2025-02-10,0.0,0.0,0.0,0.0,0,0,0,42.418392350858035,0.2159889441063001,2.0511752848991063,-1.8351863407928062,193.0753323701239,188.46676477064238,205.1150215815279,183.5537528325346,0.08478975328319363,5.629164871872267,0.006096856569964789,-0.07334890465207576,-0.029004335405062063,0.7733142070912885,0.011843993197228045,-0.006167160115201096,-0.014479483817439682,-0.05925876539917476,0
GOOGL,2025-02-11,0.0,0.0,0.0,0.0,0,0,0,41.39714579182538,-0.4790311846294628,1.5451339909933925,-2.0241651756228554,192.23374333115376,188.30095624869318,205.55572168769473,182.54737432060605,0.07350693699759842,5.415973258725908,-0.006167160115201096,-0.10204472602997472,-0.029788942326737667,0.7115539108577805,0.005866029270828928,-0.009227146267466076,-0.0002698301113840148,-0.06793648043474948,0
GOOGL,2025-02-12,0.0,0.0,0.0,0.0,0,0,0,39.860412847523335,-1.1537158718505225,1.0053640184246095,-2.159079890275132,191.31040115796725,188.0749834747325,206.09777789143791,181.40385174723397,0.04595457031962072,5.276947281164422,-0.009227146267466076,-0.04034899541843841,-0.031899008094987226,0.7334467654967293,-0.0014232121462505623,0.013779070928983245,0.005173765823253032,-0.08229424870471952,1
GOOGL,2025-02-13,0.0,0.0,0.0,0.0,0,0,0,43.21889580994713,-1.4685234534542815,0.5105865240488314,-1.979109977503113,190.71454043105518,187.95650818260145,206.19092851021048,180.37519087455513,0.18123335141017066,5.122999428362071,0.013779070928983245,-0.02849689776743233,-0.04812073603622257,0.7116217194826544,0.005624086888348938,-0.0048888122964884494,-0.03481248283885884,-0.08520476694242679,0
GOOGL,2025-02-14,0.0,0.0,0.0,0.0,0,0,0,42.30378566083866,-1.7706015503934793,0.054348909160369274,-1.8249504595538486,190.0892670492285,187.80720079982788,206.40191112715195,179.40069049638322,0.17586165790152244,4.904774451480303,-0.0048888122964884494,-0.0005935125033880396,-0.0398112656766421,0.6769352594004775,0.01486420701719615,-0.007882072188525406,-0.032284147028603626,-0.09836424049584037,0
GOOGL,2025-02-18,0.0,0.0,0.0,0.0,0,0,0,40.81075849870153,-2.1028819716999863,-0.3770972670117019,-1.7257847046882844,189.38530760369187,187.60682793987755,206.4654013878473,178.12133872445742,0.16145724065686967,4.854103219607596,-0.007882072188525406,-0.014479483817439682,-0.06239785223345497,0.9868157169053757,0.010977863016780557,0.008162344207216137,-0.04543718861905464,-0.0699244717986957,0
GOOGL,2025-02-19,0.0,0.0,0.0,0.0,0,0,0,43.03518295130647,-2.2202917358889067,-0.7457361607871429,-1.4745555751017638,188.89041491059473,187.4727928962028,206.084974235305,177.23122296928486,0.2411371503392983,4.6401743231284724,0.008162344207216137,-0.0002698301113840148,-0.06452916608446792,0.6561235067066251,0.012588517500638174,-0.0038323235031115055,-0.06768491375118196,-0.06611975836976637,0
GOOGL,2025-02-20,0.0,0.0,0.0,0.0,0,0,0,42.226236681771724,-2.343285817100451,-1.0652460920498046,-1.2780397250506466,188.37542898998007,187.31633289023958,205.58141174385148,176.3618438713829,0.2437140379296139,4.492653537701367,-0.0038323235031115055,0.005173765823253032,-0.06961737912527022,0.6927596005738595,0.011634868841753333,-0.026549500505041852,-0.08701780478356881,-0.06615723941279092,0
GOOGL,2025-02-21,0.0,0.0,0.0,0.0,0,0,0,37.05019419123085,-2.801544995848502,-1.412505872809544,-1.389039123038958,187.44554804590086,186.9749739171772,205.35248855136834,174.76945816494023,0.1256324459564764,4.616283081007473,-0.026549500505041852,-0.03481248283885884,-0.09253453804712698,1.176454073464149,-0.016056128947521144,-0.002282090590786635,-0.052209838199922344,-0.03228329942475735,0
GOOGL,2025-02-24,0.0,0.0,0.0,0.0,0,0,0,36.64542237253633,-3.161169266716513,-1.7622385515909378,-1.3989307151255752,186.56540737914094,186.63101694179463,204.55854342002817,173.4796340702062,0.1520142461094033,4.5869281166239295,-0.002282090590786635,-0.032284147028603626,-0.10469005054352438,0.9879420191054714,-0.020485507505355514,-0.02136678294020729,-0.06828460365130543,-0.07357864886937696,0
GOOGL,2025-02-25,0.0,0.0,0.0,0.0,0,0,0,33.01671196940168,-3.7106454295769424,-2.1519199271881386,-1.5587255023888038,185.4064565182555,186.1512289574044,204.9681756018584,171.4405661583955,0.08816188301264531,4.583103530516985,-0.02136678294020729,-0.04543718861905464,-0.08544910899807164,1.3865845347655514,-0.02820968891433723,-0.015334610058198075,-0.025652877828139815,-0.0637959956056586,0
GOOGL,2025-02-26,0.0,0.0,0.0,0.0,0,0,0,30.716131980882892,-4.312194703643115,-2.5839748824791338,-1.7282198211639814,184.1031865824581,185.58538163328592,205.06100979531152,169.10390261923925,0.0728150782631886,4.575292039483671,-0.015334610058198075,-0.06768491375118196,-0.11556574692107673,1.1506855632416542,-0.03000349328896549,-0.024489289612271425,0.0016787837121814938,-0.031422214059184925,1
GOOGL,2025-02-27,0.0,0.0,0.0,0.0,0,0,0,27.474190115493144,-5.069821910148278,-3.0811442880129625,-1.9886776221353153,182.52352780405064,184.8768086048896,205.2973746975492,166.19223864473597,0.033871017931119934,4.71858304706434,-0.024489289612271425,-0.08701780478356881,-0.13771052532571745,1.2544187040785297,-0.0414988963238017,0.010563854645571993,0.022848819484187967,-0.03295258799136011,1
GOOGL,2025-02-28,0.0,0.0,0.0,0.0,0,0,0,30.784764523845567,-5.464462239697468,-3.5578078783498635,-1.9066543613476048,181.2628482238472,184.26541972673368,203.9293641023465,164.5190962858371,0.12096583429153691,4.654226361250425,0.010563854645571993,-0.052209838199922344,-0.15228766165449326,1.4554641974781577,-0.00960102119501174,-0.019203643511252977,0.021024209343257782,-0.027010768451301306,1
GOOGL,2025-03-03,0.0,0.0,0.0,0.0,0,0,0,28.234956132678718,-5.970712599905028,-4.040388822660896,-1.9303237772441317,179.81262236296368,183.55051999959002,201.66376520674547,163.1052899690358,0.07599332435917576,4.850109434091016,-0.019203643511252977,-0.06828460365130543,-0.18140382389166454,1.21676216307003,-0.022504585501343814,0.02341172255045605,-0.005682041145631391,-0.01515351886690755,0
GOOGL,2025-03-04,0.0,0.0,0.0,0.0,0,0,0,35.151439123921534,-5.98921703373594,-4.430154464875905,-1.5590625688600355,178.8707205377521,183.01609385051756,199.0771508248683,162.678589531577,0.19902060436658972,5.035550543638357,0.02341172255045605,-0.025652877828139815,-0.15062371590201923,1.3199997498895022,-0.029247440022381586,0.012286491863228716,-0.039147360226708734,-0.05888685315826948,0
GOOGL,2025-03-05,0.0,0.0,0.0,0.0,0,0,0,38.57551576122663,-5.768917201494901,-4.697907012199704,-1.0710101892951966,178.2173572955034,182.58449826791457,193.97979937500904,164.45940655760816,0.2557892770343322,5.011044026438583,0.012286491863228716,0.0016787837121814938,-0.16164358663189948,0.9174600427148851,-0.01930899763244929,-0.0038723044362954824,-0.0330455214881316,-0.05167750477828458,0
GOOGL,2025-03-06,0.0,0.0,0.0,0.0,0,0,0,37.888168094698045,-5.583709292127708,-4.875067468185305,-0.7086418239424024,177.5627832515492,182.1437073489369,192.50756372137562,164.04471746758924,0.2564610826798138,4.959172908345841,-0.0038723044362954824,0.022848819484187967,-0.09920031843830462,0.8946084997287459,-0.02109205338897497,0.00876115905447412,-0.05455489258294119,-0.05432264140828278,0
GOOGL,2025-03-07,0.0,0.0,0.0,0.0,0,0,0,40.46296906253093,-5.255219519496052,-4.951097878447455,-0.30412164104859674,177.1135186333771,181.77907195332142,190.64288707839728,164.14574359787224,0.32832826562093864,4.938701404260432,0.00876115905447412,0.021024209343257782,-0.09258882315107492,0.8682712332243252,-0.03073160823922798,-0.04485768083503633,-0.0470458754601481,-0.05568344865193457,0
GOOGL,2025-03-10,0.0,0.0,0.0,0.0,0,0,0,32.881274913966365,-5.556475907147046,-5.072173484187373,-0.4843024229596731,175.96861745633302,181.12467918159956,190.31751694835629,162.55446638904607,0.0914016952116605,5.294738224233486,-0.04485768083503633,-0.005682041145631391,-0.10401946343389093,1.3951023282469364,-0.03972456641414724,-0.011032792447469485,-0.00952560258711307,0.010912084165282358,0
GOOGL,2025-03-11,0.0,0.0,0.0,0.0,0,0,0,31.393132256134436,-5.8744803001392825,-5.2326348473777555,-0.6418454527615269,174.75928530647394,180.4245203855687,189.6993879865843,160.96146559007585,0.08035251334025484,5.299026361115333,-0.011032792447469485,-0.039147360226708734,-0.11927428906783086,1.234054087164345,-0.03630004241194732,0.018714958284517608,-0.02054372555631235,0.03974643610940604,0
GOOGL,2025-03-12,0.0,0.0,0.0,0.0,0,0,0,36.57875226866297,-5.8129315881925265,-5.348694195540711,-0.46423739265181574,173.9561374592056,179.8716463669251,188.7037346237673,160.1658774978147,0.21586608220626555,5.212719061849431,0.018714958284517608,-0.0330455214881316,-0.09722397986328608,0.8747251107493067,-0.04148789871959987,-0.026030617715604883,-0.019268728470886638,-0.012267305765059416,0
GOOGL,2025-03-13,0.0,0.0,0.0,0.0,0,0,0,32.796163584450895,-6.043844597425505,-5.487724275917669,-0.5561203215078354,172.81713944644272,179.17066644372,188.14506146320082,158.6703514396312,0.11285291298554663,5.195847703345081,-0.026030617715604883,-0.05455489258294119,-0.11253502822445448,0.9646485097036952,-0.03717411513326766,0.016773051819822384,0.00024565273312684565,-0.0031948984106324684,1
GOOGL,2025-03-14,0.0,0.0,0.0,0.0,0,0,0,37.18624515185717,-5.939128658670569,-5.578005152468249,-0.36112350620232014,172.04539632486933,178.60373194278674,186.56965236349004,158.21175785379512,0.22928637434291332,5.111934324504077,0.016773051819822384,-0.0470458754601481,-0.10991408916289912,0.9565394425766746,-0.022763378444656437,-0.007251253070260682,-0.009063996859195348,-0.06743623668164132,0
GOOGL,2025-03-17,0.0,0.0,0.0,0.0,0,0,0,36.07081055823679,-5.8846821919925105,-5.6393405603731015,-0.24534163161940903,171.23340190879173,178.01219166879724,184.95606497840546,157.76237374229768,0.2117065007384048,4.933772577580595,-0.007251253070260682,-0.00952560258711307,-0.11202719498856518,0.917551370127253,0.01172010789427318,-0.022034149306143634,0.02063424032542238,-0.05873766879601762,1
GOOGL,2025-03-18,0.0,0.0,0.0,0.0,0,0,0,32.86792564583723,-6.0623825659938575,-5.723948961497253,-0.3384336044966041,170.15559628615384,177.30255446104417,183.64251088978432,156.79780283091878,0.11617336397685381,5.119537624021882,-0.022034149306143634,-0.02054372555631235,-0.12469369285398582,1.2162336382190797,0.009173986134496855,0.020041059956008824,0.06155472504371065,-0.022406167619121772,1
GOOGL,2025-03-19,0.0,0.0,0.0,0.0,0,0,0,38.13046165224497,-5.876858383770269,-5.754530845951857,-0.12232753781841232,169.48566691515109,176.74642832102774,181.28182754902568,157.05172652812277,0.250498805484388,5.123542390654008,0.020041059956008824,-0.019268728470886638,-0.11438035901895832,0.9701378265044741,0.014779824995692819,-0.006650783138390619,0.0071389818078411126,-0.041796503752927885,1
GOOGL,2025-03-20,0.0,0.0,0.0,0.0,0,0,0,37.071074682941045,-5.7510754389638805,-5.753839764554262,0.0027643255903813113,168.77621799438148,176.16956655342156,178.6467910650744,157.542102062367,0.21295510131074424,5.036972261369586,-0.006650783138390619,0.00024565273312684565,-0.11688604482789075,0.7878512130585354,0.0255158515716473,0.007309575721232283,-0.003439706170537368,-0.07420139386872163,0
GOOGL,2025-03-21,0.0,0.0,0.0,0.0,0,0,0,39.06165292522838,-5.4925047612810545,-5.7015727638996205,0.20906800261856606,168.24713732555273,175.66177456982385,176.8962757885381,157.75353652835645,0.2856087819518969,4.91535239540147,0.007309575721232283,-0.009063996859195348,-0.08616910263085842,1.023443540542422,0.005093387035093035,0.022501311835650947,-0.05890616511806334,-0.11214103076954575,0
GOOGL,2025-03-24,0.0,0.0,0.0,0.0,0,0,0,44.883658717852114,-4.934350631791403,-5.548128337477977,0.6137777056865739,168.11822469335723,175.31792280973272,174.92625280719326,158.59250787395908,0.5082145489275288,4.8720912688522855,0.022501311835650947,0.02063424032542238,-0.06346946111332501,0.8616283101140724,0.015263935231386297,0.017175623467662188,-0.07776724117753761,-0.12482107487463355,0
GOOGL,2025-03-25,0.0,0.0,0.0,0.0,0,0,0,48.980694310431986,-4.212151737026176,-5.280933017387618,1.068781280361442,168.2745895360844,175.09996723060564,174.0521065881195,159.0030173132477,0.7147966253815795,4.733811880930389,0.017175623467662188,0.06155472504371065,-0.026585222959628826,0.6916630008331086,0.02882459938754269,-0.03224667528658533,-0.07909238278730778,-0.15161825714952143,0
GOOGL,2025-03-26,0.0,0.0,0.0,0.0,0,0,0,42.48561671485519,-4.035012773627102,-5.031748968635515,0.9967361950084133,167.89471035686654,174.67588452173078,173.34422200347973,158.96727549407888,0.369938265871704,4.802337231720327,-0.03224667528658533,0.0071389818078411126,-0.043304053916565166,0.8347119276905595,0.00559030354352123,-0.017084627531825627,-0.04858861234119695,-0.03847087642400534,0
GOOGL,2025-03-27,0.0,0.0,0.0,0.0,0,0,0,39.58705515108887,-4.074146931574376,-4.840228561223288,0.7660816296489124,167.2836994142111,174.15836338201524,173.29115988321198,158.4165702193271,0.2058897293209378,4.702453021212024,-0.017084627531825627,-0.003439706170537368,-0.03604220623099275,0.7240157864703277,0.005828604149591143,-0.04875516574513068,-0.07100592722420208,-0.058062247665859,0
GOOGL,2025-03-28,0.0,0.0,0.0,0.0,0,0,0,32.82264270095824,-4.686419374555982,-4.809466723889827,0.12304734933384509,165.9810761743346,173.3523944413679,174.04200378718994,156.0977026337085,-0.1388489424519774,4.978681651866667,-0.04875516574513068,-0.05890616511806334,-0.09262550055870766,1.4366286236500052,-0.014752444812357792,0.0020086953731662496,-0.05656701136307082,0.01820789326586888,0
GOOGL,2025-03-31,0.0,0.0,0.0,0.0,0,0,0,33.3036474947409,-5.088100004356562,-4.865193379983174,-0.2229066243733877,164.83189781193516,172.59013204637859,174.648673030279,154.27895605907648,-0.017882069272283516,4.9699973471894126,0.0020086953731662496,-0.07776724117753761,-0.07300110529062655,1.5795469305088508,-0.025588796656385162,0.01571405996299775,-0.05102164637610125,0.028647399403229162,0
GOOGL,2025-04-01,0.0,0.0,0.0,0.0,0,0,0,37.10528863267443,-5.15188426816195,-4.92253155761893,-0.22935271054302042,164.022510234329,171.95261032875865,174.23163610034476,153.33706049389355,0.14339931136249867,4.933497475473613,0.01571405996299775,-0.07909238278730778,-0.07997359207496446,0.9065881326801196,-0.02517992149955574,-0.00019120662310851606,-0.07875477735945703,-0.0048386304920783945,0
GOOGL,2025-04-02,0.0,0.0,0.0,0.0,0,0,0,37.077160158751255,-5.145531306827166,-4.967131507460577,-0.17839979936658956,163.28736033384976,171.33891722877976,173.2135940290109,152.784405543743,0.17225504273415274,4.844862359415826,-0.00019120662310851606,-0.04858861234119695,-0.09131406950880494,0.7466737035287191,-0.007158088292523043,-0.040244244595256586,0.010634449039010292,-0.023624342534418405,1
GOOGL,2025-04-03,0.0,0.0,0.0,0.0,0,0,0,31.641311930890595,-5.583706789976219,-5.090446563963706,-0.49326022601251296,162.0231472123968,170.50261155543913,172.86795158517702,150.9969272600378,-0.04498210448759104,4.971569893679381,-0.040244244595256586,-0.07100592722420208,-0.1244932195658791,1.3602502934346252,-0.05357288448598498,-0.03397041681330776,0.013933005535404414,0.002919157869896636,1
GOOGL,2025-04-04,0.0,0.0,0.0,0.0,0,0,0,28.05305503947207,-6.2698938644148825,-5.3263360240539415,-0.943557840360941,160.3940012167221,169.4992587202381,172.61371567830963,148.45832411661223,-0.14660121943189444,5.020980275764669,-0.03397041681330776,-0.05656701136307082,-0.1615800800928493,1.7193803000953816,-0.0906668624125938,0.007898360037096906,0.07925831037239263,0.014217111242704233,1
GOOGL,2025-04-07,0.0,0.0,0.0,0.0,0,0,0,29.973933720456742,-6.644745313937676,-5.590017882030688,-1.0547274319069881,159.02902222482075,168.58013962539573,173.0008650745951,146.16814127306114,-0.003966033120247083,5.538212024081628,0.007898360037096906,-0.05102164637610125,-0.11527104878398421,2.0278381782271273,-0.09833928033415767,-0.013969368493531493,0.08395243735022541,0.032163426536628965,1
GOOGL,2025-04-08,0.0,0.0,0.0,0.0,0,0,0,28.512547942635734,-7.025474908733031,-5.877109287371157,-1.148365621361874,157.59971837361013,167.61704912193352,173.52231902412004,143.7217575139659,0.010052638539759979,5.797397620285422,-0.013969368493531493,-0.07875477735945703,-0.11789810641092834,1.3558291012533306,-0.1149615112006334,0.09682111147627896,0.0802350395430161,0.07360078028669985,1
GOOGL,2025-04-09,0.0,0.0,0.0,0.0,0,0,0,47.39046192240471,-6.131338689861167,-5.927955167869159,-0.2033835219920075,157.6345677863169,167.23856238017265,172.6793192035991,143.72869776417434,0.4917662811710542,6.495201066227033,0.09682111147627896,0.010634449039010292,-0.05026624818492167,1.7340461178700908,-0.028165485535052784,-0.0371117483846314,-0.03389830181031788,0.003591521840849825,0
GOOGL,2025-04-10,0.0,0.0,0.0,0.0,0,0,0,42.32954070938195,-5.828586132970202,-5.908081360889368,0.07949522791916674,157.10777620910443,166.64502096234574,172.3080651535552,143.1106116042573,0.3079941408638663,6.655461060311027,-0.0371117483846314,0.013933005535404414,-0.061071643093706066,1.1595160320799374,-0.02258244531697868,0.028268583849163326,-0.010862500387480677,0.059808959235427644,0
GOOGL,2025-04-11,0.0,0.0,0.0,0.0,0,0,0,46.8157057219673,-5.181964708632535,-5.762858030438002,0.5808933218054673,157.04065465375447,166.24337307668236,171.5402286594229,143.0473644191904,0.4687361490278282,6.524875034132216,0.028268583849163326,0.07925831037239263,-0.05045621521552364,0.8105583049800722,0.05672082258293501,0.012282113988577786,-0.06026471930269062,0.02208218573473026,0
GOOGL,2025-04-14,0.0,0.0,0.0,0.0,0,0,0,48.73441030514332,-4.463059820422387,-5.502898388434879,1.0398385680124917,157.1628741486908,165.93280783252172,171.00368098703015,143.06436253103627,0.5461692576210998,6.384421441492949,0.012282113988577786,0.08395243735022541,-0.03177295085080257,0.7317089938836742,0.06887654411810272,-0.017350945010268487,-0.04777793658566533,0.006852212319699103,0
GOOGL,2025-04-15,0.0,0.0,0.0,0.0,0,0,0,46.169254042785866,-4.068093681420976,-5.215937447032099,1.147843765611123,157.0118279476808,165.52669336999483,170.73559422648722,142.89849390827843,0.4554495613723935,6.244045854751294,-0.017350945010268487,0.0802350395430161,-0.027136382945347665,0.6764616915186692,0.0828431489881159,-0.019064648323387657,-0.0061414960758195926,0.015929952931020126,0
GOOGL,2025-04-16,0.0,0.0,0.0,0.0,0,0,0,43.506557809504535,-3.9488927127547697,-4.962528500176633,1.0136357874218636,156.59268912993292,165.02019050690984,170.01051827025333,142.5725231115826,0.3658557118220531,6.139291865360705,-0.019064648323387657,-0.03389830181031788,-0.06443343136594601,0.6972862697134635,-0.04185051199914439,-0.014152568623165352,0.038805255928457176,0.05197937190659087,1
GOOGL,2025-04-17,0.0,0.0,0.0,0.0,0,0,0,41.624017425315806,-3.982794609044788,-4.766581721950264,0.7837871129054763,156.00776964573916,164.44885105745843,169.39033737745623,142.03416213426252,0.30767723692404914,6.140128684749706,-0.014152568623165352,-0.010862500387480677,-0.07149884158169417,0.81255800521423,0.003488418464855181,-0.02308802703946335,0.07144755875759727,0.0851416319276784,1
GOOGL,2025-04-21,0.0,0.0,0.0,0.0,0,0,0,38.72204172298701,-4.241065647641619,-4.661478507088535,0.4204128594469161,155.14773605968662,163.76369678038898,168.62724592674184,141.17290818702767,0.21142410573478507,6.061279940259505,-0.02308802703946335,-0.06026471930269062,-0.09951824103616366,0.6489399865472587,-0.037569696407664575,0.025732866626413265,0.0876277678713065,0.11200644248234484,1
GOOGL,2025-04-22,0.0,0.0,0.0,0.0,0,0,0,43.35297324821404,-4.093373526570474,-4.547857510984923,0.45448398441444926,154.72981522169192,163.25373091687342,166.76192822686312,141.42482714423062,0.3684217892989397,5.949672408458062,0.025732866626413265,-0.04777793658566533,-0.09667232180995793,0.6752126984586238,-0.02201714917078359,0.025615932666806947,0.0573712277884844,0.07763907921101429,1
GOOGL,2025-04-23,0.0,0.0,0.0,0.0,0,0,0,47.69920908152361,-3.6229446340689435,-4.362874935601727,0.7399303015327838,154.71949131339463,162.91520869207721,163.7847561841613,142.8881350511903,0.5614916908680072,5.955525481316964,0.025615932666806947,-0.0061414960758195926,-0.08917669889473587,0.772554184182287,-0.004073683662760149,0.02529766060685846,0.022207838358973792,-0.025555228031546383,1
GOOGL,2025-04-24,0.0,0.0,0.0,0.0,0,0,0,51.738255252052525,-2.9010545895822872,-4.070510866397839,1.169456276815552,155.08268016384886,162.7433563607473,162.54927993282925,143.54832291140903,0.7886261368236603,5.831566784510474,0.02529766060685846,0.038805255928457176,-0.035017523576068965,1.1154759712925195,0.04000683392433513,0.016825644294683816,0.01268198818108502,-0.03139143627719867,1
GOOGL,2025-04-25,0.0,0.0,0.0,0.0,0,0,0,54.32850579225812,-2.0896251743891696,-3.6743337279961055,1.5847085536069359,155.66531954603067,162.68284802019872,162.48653470071974,143.58319796529588,0.9319622222275832,5.8998835641444884,0.016825644294683816,0.07144755875759727,-0.0017259310341960186,1.3116800244195916,0.04602894283859923,-0.008335424470172501,0.012780908461782458,-0.056865827769773454,1
GOOGL,2025-04-28,0.0,0.0,0.0,0.0,0,0,0,52.79145032817066,-1.5372641313517477,-3.246919808667234,1.7096556773154865,156.06450053885663,162.5720194692381,163.2562594074681,143.43852971606705,0.8284596929263781,5.801938151783316,-0.008335424470172501,0.0876277678713065,0.0406921490815342,0.7120805178739583,0.07194296724609377,-0.0028018292595622337,0.022414538623588134,-0.013386411514675407,1
GOOGL,2025-04-29,0.0,0.0,0.0,0.0,0,0,0,52.2606877102923,-1.1227131661926535,-2.822078480172318,1.6993653139796647,156.38300798614188,162.44797277379158,163.87722527527703,143.36697638487922,0.78213835610657,5.616435349671313,-0.0028018292595622337,0.0573712277884844,0.03569590978604641,0.6638625414030275,0.05134168539623934,-0.00849141912949888,0.01916815106168584,-0.00393365876594247,1
GOOGL,2025-04-30,0.0,0.0,0.0,0.0,0,0,0,50.60479139030514,-0.8931081316998757,-2.4362844104778296,1.543176278777954,156.54226642152048,162.27570802021611,164.08115501911874,143.33523597209222,0.7095364419459046,5.553666402344821,-0.00849141912949888,0.022207838358973792,0.011014243282952325,0.8616295518310378,0.03571042141295899,0.01574301669182039,-0.046725396341313306,0.041372784181816585,0
GOOGL,2025-05-01,0.0,0.0,0.0,0.0,0,0,0,53.52027376663512,-0.5045461238189262,-2.049936753146049,1.5453906293271227,156.92333510031168,162.2077778056519,164.66336786478948,143.17702825337457,0.8082558318229034,5.380919612307109,0.01574301669182039,0.01268198818108502,0.027127050885527235,0.7392445500868363,0.021547773789189466,0.016924969333864823,-0.043521485493630205,0.01649118585037055,0
GOOGL,2025-05-02,0.0,0.0,0.0,0.0,0,0,0,56.53711600818722,0.022388798007227706,-1.6354716429153935,1.6578604409226212,157.52689186717188,162.24906813297312,165.89878544587629,143.26636653166275,0.8834369272002224,5.257481592602032,0.016924969333864823,0.012780908461782458,0.08830933166247257,0.64613109689626,0.02927493655382926,0.0010973459201461906,-0.06876782100615994,0.013168244504484903,0
GOOGL,2025-05-05,0.0,0.0,0.0,0.0,0,0,0,56.736504414771645,0.4492658484257106,-1.2185241446471728,1.6677899930728834,158.09002926979613,162.29576485696344,166.5373864816507,144.48003752957973,0.8595682602811922,5.071766867092679,0.0010973459201461906,0.022414538623588134,0.12781596177772012,0.5653076587693,0.02298270173712973,-0.005968149392882754,-0.03501608084178859,0.01418917575287832,0
GOOGL,2025-05-06,0.0,0.0,0.0,0.0,0,0,0,55.250318057616134,0.7007814942442678,-0.8346630168688847,1.5354445111131525,158.50663612458862,162.30237804865575,166.85350177006868,145.80419018549773,0.7914848422801305,4.966145569051783,-0.005968149392882754,0.01916815106168584,0.11229964456821824,0.6083250575845979,0.00808197969310764,-0.07259665790291536,-0.022667319228493094,0.004594981979882725,0
GOOGL,2025-05-07,0.0,0.0,0.0,0.0,0,0,0,41.19798110493759,-0.051009830591880245,-0.6779323796134838,0.6269225490216036,157.7602925590586,161.8462074854349,165.95836581526254,147.36419583024525,0.1777886756409102,5.83138679944252,-0.07259665790291536,-0.046725396341313306,0.0461646675316271,3.29081527955045,0.01191982301748228,0.019156880920602967,0.09241637213978778,0.11348913357093979,1
GOOGL,2025-05-08,0.0,0.0,0.0,0.0,0,0,0,44.89192683547347,-0.40918725699566494,-0.6241833550899201,0.21499609809425513,157.35992150432682,161.52111685794236,165.8125404830826,147.06909709015957,0.3461103308618754,5.738332236034897,0.019156880920602967,-0.043521485493630205,-0.027912657465354047,1.5093180182648647,0.011800145937769865,-0.009916855733289664,0.06274335537476529,0.10753177432202325,1
GOOGL,2025-05-09,0.0,0.0,0.0,0.0,0,0,0,43.34485407795846,-0.806624148440477,-0.6606715137600314,-0.14595263468044561,156.85265277567814,161.14905736757268,165.81555248218015,147.059119453855,0.2652146275439673,5.531068470997553,-0.009916855733289664,-0.06876782100615994,-0.0004579545093170419,0.8691950580545461,-0.0042697562499706505,0.037381291278699005,0.08798672056111029,0.10291314228064868,1
GOOGL,2025-05-12,0.0,0.0,0.0,0.0,0,0,0,50.237435428884005,-0.6554523669758225,-0.6596276844031898,0.004175317427367209,156.93495366692682,161.01445951526745,165.89775169751374,147.10830146410734,0.5645993117361406,5.587435723320835,0.037381291278699005,-0.03501608084178859,0.008400172994666258,1.166409145910767,0.03456901044598496,0.0067523344571260675,0.05099075292113711,0.09112695865154159,1
GOOGL,2025-05-13,0.0,0.0,0.0,0.0,0,0,0,51.42986996396019,-0.4445895863724445,-0.6166200647970408,0.1720304784245963,157.11084082234598,160.92690301658357,165.94048757514938,147.11134653129594,0.6198064075441119,5.501856014307625,0.0067523344571260675,-0.022667319228493094,0.0028915992886991504,1.1024354474478435,0.05017923528934836,0.03660771241606462,0.02789459694201052,0.08042391630458118,1
GOOGL,2025-05-14,0.0,0.0,0.0,0.0,0,0,0,57.42637733785029,0.18936901256276428,-0.4554222493250798,0.6447912618878441,157.82356132763968,161.0707266680089,167.00978619599653,146.94379961943315,0.8796281429347736,5.6399375456016525,0.03660771241606462,0.09241637213978778,0.057961803617478304,1.2341926958047122,0.04711754762817349,-0.008526207675468828,0.019290045415444847,0.0392452520237819,1
GOOGL,2025-05-15,0.0,0.0,0.0,0.0,0,0,0,55.640297037682686,0.5719527395389719,-0.24994725155226946,0.8218999910912413,158.3347497763466,161.15387621197178,167.67697005426223,147.33463272894087,0.779478142385545,5.510085012138332,-0.008526207675468828,0.06274335537476529,0.06932775923945854,0.8338320472423992,0.04495099784796468,0.013600609936261138,0.04214415335625768,0.047450333280722526,1
GOOGL,2025-05-16,0.0,0.0,0.0,0.0,0,0,0,57.87196297396194,1.0422337908748602,0.00848895693315646,1.0337448339417037,159.00863434238278,161.32080411423667,168.43993523972054,148.0676178608654,0.8512983347128563,5.49969896030843,0.013600609936261138,0.08798672056111029,0.09943104225889783,1.0647238668099162,0.052911290088194986,0.0021061137814340778,0.013719305059017955,0.017088939512533964,1
GOOGL,2025-05-19,0.0,0.0,0.0,0.0,0,0,0,58.2271926254092,1.4266007695650842,0.292111319459542,1.1344894501055423,159.65151784623322,161.49484752672984,168.4699486303319,149.9157538843165,0.8538854671609168,5.278909623018956,0.0021061137814340778,0.05099075292113711,0.1277848973330598,0.7519837256089577,0.020343263171226984,-0.015371655582124418,0.038188923754894515,-0.0021616146143632396,1
GOOGL,2025-05-20,0.0,0.0,0.0,0.0,0,0,0,54.600804858152244,1.5082270575899202,0.5353344670856177,0.9728925905043024,159.990508740993,161.56214457435655,168.38974675566297,151.24109125703237,0.6980040496547625,5.299969066044299,-0.015371655582124418,0.02789459694201052,0.08259081136080632,1.1246242119578176,0.01024100680575173,0.027930223011163508,0.051103799474037065,0.02482014391852202,1
GOOGL,2025-05-21,0.0,0.0,0.0,0.0,0,0,0,59.46478352569635,1.9186339229631244,0.8119943582611191,1.1066395647020053,160.73135930825705,161.80556791250984,169.36372250934008,151.58191805462477,0.9103418994323893,5.602476344928197,0.027930223011163508,0.019290045415444847,0.0850336648518854,1.6855050833071759,-0.008049922115197037,0.013704215521724634,0.01957755468925791,-0.0020765919735063537,1
GOOGL,2025-05-22,0.0,0.0,0.0,0.0,0,0,0,61.693932885624434,2.401720851606285,1.1299396569301523,1.2717811946761328,161.6206192081217,162.12960792601282,170.81589969734236,151.28330226798968,0.961740293721336,5.785977017005208,0.013704215521724634,0.04214415335625768,0.07276476120342068,1.6634393041424973,-0.012481712290420516,-0.014045703175643515,0.00509159880365507,0.016445211861346367,1
GOOGL,2025-05-23,0.0,0.0,0.0,0.0,0,0,0,58.11789749086876,2.5622835310537653,1.416408431754875,1.1458750992988902,162.1976893165558,162.3472646876076,171.55926320573212,151.18788492659212,0.8095657639903092,5.584551119959751,-0.014045703175643515,0.013719305059017955,0.04019507348669767,0.8009023611235022,-0.025395448456158102,0.026295407972305566,0.0033240310574137004,0.04649594001019377,1
GOOGL,2025-05-27,0.0,0.0,0.0,0.0,0,0,0,62.44506994464264,3.010612558022501,1.7352492570084004,1.2753633010141008,163.1397251484798,162.72929609404488,173.15462028093052,150.81576240949917,0.9523003935427058,5.519793762445083,0.026295407972305566,0.038188923754894515,0.07652068416827584,0.8561995468161814,-0.006219979098522871,-0.0031230634359957756,-0.03886627707731555,0.034217681121408716,0
GOOGL,2025-05-28,0.0,0.0,0.0,0.0,0,0,0,61.60950272565763,3.2846854077953083,2.0451364871657822,1.239548920629526,163.9408580375197,163.07526959950974,174.43536488795627,150.7492969772781,0.8782514507923969,5.364397206480334,-0.0031230634359957756,0.051103799474037065,0.07617389729527577,0.7768463864659404,-0.008636224641230022,-0.002900965924257172,-0.025005765908816188,0.03019664039416491,0
GOOGL,2025-05-29,0.0,0.0,0.0,0.0,0,0,0,60.79823857030274,3.4222827317516646,2.320565736082959,1.1017169956687058,164.61829585091067,163.3881592261221,175.43942001712574,151.04511520015942,0.8202258694434844,5.250670100989347,-0.002900965924257172,0.01957755468925791,0.08224172154773941,0.6589236013130108,0.012335769260257366,-0.0006982931246851079,-0.021238351671407592,0.023581308866074728,0
GOOGL,2025-05-30,0.0,0.0,0.0,0.0,0,0,0,60.59201036432048,3.481558089982798,2.5527642068629266,0.9287938831198712,165.21983998676146,163.68409452224844,176.3343374230652,151.18929996707155,0.7852527300795759,5.214738805484726,-0.0006982931246851079,0.00509159880365507,0.06472403139588749,1.1540155498626745,0.010804492992794776,-0.01577961580252168,0.011296097859344689,0.01829212119870413,1
GOOGL,2025-06-02,0.0,0.0,0.0,0.0,0,0,0,55.97470250513206,3.2731553162150817,2.696842428733358,0.5763128874817238,165.50721031121796,163.86264879171145,176.72977329007637,151.29151882418142,0.6661506430047065,5.151513782610477,-0.01577961580252168,0.0033240310574137004,0.03048221535084227,0.8346906246002388,0.02348431822629383,-0.016860858756375507,0.04302887962055563,0.04705687085368182,1
GOOGL,2025-06-03,0.0,0.0,0.0,0.0,0,0,0,51.52763252913072,2.846292466855516,2.7267324363577896,0.11956003049772645,165.49705735282072,163.92296077039126,176.8389234613922,151.37844561819765,0.550742162665155,5.050148301533668,-0.016860858756375507,-0.03886627707731555,0.01199688960884189,0.9502246421604449,0.008356589999502671,0.011252900681513703,0.07603932361928298,0.060073467018533916,1
GOOGL,2025-06-04,0.0,0.0,0.0,0.0,0,0,0,54.1041891003836,2.627894092445672,2.7069647675753665,-0.07907067512969457,165.6651319687723,164.0538972429372,177.12652874154122,151.57058429556815,0.6139963466392989,4.834454668709262,0.011252900681513703,-0.025005765908816188,0.029529174012448454,0.5636301732219592,0.013952003255344564,0.0009518620881923853,0.056618187444397165,0.032608255382937934,1
GOOGL,2025-06-05,0.0,0.0,0.0,0.0,0,0,0,54.32782993539,2.4395372731000577,2.653479268680305,-0.2139419955802473,165.83236235511689,164.18594248930793,176.36368458249413,154.00853068850196,0.5999744130812361,4.726588674317857,0.0009518620881923853,-0.021238351671407592,0.11117687097357982,0.8426510578564811,0.005084203681576477,0.03251891660543564,0.04579221163193283,-0.00813417223639655,1
GOOGL,2025-06-06,0.0,0.0,0.0,0.0,0,0,0,61.27664765337493,2.6984704898625864,2.6624775129167615,0.03599297694582493,166.5021756757419,164.52631345920489,176.44495999150178,155.8581558532248,0.8261236787517385,4.836154664611788,0.03251891660543564,0.011296097859344689,0.12574536899392177,0.8490619502417616,0.01654255827458706,0.015103575305190518,0.006917878309001918,-0.04773134778138791,1
GOOGL,2025-06-09,0.0,0.0,0.0,0.0,0,0,0,64.0976807060126,3.0788623702430584,2.745754484382021,0.33310788586103746,167.35685302489,164.95572421930655,176.15462090053458,158.4927637430201,0.9615933334366765,4.7042554821886,0.015103575305190518,0.04302887962055563,0.15419412558058404,0.6904478608770693,0.011759429337014671,0.014254156560157232,0.003861821385608748,-0.05292741382749621,1
GOOGL,2025-06-10,0.0,0.0,0.0,0.0,0,0,0,66.60749197958054,3.5413346752271764,2.904870522551052,0.6364641526761243,168.36834838645183,165.46638422330585,177.1754424899003,159.4980163724044,1.0453749220082948,4.809550725677171,0.014254156560157232,0.07603932361928298,0.12846279298565255,1.4434620036102983,0.01172639268499868,-0.006998923262359871,-0.014837614434988804,-0.0443450611916028,0
GOOGL,2025-06-11,0.0,0.0,0.0,0.0,0,0,0,64.20048122334234,3.7639452459008,3.076685467221002,0.687259778679798,169.1648774045204,165.90816927635944,177.6447717342722,160.82370055576686,0.9457306464961139,4.7236812919385835,-0.006998923262359871,0.056618187444397165,0.11304908877848595,0.748974907040035,0.009111932443826264,-0.009303763621428625,-0.022723375715811935,-0.021482948726427614,0
GOOGL,2025-06-12,0.0,0.0,0.0,0.0,0,0,0,61.06359231574382,3.7642942890211373,3.214207231581029,0.5500870574401082,169.72894919700286,166.26814817632913,178.254947861436,161.26284693836868,0.8136006459595396,4.571343898403604,-0.009303763621428625,0.04579221163193283,0.06375201529935637,0.5124932135681617,0.01804237275930151,-0.005862019951469962,-0.05156510372569958,0.016107133852738188,0
GOOGL,2025-06-13,0.0,0.0,0.0,0.0,0,0,0,59.12171538506138,3.6397943700809776,3.299324659281019,0.3404697107999586,170.14155061043937,166.5737605630647,178.43112174662156,162.1736954530855,0.7312085179021806,4.582211214568131,-0.005862019951469962,0.006917878309001918,0.06661042172671654,0.6815484296637735,-0.0035719605897366127,0.012022674294194085,-0.054273766776459134,0.008930964167703797,0
GOOGL,2025-06-16,0.0,0.0,0.0,0.0,0,0,0,61.78982413986472,3.6677101466751765,3.3730017567598507,0.2947083899153258,170.71415968781196,166.94945410658576,179.02394134871213,162.65521667130741,0.824665911216511,4.417912390121495,0.012022674294194085,0.003861821385608748,0.06494996238588348,0.6878991513902831,0.005002765552660013,-0.004638862481240945,-0.056570769007551265,-0.0052611541934743395,0
GOOGL,2025-06-17,0.0,0.0,0.0,0.0,0,0,0,60.13917905612678,3.58259814644191,3.414921034696263,0.16767711174564726,171.15441038346677,167.27836931778583,179.37755343347737,163.25939267247963,0.7493038131827304,4.300226517964856,-0.004638862481240945,-0.014837614434988804,0.057781996719927946,0.6315393103694336,-0.00920259439514915,-0.014947429577146103,-0.02995186092056373,0.015288308842009553,0
GOOGL,2025-06-18,0.0,0.0,0.0,0.0,0,0,0,55.05893119409822,3.2660182191874014,3.385140471594491,-0.1191222524070894,171.30312916995578,167.49160807558252,178.9553891687855,164.63206047721062,0.5643867664047932,4.232231083622086,-0.014947429577146103,-0.022723375715811935,0.058237740892996395,0.7427928779337686,-0.006518638458309841,-0.03854153589596641,0.0012692690672846893,0.035829662624624385,1
GOOGL,2025-06-20,0.0,0.0,0.0,0.0,0,0,0,44.72463693305576,2.4497440746098107,3.198061192197555,-0.7483171175877441,170.8037091880887,167.43543596910288,179.09726814965947,164.31915946264522,0.11774577752533125,4.562003202526651,-0.03854153589596641,-0.05156510372569958,-0.010193872853125684,1.9519972136397594,-0.012775307319142488,-0.00870120778027314,0.07135148426557475,0.06090983277644832,1
GOOGL,2025-06-23,0.0,0.0,0.0,0.0,0,0,0,42.84481359479517,1.6670318020775028,2.8918553141735446,-1.2248235120960418,170.21424198816285,167.32480332674072,179.4247216828655,163.4462774626423,0.0731001160142084,4.616244836105269,-0.00870120778027314,-0.054273766776459134,-0.03207108804673407,1.5216389828331067,0.008248370931189863,0.009564649699860856,0.06683195276155912,0.05551176785148686,1
GOOGL,2025-06-24,0.0,0.0,0.0,0.0,0,0,0,45.53136700515103,1.1603975742396244,2.5455637661867607,-1.3851661919471363,169.83086482150748,167.28025346052664,179.51509047137998,163.20680131328797,0.18285059800485895,4.5021860339224675,0.009564649699860856,-0.056570769007551265,-0.008892383675520405,1.0617843394254838,0.009779392916648866,0.023445307229187792,0.054386289006650046,0.05906330419338359,1
GOOGL,2025-06-25,0.0,0.0,0.0,0.0,0,0,0,51.595035093647326,1.0610577290338767,2.248662558756184,-1.1876048297223072,169.85508043700005,167.39024857125813,179.4258838600256,163.09561424788453,0.42800974523400764,4.578494154254481,0.023445307229187792,-0.02995186092056373,-0.011644765233357708,0.932666568349869,0.019053032978921094,0.016756620054062643,0.046637035771756284,0.04066091674315418,1
GOOGL,2025-06-26,0.0,0.0,0.0,0.0,0,0,0,55.49761701745365,1.1984901059256003,2.038628068190067,-0.8401379622644667,170.1484233157679,167.607696888623,179.52712823285484,163.13272589312172,0.5979147374701038,4.518382478498446,0.016756620054062643,0.0012692690672846893,0.008064978790439077,0.8391617803950041,0.027180615977931866,0.02875418671052492,0.03451658272657648,0.03831973939160788,1
GOOGL,2025-06-27,0.0,0.0,0.0,0.0,0,0,0,61.35228532458891,1.689182517558777,1.968738958063809,-0.27955644050503214,170.88741072738003,168.0116221532925,180.35379294449586,162.99144478743773,0.8591203341463808,4.690339088449347,0.02875418671052492,0.07135148426557475,0.04006827001714154,2.5850965895380074,0.03471419102488364,-0.012883034367652098,-0.009746242612698033,0.016971936293271546,0
GOOGL,2025-06-30,0.0,0.0,0.0,0.0,0,0,0,57.591400413211446,1.8715412123704027,1.9492994089251279,-0.07775819655472516,171.3377334152672,168.30982516493577,180.74661611711846,163.0667505821003,0.7097932019471166,4.828658963409997,-0.012883034367652098,0.06683195276155912,0.02738645164538485,1.4958748258161851,0.029492649999213374,-0.0022129335797574055,-0.010611029113600588,0.032741320671878925,0
GOOGL,2025-07-01,0.0,0.0,0.0,0.0,0,0,0,56.953891565786726,1.9620852165356268,1.951856570447228,0.010228646088398907,171.70815621872387,168.58109370166625,181.04071062655552,163.47165051846403,0.6691036549920176,4.675938540206254,-0.0022129335797574055,0.054386289006650046,0.04154814320678385,0.8501380294847626,0.017914196508998646,0.01592345594899478,0.004435770111483349,0.040548123564485554,1
GOOGL,2025-07-02,0.0,0.0,0.0,0.0,0,0,0,60.34770821534555,2.233246131015477,2.0081344825608776,0.2251116484545994,172.30903610451506,168.9511447337394,181.42017118261228,164.3538690395557,0.8006143255546753,4.611713232093209,0.01592345594899478,0.046637035771756284,0.0762801975775331,0.7029865143606762,0.02195618926766555,0.004982193533168509,-0.005709829505694401,0.02765350984712873,0
GOOGL,2025-07-03,0.0,0.0,0.0,0.0,0,0,0,61.389752088849974,2.490995265366223,2.1047066391219467,0.3862886262442764,172.9371576311126,169.34146502393742,181.97633052514135,164.9619568283743,0.8194456965562,4.468795435172564,0.004982193533168509,0.03451658272657648,0.06960626079671058,0.5267638728243454,0.022014588781298992,-0.01526208875931977,0.0036762645747135123,0.030802650103759825,1
GOOGL,2025-07-07,0.0,0.0,0.0,0.0,0,0,0,56.469700806128024,2.446734106195521,2.173112132536662,0.2736219736588592,173.2454148702998,169.60940202858998,182.0156263502528,165.79794176498157,0.6397902748102449,4.423637590827256,-0.01526208875931977,-0.009746242612698033,0.052280209469358026,0.8322277743683625,0.009383519809463364,-0.013745081514984327,0.02698114367822563,0.0752870541750067,1
GOOGL,2025-07-08,0.0,0.0,0.0,0.0,0,0,0,52.45460375839969,2.1910035405642816,2.176690414142186,0.014313126422095479,173.29369293929284,169.77186997236004,182.04639673355055,165.85586461898853,0.4877214609046617,4.473526752948307,-0.013745081514984327,-0.010611029113600588,0.0051307685728199555,0.9792198613412136,0.0040300961254185015,0.012961585340096933,0.043817296393186884,0.09738471821413006,1
GOOGL,2025-07-09,0.0,0.0,0.0,0.0,0,0,0,55.61540706304675,2.1453312905645134,2.1704185894266517,-0.02508729886213823,173.55185935532373,170.0162844953113,182.09594567418884,165.85913092493223,0.6248337213522407,4.628757123205341,0.012961585340096933,0.004435770111483349,0.0030098224228248763,1.0242917427879143,0.010378092853212697,0.005661821574291045,0.035952874765694635,0.07705814847762307,1
GOOGL,2025-07-10,0.0,0.0,0.0,0.0,0,0,0,56.978271227220354,2.1645933040470027,2.169253532350722,-0.0046602283037193715,173.88034380195214,170.29019279137447,181.96158868326995,165.89582708821445,0.6912289150441027,4.586408228417322,0.005661821574291045,-0.005709829505694401,-0.005487255289530456,0.7244362769406026,0.00865491843487581,0.014469220255908353,0.033554932295304436,0.08191650055939974,1
GOOGL,2025-07-11,0.0,0.0,0.0,0.0,0,0,0,60.34811497711733,2.3593184304249917,2.2072665119655763,0.15205191845941535,174.42145503212336,170.65379353362448,182.3902085412993,165.75021809444289,0.8300361510674066,4.611146599544106,0.014469220255908353,0.0036762645747135123,0.01601356966862028,0.8462544067905811,-0.002750537806523073,0.007603050907835091,0.02702702702702703,0.07209051225992065,1
GOOGL,2025-07-14,0.0,0.0,0.0,0.0,0,0,0,62.054392784283436,2.593900399901173,2.2845932895526957,0.30930711034847747,175.04105272763172,171.05667342779452,183.19837014627794,165.52601645040173,0.8714863141378296,4.565786103993047,0.007603050907835091,0.02698114367822563,0.033352439395625606,0.7918167144566571,0.006654054205610822,0.0024234124497870373,0.04703680373698886,0.060696213885061176,1
GOOGL,2025-07-15,0.0,0.0,0.0,0.0,0,0,0,62.61086680546867,2.7831065438050757,2.3842959404031716,0.3988106034019041,175.64339933820696,171.46094867135835,184.07279656323132,165.38203284350695,0.8551635200597696,4.428996050731733,0.0024234124497870373,0.043817296393186884,0.04196469640130657,0.808313900793503,0.0029016334521091707,0.005329639570377946,0.05131877197862154,0.0755495002432277,1
GOOGL,2025-07-16,0.0,0.0,0.0,0.0,0,0,0,63.86884082614273,2.9767374524809327,2.502784242818724,0.4739532096622088,176.280438059159,171.8872764061366,184.94159981508733,165.1310655901861,0.8682875546281633,4.278487364560049,0.005329639570377946,0.035952874765694635,0.035073639440682404,0.7945118913858131,0.00025631517273091357,0.003333994458266698,0.03967871001972496,0.07411059866954883,1
GOOGL,2025-07-17,0.0,0.0,0.0,0.0,0,0,0,64.67381730389769,3.143012686682738,2.630829931591527,0.512182755091211,176.91470117787378,172.32072442180436,185.9051812942608,164.92782499236026,0.8586580479482001,4.227704341564828,0.003333994458266698,0.033554932295304436,0.04336459408824674,0.7614191995559991,0.0035472591696200863,0.00806185983365486,0.0467914832128899,0.045320739077078655,1
GOOGL,2025-07-18,0.0,0.0,0.0,0.0,0,0,0,66.61705751693032,3.3551184127516365,2.7756876278235487,0.5794307849280877,177.6290190716477,172.7950112704591,187.10910434728694,164.893810081424,0.878729255055299,4.127875394718177,0.00806185983365486,0.02702702702702703,0.06773596128954627,0.8044597263423093,0.006350058320194343,0.027234386335594496,0.043877604042554315,0.0219928736344332,1
GOOGL,2025-07-21,0.0,0.0,0.0,0.0,0,0,0,72.22107446109177,3.8837128651042008,2.997292675279679,0.8864201898245216,178.7536333964833,173.44765669053606,188.75700277179993,165.58373666911803,1.0293642988263614,4.205295399319051,0.027234386335594496,0.04703680373698886,0.14078260883148608,1.1229119205088254,0.006337864923050088,0.006522929488213185,0.013045778428533156,0.02598636130852952,1
GOOGL,2025-07-22,0.0,0.0,0.0,0.0,0,0,0,73.4040340684829,4.352168324080253,3.2682678050397937,1.0839005190404594,179.88882609570214,174.12316649633001,189.9795506555489,166.96707410031047,1.030140436257151,4.203158916912102,0.006522929488213185,0.05131877197862154,0.15830248393540217,1.1126376107444753,0.010801337150646281,-0.005801236816134756,0.02304793646840626,0.01740347037073434,1
GOOGL,2025-07-23,0.0,0.0,0.0,0.0,0,0,0,70.50943784521513,4.581355372781019,3.530885318588039,1.0504700541929797,180.81055852483172,174.72880767692737,190.65858544056388,168.62586280162364,0.9504569245984986,4.141385483301354,-0.005801236816134756,0.03967871001972496,0.14067276153511943,1.4296299734093465,0.016004026438778615,0.01019812187647503,0.033117816415775825,0.030804854427074445,1
GOOGL,2025-07-24,0.0,0.0,0.0,0.0,0,0,0,72.54701970996642,4.862926278750649,3.7972935106205616,1.0656327681300874,181.82862382157396,175.38651106766062,191.96593765853217,169.46002211929985,0.9793079505210365,4.395078075340433,0.01019812187647503,0.0467914832128899,0.12590821731169022,1.7407446582223234,0.010158550981709617,0.005255789567623043,-0.0014050020079425282,0.022636364795349223,0
GOOGL,2025-07-25,0.0,0.0,0.0,0.0,0,0,0,73.57084148459992,5.108401702159455,4.059515148928341,1.0488865532311138,182.84558623151707,176.05789216798675,193.46093603519415,169.9221785888293,0.9594623075839142,4.299665916506673,0.005255789567623043,0.043877604042554315,0.1131727412939362,0.9163772030499651,0.015169344601831992,-0.0031058674849424794,-0.020964843314359462,0.04265447358978247,0
GOOGL,2025-07-28,0.0,0.0,0.0,0.0,0,0,0,71.85646218258145,5.194814590168818,4.286575037176436,0.9082395529923817,183.70875218426323,176.6794975235697,194.82435365025316,169.9588647335359,0.8827481363963261,4.22103401608414,-0.0031058674849424794,0.013045778428533156,0.07869828245363276,0.9554826672443006,0.012993587513907329,0.016460685141382197,0.012773936929158507,0.043722012760340614,1
GOOGL,2025-07-29,0.0,0.0,0.0,0.0,0,0,0,75.15109591028767,5.4553129047001505,4.52032261068118,0.9349902940189709,184.79056431347774,177.40060662229308,196.54540988651422,170.18300655635687,0.9439493309091339,4.192861109836916,0.016460685141382197,0.02304793646840626,0.11076441132917032,1.0662650555849214,0.010177295534099485,0.003984680179743964,-0.005517303634037711,0.038773894978724126,0
GOOGL,2025-07-30,0.0,0.0,0.0,0.0,0,0,0,75.8987301889094,5.659243676474887,4.7481068238399216,0.9111368526349652,185.8433736413236,178.12391860792314,198.08470379117838,170.70550159212237,0.9181991674178064,4.100504020768077,0.003984680179743964,0.033117816415775825,0.11766376794632526,0.8395965897451342,0.0003940829179650726,-0.023558808629781512,-0.002238817250026529,0.027629350033214123,0
GOOGL,2025-07-31,0.0,0.0,0.0,0.0,0,0,0,63.655653480988164,5.386467180561766,4.875778895184291,0.5106882853774755,186.3564986195867,178.63792909047856,198.72585117176396,171.3857333008923,0.7258729719427109,4.194828798269758,-0.023558808629781512,-0.0014050020079425282,0.07422752642855453,1.2911690758548398,-0.003688271283699722,-0.01443451907185199,0.02407519249709177,0.0575299777929862,1
GOOGL,2025-08-01,0.0,0.0,0.0,0.0,0,0,0,57.66282628235208,4.891171879411274,4.878857492029687,0.012314387381587188,186.55786596180613,179.02353405606337,198.97732267779406,172.09091615277237,0.6092275494263003,4.185609755669416,-0.01443451907185199,-0.020964843314359462,0.053472962529530675,0.8619447467189801,-0.024140594768136514,0.03124835547967531,0.06498164695077394,0.07809433349099139,1
GOOGL,2025-08-04,0.0,0.0,0.0,0.0,0,0,0,65.19230705578568,4.917190184193231,4.886524030462396,0.030666153730835255,187.30095110923085,179.6249742895419,199.68993023487184,173.19694873241332,0.7988270884267358,4.323681464023547,0.03124835547967531,0.012773936929158507,0.10322985207518277,0.7832071512828381,-0.009058969726764033,-0.0018971400721360721,0.030557733273646498,0.043375538582875225,1
GOOGL,2025-08-05,0.0,0.0,0.0,0.0,0,0,0,64.4198346841443,4.8521242902411075,4.879644082418138,-0.02751979217703049,187.93814922950128,180.1883686849352,199.72549206590077,175.1853065791188,0.7663440361150113,4.297430281801501,-0.0018971400721360721,-0.005517303634037711,0.11648302064286632,0.7932751230583166,-0.011475766560067767,0.00729449151759136,0.0445369223362163,0.03544464675895071,1
GOOGL,2025-08-06,0.0,0.0,0.0,0.0,0,0,0,66.0808993613004,4.858734917717982,4.875462249478106,-0.016727331760124642,188.64943034594387,180.78516210717885,199.96717822829427,176.8838364811784,0.8024299373068177,4.201163173256576,0.00729449151759136,-0.002238817250026529,0.11023676795097058,0.5562520669619472,-0.002647874857444382,0.002192927829224779,0.02993518669559752,0.01647198572375325,1
GOOGL,2025-08-07,0.0,0.0,0.0,0.0,0,0,0,66.58956357866697,4.842727324943212,4.868915264571127,-0.026187939627915213,189.3337811249388,181.37535628044208,200.06951643483265,178.66491502268687,0.8021732417292636,4.12956611317749,0.002192927829224779,0.02407519249709177,0.10640715714416996,0.6815924868369508,0.0002688794317876606,0.02493367356877106,0.03266828992734285,0.01643594288719637,1
GOOGL,2025-08-08,0.0,0.0,0.0,0.0,0,0,0,71.78240239743937,5.164516182258382,4.928035448108578,0.23648073414980342,190.41799266726235,182.1338914192222,201.22330897259698,179.62672154498117,0.9766024768980445,4.268078804967855,0.02493367356877106,0.06498164695077394,0.1178199687009678,1.007713569296871,0.02486641942518788,-0.0020851808027136467,0.01231259390972731,0.02318542555241631,1
GOOGL,2025-08-11,0.0,0.0,0.0,0.0,0,0,0,70.7671078939367,5.324387800284512,5.007305918543765,0.31708188174074703,191.35908565077457,182.8462670103955,202.08519845158355,180.70205588191254,0.9164889140300765,4.134758107621925,-0.0020851808027136467,0.030557733273646498,0.1070719872833888,0.670504252556324,0.007525693304165662,0.011641808918622064,0.012437736281413344,0.037263844283454355,1
GOOGL,2025-08-12,0.0,0.0,0.0,0.0,0,0,0,73.05389118079205,5.574982933626188,5.12084132156025,0.4541416120659383,192.43263150676478,183.62215132915145,203.1775738563494,181.73624297714667,0.9745231897798204,4.117730853036138,0.011641808918622064,0.0445369223362163,0.11725274361007781,0.7921420335819002,0.02344066003741386,-0.006786626691705487,-0.008704599505137411,0.01868792285577492,0
GOOGL,2025-08-13,0.0,0.0,0.0,0.0,0,0,0,69.5962189771241,5.598084366621407,5.216289930572481,0.38179443604892604,193.2729650807113,184.31368006264367,203.71500138660238,183.09119825939374,0.8807752702916702,4.323288513225483,-0.006786626691705487,0.02993518669559752,0.10378757637457497,0.7432012175293781,0.01913778353734772,0.004852412392200415,-0.013071891460509334,0.027332074657443993,0
GOOGL,2025-08-14,0.0,0.0,0.0,0.0,0,0,0,70.65829781201313,5.6302915855766855,5.299090261573322,0.3312013240033638,194.12627429130947,185.01638718928479,204.181555531386,184.5538952132429,0.900709320020564,4.2429692717650465,0.004852412392200415,0.03266828992734285,0.10545801798273091,0.6675039214901194,0.020087039249260853,0.004730440351595572,-0.015718839436125776,0.04286980903115345,0
GOOGL,2025-08-15,0.0,0.0,0.0,0.0,0,0,0,71.70116393990942,5.667676237195053,5.372807456697668,0.2948687804973851,194.98942546092437,185.72905285136247,204.71598827895207,185.89689471665338,0.918878839640565,4.307187182045317,0.004730440351595572,0.01231259390972731,0.10180472593345724,0.9230372866484234,0.009824650506321893,-0.0019618182880454496,0.010740587154701131,0.044188372404236696,1
GOOGL,2025-08-18,0.0,0.0,0.0,0.0,0,0,0,70.57555123148694,5.600578508685487,5.4183616670952315,0.18221684159025564,195.7324078900551,186.39813865981088,205.51718912478634,186.4310210192566,0.8571505740222656,4.197410214967109,-0.0019618182880454496,0.012437736281413344,0.0704890723089714,0.507854271432407,0.011605249743006443,-0.009483905832419244,0.02452112076859652,0.03857504694850164,1
GOOGL,2025-08-19,0.0,0.0,0.0,0.0,0,0,0,65.25295797337523,5.330763290670376,5.40084199181026,-0.07007870113988446,196.2214635839338,186.965564307496,205.92841006461987,187.0392336731731,0.7320731574548556,4.14956932135553,-0.009483905832419244,-0.008704599505137411,0.053464976989355595,0.683609167168225,-0.004481182758013442,-0.011162368547313548,0.027633057055684678,0.14431703855317496,1
GOOGL,2025-08-20,0.0,0.0,0.0,0.0,0,0,0,59.6088526735124,4.8797586364690915,5.296625320742026,-0.41686668427293494,196.45040378483145,187.42281024419654,205.86581907577303,188.00765657119965,0.5945560815364176,4.206934257961346,-0.011162368547313548,-0.013071891460509334,0.047784257273172766,0.8523134516609737,-0.010513499982009721,0.00215739131035998,0.040939117822619615,0.16546261036435891,1
GOOGL,2025-08-21,0.0,0.0,0.0,0.0,0,0,0,60.31533269451884,4.504980965812564,5.138296449756134,-0.6333154839435702,196.69835087833337,187.87892938233006,205.92506616276145,188.70376989680884,0.6010046055740508,4.131367093218053,0.00215739131035998,-0.015718839436125776,0.03944435768149569,0.6334464911077423,-0.014574693858804753,0.03173958407514554,0.059524301403589816,0.17647052059712723,1
GOOGL,2025-08-22,0.0,0.0,0.0,0.0,0,0,0,68.94102151303927,4.66400385634617,5.043437931074141,-0.3794340747279712,197.52438742507692,188.56492174455792,206.9493018163029,188.96603479258383,0.9122758286866601,4.461936915752747,0.03173958407514554,0.010740587154701131,0.06682886126409218,1.3652420039441568,0.0029061269492466953,0.011645529517932733,0.03309235393791121,0.1366360750479113,1
GOOGL,2025-08-25,0.0,0.0,0.0,0.0,0,0,0,71.46914677319481,4.926231298527739,5.019996604564861,-0.09376530603712219,198.49953121476454,189.3178031356261,208.25032155286326,189.250471904168,0.9743722005663441,4.51620881863444,0.011645529517932733,0.02452112076859652,0.08261510731905551,0.9667269614648514,-0.001290155848984711,-0.006475258266351997,0.013717556324619113,0.150387463790713,1
GOOGL,2025-08-26,0.0,0.0,0.0,0.0,0,0,0,68.11070590605544,4.968221654818791,5.0096416146156475,-0.04141995979685653,199.25367829540826,189.98840205428874,209.21774008048172,189.41808297860032,0.8586003533014593,4.392215717562777,-0.006475258266351997,0.027633057055684678,0.058186421392679356,0.9390142661111889,0.008361779665422715,0.0016413589334271647,0.11354634876363995,0.15566238893716391,1
GOOGL,2025-08-27,0.0,0.0,0.0,0.0,0,0,0,68.51201026973749,4.971529442928187,5.002019180278156,-0.03048973734996885,199.96826909716626,190.64598949191927,210.13343173122846,189.59357327365436,0.835609869253205,4.310532302396145,0.0016413589334271647,0.040939117822619615,0.055716592148502574,0.771503021618541,0.01335203570600667,0.020050156387234588,0.11962610532132834,0.15955748844337414,1
GOOGL,2025-08-28,0.0,0.0,0.0,0.0,0,0,0,72.99072177398091,5.2481611885360735,5.051247581929739,0.1969136066063344,201.00961389994728,191.44035812072116,211.38603375498758,190.30809161122335,0.977054485427389,4.381313279436722,0.020050156387234588,0.059524301403589816,0.10286608598569147,1.1193119232312891,0.021036750227382207,0.006000781814160474,0.11037615563759563,0.13879885533609146,1
GOOGL,2025-08-29,0.0,0.0,0.0,0.0,0,0,0,74.19733743587138,5.50604524423332,5.142207114390456,0.3638381298428639,202.07231436185708,192.25320559637916,212.05453588888372,192.00930078103818,1.0056588441345786,4.38511145938123,0.006000781814160474,0.03309235393791121,0.12573356738618865,1.3635064909876886,-0.0004027965094411887,-0.007327050538525269,0.10022697459265396,0.18282393503175917,1
GOOGL,2025-09-02,0.0,0.0,0.0,0.0,0,0,0,70.05721485608098,5.521333284998462,5.218032348512058,0.3033009364864041,202.8857514055195,192.97321335025893,212.8829381446909,192.80621285628564,0.8869569219194768,4.549505328935297,-0.007327050538525269,0.013717556324619113,0.08362379896862783,1.5875017516696737,-0.0034243045708078467,0.09136498787199082,0.1348204996681823,0.1894234196638933,1
GOOGL,2025-09-03,0.0,0.0,0.0,0.0,0,0,0,82.82917450901175,7.005419402353226,5.575509759280292,1.429909643072934,205.4543554964559,194.41960084085082,219.40788177930037,189.8677255205043,1.3536952374089108,5.645284915511428,0.09136498787199082,0.11354634876363995,0.18487695176494084,3.0825980415178798,-0.0022008784383165773,0.007110134999361717,0.0378215421569879,0.08277638736288448,1
GOOGL,2025-09-04,0.0,0.0,0.0,0.0,0,0,0,83.47391946748188,8.218703233636205,6.104148454151475,2.11455477948473,207.93397899409624,195.87335775774608,224.67120626274396,188.21278116401385,1.1870403326657475,5.687634383988842,0.007110134999361717,0.11962610532132834,0.18466009384384882,1.4754912218542588,0.003850630504002373,0.0116228675122957,0.035664926828930674,0.08590362307448673,1
GOOGL,2025-09-05,0.0,0.0,0.0,0.0,0,0,0,84.50542940426512,9.290254642124012,6.741369691745983,2.548884950378029,210.43369380390328,197.37561762987644,229.54865422842119,187.1699202955046,1.1093078966441487,5.556128202485511,0.0116228675122957,0.11037615563759563,0.1958069228821318,1.292634321374877,-0.002588871873618394,-0.003194376073683391,0.025597361357399696,0.08488432970391832,1
GOOGL,2025-09-08,0.0,0.0,0.0,0.0,0,0,0,82.95510442774226,9.964242901439007,7.385944333684588,2.5782985677544197,212.62409652384406,198.78962958020603,233.49708000116462,186.4929865271557,0.998635062754293,5.477007474140657,-0.003194376073683391,0.10022697459265396,0.16298946614612533,0.9094651623313247,0.005859932011701113,0.023884742447833937,0.0750726553215856,0.07900362524888452,1
GOOGL,2025-09-09,0.0,0.0,0.0,0.0,0,0,0,85.14287857040483,10.823511807796933,8.073457828507058,2.7500539792898753,215.13688805421828,200.36683656109102,238.139577207107,185.72138318107656,1.0165749774827224,5.601594440832122,0.023884742447833937,0.1348204996681823,0.19325532310704813,1.0479667611075645,0.015712144211261773,-0.0019196030556086687,0.048115909090183616,0.05020245913230341,1
GOOGL,2025-09-10,0.0,0.0,0.0,0.0,0,0,0,84.1853073896795,11.336783792043008,8.726123021214248,2.61066077082876,217.36667074650626,201.8642000811754,241.98300838759218,185.46978091904845,0.9392460452508913,5.472917314054233,-0.0019196030556086687,0.0378215421569879,0.1772593185089422,0.9612934216649822,0.013157419201332739,0.005017338631243105,0.04331654661211148,0.0333236383946947,1
GOOGL,2025-09-11,0.0,0.0,0.0,0.0,0,0,0,84.66968710437993,11.70520378306054,9.321939173583507,2.383264609477033,219.4980821495548,203.34978009675737,245.44904566709153,185.85277928408033,0.9043135495783089,5.509454390024244,0.005017338631243105,0.035664926828930674,0.1912506002871067,0.8344759916308231,0.013110259965364317,0.001789011805352155,0.04850863917867753,0.022548587941491442,1
GOOGL,2025-09-12,0.0,0.0,0.0,0.0,0,0,0,84.84877693057177,11.894674275501586,9.836486193967124,2.058188081534462,221.4673504953375,204.79392204513056,248.4965967533943,186.59949699660572,0.8655640247149345,5.4065947084097115,0.001789011805352155,0.025597361357399696,0.18761894478924585,0.7285594000314787,0.01571275364772952,0.04489199107885669,0.05780725514743044,0.023837152603837262,1
GOOGL,2025-09-15,0.0,0.0,0.0,0.0,0,0,0,88.4891373038581,12.767666701825192,10.422722295538739,2.3449444062864533,224.2759220371692,206.60425261922626,253.35794981222233,186.51494294900812,0.9640860242483624,5.847543646045301,0.04489199107885669,0.0750726553215856,0.23509099956158724,1.5397156432096737,0.01861805663018777,-0.0017885002262758318,0.003656469084057443,-0.03004656059215622,1
GOOGL,2025-09-16,0.0,0.0,0.0,0.0,0,0,0,87.5461411760811,13.27032996844639,10.99224383012027,2.2780861383261204,226.77426416737183,208.32598837550356,257.284632723439,187.36003738154147,0.9030939215878162,5.684199941851445,-0.0017885002262758318,0.048115909090183616,0.23530548391907535,0.8814396405573607,0.014869370976557755,-0.006489851026896828,0.001990762685713861,-0.032091036018898574,1
GOOGL,2025-09-17,0.0,0.0,0.0,0.0,0,0,0,84.052150371995,13.383235142641155,11.470442092624447,1.9127930500167079,228.8798343861787,209.91644967312476,260.05490659812506,189.3912893857616,0.841896642515399,5.657200513111641,-0.006489851026896828,0.04331654661211148,0.2390394690024014,0.8702995233227361,0.010686740777298712,0.010018834169794455,-0.00957802140670158,-0.01855496794144731,0
GOOGL,2025-09-18,0.0,0.0,0.0,0.0,0,0,0,85.03843278539635,13.518090990912185,11.879971872281995,1.6381191186301898,231.022351728399,211.54232484200193,262.3802066513319,192.3410824111681,0.8428886669955031,5.570860314443505,0.010018834169794455,0.04850863917867753,0.2655800711525062,0.7947909321653159,0.007040281577481008,0.010673298452519228,-0.024759024644299767,-0.025155827037375726,0
GOOGL,2025-09-19,0.0,0.0,0.0,0.0,0,0,0,86.03892483827448,13.683724563445907,12.240722410514778,1.443002152931129,233.2163449347903,213.2096564323355,264.43907140264037,195.78276087275026,0.8488151937233268,5.471451288488552,0.010673298452519228,0.05780725514743044,0.2763344321544342,1.352261927777271,0.01236697836076826,-0.008597642682784517,-0.03211369781998578,-0.03678540139479637,0
GOOGL,2025-09-22,0.0,0.0,0.0,0.0,0,0,0,81.2739134685526,13.483307550986012,12.489239438609026,0.9940681123769863,234.9933567964695,214.7259432186134,266.0385497917694,198.83360596994936,0.7892479406440793,5.471046292597763,-0.008597642682784517,0.003656469084057443,0.22643444556535947,0.7959535913735655,0.011769910628532202,-0.0034451699467337193,-0.03358024455018084,-0.008315927457633114,0
GOOGL,2025-09-23,0.0,0.0,0.0,0.0,0,0,0,79.39279584871043,13.1034073608553,12.612073023058283,0.4913343377970172,236.51848637844637,216.14873828483354,267.11987784670816,202.07665993405357,0.7522776246845749,5.356681589935986,-0.0034451699467337193,0.001990762685713861,0.20813974342798044,0.6590554849821806,0.007649694430177569,-0.017960719656749124,-0.034014084733935405,-0.023444364072992302,0
GOOGL,2025-09-24,0.0,0.0,0.0,0.0,0,0,0,70.29032500783559,12.296804087031433,12.549019235852914,-0.252215148821481,237.46900645131382,217.338942553803,266.7865940711252,206.4180308678397,0.6639368927954481,5.395109605226787,-0.017960719656749124,-0.00957802140670158,0.19417326449245498,0.6982153061192444,0.005693222085840866,-0.005462546012564258,-0.009063759416461797,-0.010196690654741032,0
GOOGL,2025-09-25,0.0,0.0,0.0,0.0,0,0,0,67.79037594737542,11.417301385627837,12.3226756658079,-0.9053742801800624,238.20076158002053,218.42966775964345,265.5927318692176,211.45144842863397,0.6224637602299354,5.465701805013743,-0.005462546012564258,-0.024759024644299767,0.1857038724447545,0.7604904094739996,-0.0036021793292102294,0.0030514162866271096,-0.0004068762522321554,-0.017331857781905116,0
GOOGL,2025-09-26,0.0,0.0,0.0,0.0,0,0,0,68.46147884153737,10.657795093085383,11.989699551263397,-1.3319044581780144,238.93406975683033,219.5069551979525,264.3321196899959,216.21187139887124,0.6169674324628949,5.33390857761665,0.0030514162866271096,-0.03211369781998578,0.16594457743581306,0.4614472623326735,-0.002832621105934132,-0.010099821071048166,-0.004826706984372339,-0.04043974264264441,0
GOOGL,2025-09-29,0.0,0.0,0.0,0.0,0,0,0,63.71506415170143,9.743165920628229,11.540392825136363,-1.7972269045081344,239.3610103905734,220.44460191219486,262.16017852566125,221.50871032931923,0.5389285320766095,5.549933125092887,-0.010099821071048166,-0.03358024455018084,0.14728414399797476,0.818022269387615,-0.0047387652742306155,-0.0038925382131145864,0.02614217781670706,0.00040977715632456284,1
GOOGL,2025-09-30,0.0,0.0,0.0,0.0,0,0,0,61.95041285619872,8.839958058674569,11.000305871844004,-2.1603478131694356,239.65705098628143,221.3083209213444,257.853519330368,229.000972857132,0.466803295884796,5.49547572040256,-0.0038925382131145864,-0.034014084733935405,0.15125358986173779,0.8881548195677078,0.004478066207344515,0.007404245951836436,0.01094189935267519,0.009666733100585967,1
GOOGL,2025-10-01,0.0,0.0,0.0,0.0,0,0,0,63.98572169883898,8.17479139024266,10.435202975523737,-2.2604115852810764,240.09587851046743,222.2085726495362,257.1609914099724,231.1343653405159,0.5044977637392506,5.650802818857345,0.007404245951836436,-0.009063759416461797,0.06268550620761001,0.8914480603423311,0.011117935534703312,0.003225797585152648,-0.0011432937780255963,0.025030650043284246,0
GOOGL,2025-10-02,0.0,0.0,0.0,0.0,0,0,0,64.87381000769506,7.6233456969532085,9.872831519809631,-2.249485822856423,240.56795566172127,223.10442033381452,256.4717980520457,233.1797873361379,0.5097413618475646,5.56848088120013,0.003225797585152648,-0.0004068762522321554,0.05858681935316531,0.7450563448986564,0.01697425076934213,-0.0013837057348195395,-0.016931870705769004,0.023485014389680352,0
GOOGL,2025-10-03,0.0,0.0,0.0,0.0,0,0,0,64.14080682830783,7.077376434452589,9.313740502738224,-2.236364068285635,240.96277967375602,223.95183944966828,255.92882249163372,234.7760252256514,0.46979992468495096,5.501301102553323,-0.0013837057348195395,-0.004826706984372339,0.04497642416883507,0.9060504603393538,0.011166281482462325,0.020704969231274774,-0.03578576305073013,0.03240257817418632,0
GOOGL,2025-10-06,0.0,0.0,0.0,0.0,0,0,0,69.65774898647115,6.973157070426538,8.845623816275886,-1.8724667458493478,241.8025526103328,224.96472400096806,255.3727477312843,236.96684730045396,0.6961652463302216,5.58853119591621,0.020704969231274774,0.02614217781670706,0.07003070937479164,0.8701330614243318,0.01194847810529037,-0.018647911422191663,-0.025076837514985087,0.024438031747614237,0
GOOGL,2025-10-07,0.0,0.0,0.0,0.0,0,0,0,60.450344585001076,6.440468555552172,8.364592764131142,-1.92412420857897,242.11873929671853,225.7552255231804,255.0942457110922,237.85675984310703,0.4215088574935578,5.539867259694077,-0.018647911422191663,0.01094189935267519,0.025581130330053874,0.714078556865724,0.00441320649248421,-0.004638656692530771,-0.0012613645283727339,0.01912446000768534,0
GOOGL,2025-10-08,0.0,0.0,0.0,0.0,0,0,0,58.42031103426812,5.859020370422201,7.863478285389354,-2.004457914967153,242.29652351920367,226.47013721375419,254.66331315472507,238.8312791304312,0.32555478938917853,5.300184352561101,-0.004638656692530771,-0.0011432937780255963,0.022787156907752522,0.6706348937812824,0.0069712506914078355,-0.012631840034341825,0.026203902580089648,0.0289019922160533,1
GOOGL,2025-10-09,0.0,0.0,0.0,0.0,0,0,0,53.20481946270639,5.090843944057099,7.308951417122903,-2.218107473065804,242.16385348491568,227.0361509763199,254.53028041123156,239.08001164199112,0.1180223169203944,5.32127466247975,-0.012631840034341825,-0.016931870705769004,0.004825921240201613,0.881652096057478,0.002899008920579202,-0.0205357904631859,0.04111300518354271,0.04782018781403498,1
GOOGL,2025-10-10,0.0,0.0,0.0,0.0,0,0,0,46.091662886684354,4.036337070672829,6.654428547832889,-2.6180914771600596,241.57266216297057,227.3859624911502,255.21093791970952,237.97744861593503,-0.11727770133005976,5.528940722001897,-0.0205357904631859,-0.03578576305073013,-0.01756655835543977,1.038292234376225,-0.02419284978471151,0.03204130206125533,0.0707190773708769,0.09870247196082939,1
GOOGL,2025-10-13,0.0,0.0,0.0,0.0,0,0,0,55.813952172604374,3.7672630531155846,6.076995448889428,-2.3097323957738434,241.75780796794808,228.0185401626829,254.69455230150416,237.74976837720678,0.340336280698057,5.698976865663562,0.03204130206125533,-0.025076837514985087,-0.029649095829988446,0.8252669364616023,-0.012760368297489572,0.00532460770055473,0.050788483818959826,0.1028875670385128,1
GOOGL,2025-10-14,0.0,0.0,0.0,0.0,0,0,0,57.23833405625162,3.6169532440608805,5.5849870079237185,-1.968033763862838,242.04880949239202,228.67715913569964,254.19448694837118,237.680314687371,0.43193259550063334,5.76282529837812,0.00532460770055473,-0.0012613645283727339,-0.022734518398428587,0.7448176852934264,-0.010297088638399997,0.02273373503482841,0.020411570967645024,0.08971268291630947,1
GOOGL,2025-10-15,0.0,0.0,0.0,0.0,0,0,0,62.78390492909777,3.9019435126086535,5.248378308860706,-1.3464347962520522,242.84214622786362,229.52820564860724,254.40073076199184,237.62368024875036,0.7602745760362485,5.825675035998698,0.02273373503482841,0.026203902580089648,0.006011239192730207,0.920751050464618,-0.011795988102344414,0.001713041297038399,0.002629194479947014,0.09377366866177157,1
GOOGL,2025-10-16,0.0,0.0,0.0,0.0,0,0,0,63.18019882796864,4.114974880840634,5.021697623256692,-0.9067227424160578,243.6007755886958,230.3626977610776,254.30297169245725,237.66458812199588,0.7899304844696061,5.898283355286168,0.001713041297038399,0.04111300518354271,-0.002261597607652453,0.9597898672731684,-0.015674406889242192,0.007317178376968896,0.006442319514882852,0.11938276577929331,1
GOOGL,2025-10-17,0.0,0.0,0.0,0.0,0,0,0,64.90233930937805,4.3813836242250375,4.893634823450362,-0.5122511992253242,244.46193597022256,231.23643351925992,253.97615712471142,237.84977060966358,0.9173281919826971,5.933647153944823,0.007317178376968896,0.0707190773708769,-0.0055747650649737605,1.064446480905816,0.017411468502946,0.012830664878362048,0.02613514149637176,0.11010666109245827,1
GOOGL,2025-10-20,0.0,0.0,0.0,0.0,0,0,0,67.76985521955804,4.7987654763335,4.874660954026989,-0.07589547769348925,245.54980271050272,232.2030258025503,254.9243258490769,237.30255861137235,1.054490045245442,5.796926123759809,0.012830664878362048,0.050788483818959826,0.015918879390760626,0.8163523220903632,0.012457784890383189,-0.0237380042957369,0.04958094233218596,0.1059051981350355,1
GOOGL,2025-10-21,0.0,0.0,0.0,0.0,0,0,0,58.1779923220172,4.586536635640272,4.817036090349646,-0.23049945470937416,245.9555689771922,232.8935090460088,254.7461796050525,237.3610179657483,0.7160894332353267,6.266276669184358,-0.0237380042957369,0.020411570967645024,-0.004768264868426516,1.6651957679642786,0.013681015505875757,0.004910890958479183,0.06791486290472673,0.108121022716757,1
GOOGL,2025-10-22,0.0,0.0,0.0,0.0,0,0,0,59.42701554410342,4.4658559546095375,4.746800063201625,-0.2809441085920872,246.43952811199085,233.6050239811684,255.24055745917244,237.3204593865307,0.7654355713035083,6.322374986015643,0.004910890958479183,0.002629194479947014,0.018410596887379442,1.218254798372867,0.003953889667641416,0.00552268208609668,0.09090546603233533,0.12960393193034025,1
GOOGL,2025-10-23,0.0,0.0,0.0,0.0,0,0,0,60.849997580789726,4.4310084951512465,4.683641749591549,-0.25263325444030293,247.00943383542105,234.34300493124053,255.97394258952167,237.3141845467088,0.8097293451840146,6.109441469390988,0.00552268208609668,0.006442319514882852,0.02965951733783302,0.705778339838613,0.01683225140375112,0.027027118517636856,0.1122175052404882,0.1251381489828614,1
GOOGL,2025-10-24,0.0,0.0,0.0,0.0,0,0,0,66.98601602804501,4.897438066132594,4.726401012899759,0.17103705323283513,248.1748038598378,235.31958587871333,258.1240969558092,236.4985623459486,1.0518702615322264,6.285745293304829,0.027027118517636856,0.02613514149637176,0.05427122675389621,0.9982477164571829,0.019356103225263835,0.03597247640867822,0.08183280759065927,0.0727529606648266,1
GOOGL,2025-10-27,0.0,0.0,0.0,0.0,0,0,0,73.17514382605363,5.950994689701048,4.971319748260017,0.9796749414410311,250.11734951157945,236.623583813004,262.6386862519518,234.4994317290052,1.2108388104715124,6.564869415088525,0.03597247640867822,0.04958094233218596,0.10333950516947955,1.221668359228711,0.0207657427811686,-0.006684807952955678,0.053663565649063834,0.07735730667803566,1
GOOGL,2025-10-28,0.0,0.0,0.0,0.0,0,0,0,70.43743930785776,6.565394454179398,5.290134689443893,1.2752597647355044,251.7039051849558,237.80603872551487,265.6243784909877,233.94441423362167,1.0363575407373056,6.397310052477436,-0.006684807952955678,0.06791486290472673,0.1002466445783849,1.040080846135094,0.023492114946741593,0.026545113193945084,0.03764921831190697,0.0891315235144746,1
GOOGL,2025-10-29,0.0,0.0,0.0,0.0,0,0,0,74.49137975121099,7.5368567605161445,5.739479103658344,1.7973776568578002,253.8137987945731,239.21983281808048,270.02464218531077,232.50345534886887,1.1021595057036908,6.5010447422400075,0.026545113193945084,0.09090546603233533,0.12115153458860352,1.4930543302897483,0.029335197804730533,0.02516667461575801,0.035473711612017775,0.044214517596390904,1
GOOGL,2025-10-30,0.0,0.0,0.0,0.0,0,0,0,77.69693870320418,8.761880187369599,6.343959320400596,2.417920866969003,256.379139664584,240.8484620381435,275.52964659774307,230.5681698695421,1.1161045346330933,7.249245177112729,0.02516667461575801,0.1122175052404882,0.1456714861411802,2.3651282877403133,0.012013267884981249,-0.0010302608414354867,0.011617011673970598,-0.01033815339168652,1
GOOGL,2025-10-31,0.0,0.0,0.0,0.0,0,0,0,77.25814378235458,9.598732166520847,6.994913889624646,2.6038182768962006,258.6726151559778,242.4018804807347,279.91593602501644,229.756582895882,1.0108593166622386,7.370494393736079,-0.0010302608414354867,0.08183280759065927,0.14607697896019162,1.2229470395433766,0.007102206382798919,0.008997366088459646,-0.008393022343308595,-0.016999316876119542,0
GOOGL,2025-11-03,0.0,0.0,0.0,0.0,0,0,0,78.40401526281299,10.346295588481894,7.665190229396096,2.681105359085798,260.9879888846123,243.99333768959377,284.26895516574467,228.72392813503663,0.976867130546292,7.252255329521679,0.008997366088459646,0.053663565649063834,0.13293134447691113,0.9263600373265539,-0.002772857483747014,-0.021781936694345767,0.02248700799896817,0.0045819929016207685,1
GOOGL,2025-11-04,0.0,0.0,0.0,0.0,0,0,0,69.22812173654683,10.322376576100396,8.196627498736955,2.125749077363441,262.4958088838829,245.28066165772552,286.6820568623169,229.48058504442136,0.8275925833384156,7.2657098793004105,-0.021781936694345767,0.03764921831190697,0.12931323889937898,0.9255273909752201,-0.01720377173804779,0.024392887054243372,0.049614363210643865,0.02428462807362625,1
GOOGL,2025-11-05,0.0,0.0,0.0,0.0,0,0,0,72.96133183292409,10.724658982555354,8.702233795500636,2.0224251870547185,264.5031166361991,246.78230395676388,289.9362932137201,230.18505535805733,0.8934958812754729,7.393620951798867,0.024392887054243372,0.035473711612017775,0.16225173597821416,0.9401670273482756,-0.014271429414273076,0.0015474426946316254,0.008441359627339553,0.029896885581899905,1
GOOGL,2025-11-06,0.0,0.0,0.0,0.0,0,0,0,73.18896971538845,10.952624136427005,9.15231186368591,1.8003122727410954,266.3610438650432,248.2422666462658,292.4699460712052,231.9621889385604,0.86020646057662,7.379168639978246,0.0015474426946316254,0.011617011673970598,0.1789424665839575,1.111388325034771,-0.014003585106076738,-0.02079012868877226,-0.021703040589765157,0.016505803910477897,0
GOOGL,2025-11-07,0.0,0.0,0.0,0.0,0,0,0,65.23083982419973,10.535388264218852,9.4289271437925,1.1064611204263528,267.47967968462984,249.41342167859668,292.7861684587135,235.86100408767325,0.7421272533825424,7.533169081434939,-0.02079012868877226,-0.008393022343308595,0.17863632968574336,1.0288468367065573,-0.016259605096034493,0.04041895748722073,-0.008679138738161007,0.07470502856303868,0
GOOGL,2025-11-10,0.0,0.0,0.0,0.0,0,0,0,71.5687936817649,10.985133350957483,9.740168385225497,1.2449649657319863,269.56232958724695,250.9794641093227,295.3860823014196,237.84417129965462,0.8950577321089491,7.847867694854905,0.04041895748722073,0.02248700799896817,0.18820397879330364,0.8760061023723008,-0.0027804775425600207,0.004170929865496846,-0.017511239709918608,0.09817294793488557,0
GOOGL,2025-11-11,0.0,0.0,0.0,0.0,0,0,0,72.15565117988965,11.308583816758528,10.053851471532104,1.254732345226424,271.56156979861777,252.53142048960967,297.6493352976489,240.15502108662835,0.8765967802491273,7.615025279736683,0.004170929865496846,0.049614363210643865,0.18684043453768573,0.5900557579360375,0.011492287619251076,-0.015790758947303744,-0.02413242046301368,0.11029489380451502,0
GOOGL,2025-11-12,0.0,0.0,0.0,0.0,0,0,0,66.5330503701507,11.067126490191924,10.256506475264068,0.8106200149278564,272.93344677743244,253.84259137535722,299.02494970052106,242.33814996988912,0.7696347000288913,7.663839587132763,-0.015790758947303744,0.008441359627339553,0.1421343437812865,0.7407795251650529,0.008559931234998073,-0.028390884071499378,0.021275928193275458,0.11593618427448654,1
GOOGL,2025-11-13,0.0,0.0,0.0,0.0,0,0,0,57.930586451835865,10.10417303336942,10.226039786885138,-0.12186675351571807,273.40144638214866,254.7839580911061,299.0022814200329,245.0647870614124,0.6077897380173961,7.79109409475805,-0.028390884071499378,-0.021703040589765157,0.10781041504265668,0.8779687706975979,0.002580948665727945,-0.00775407339553331,0.03905648906777469,0.14936989984628488,1
GOOGL,2025-11-14,0.0,0.0,0.0,0.0,0,0,0,55.86633379724394,9.0627101338805,9.993373856284212,-0.9306637224037111,273.61968893280715,255.60392025082987,298.670928205562,247.70114363281695,0.5491851646203261,7.795275169362769,-0.00775407339553331,-0.008679138738161007,0.09123560619425654,0.9393026225925267,0.0014307277468821665,0.031149420605124604,0.08411420616636786,0.13921372677251084,1
GOOGL,2025-11-17,0.0,0.0,0.0,0.0,0,0,0,61.72143783773713,8.82852727963467,9.760404540954305,-0.9318772613196344,274.635020478827,256.7284986788764,299.2262840563352,249.98540112432883,0.6964795714374774,8.488079545543103,0.031149420605124604,-0.017511239709918608,0.11097244790275575,1.495962733712687,-0.023142111595313056,-0.002596371199280668,0.11774606725337829,0.10802754905929583,1
GOOGL,2025-11-18,0.0,0.0,0.0,0.0,0,0,0,60.97271132215252,8.485561062873956,9.505435845338235,-1.0198747824642798,275.4833587209848,257.7800309668218,298.37858584475583,254.20632168698245,0.6641328194026787,8.636965226838338,-0.002596371199280668,-0.02413242046301368,0.13503132961399977,1.3925756418591115,-0.03355785972728855,0.030005737734824952,0.1377515936448156,0.12434933861062866,1
GOOGL,2025-11-19,0.0,0.0,0.0,0.0,0,0,0,66.08046783163127,8.798846987705474,9.364118073811683,-0.5652710861062094,277.0611794212928,259.1239699906413,298.1691935699983,258.51704757990404,0.8456901299287028,9.411422788595315,0.030005737734824952,0.021275928193275458,0.16337557143612588,1.845256511702255,-0.030363819205170804,-0.011475029545732405,0.09268822799796446,0.08473078639193055,1
GOOGL,2025-11-20,0.0,0.0,0.0,0.0,0,0,0,62.60476205909108,8.676687961516109,9.226632051352569,-0.54994408983646,278.1695612128289,260.2837824707111,296.49699548741194,263.81681066493184,0.7613903563474925,10.00374666611026,-0.011475029545732405,0.03905648906777469,0.14370945864217058,1.5877343596506643,-0.029030979289723816,0.03527374725095255,0.10616690424356204,0.1099327226629331,1
GOOGL,2025-11-21,0.0,0.0,0.0,0.0,0,0,0,68.09616056224571,9.294458837514128,9.24019740858488,0.05426142892924801,280.14224018586305,261.797465135769,297.4346330193047,266.84286026682804,1.0473348642492626,10.320083444676587,0.03527374725095255,0.08411420616636786,0.15289300123237676,1.7933927609654787,-0.019198343499924258,0.06313818514348074,0.05082446138307262,0.04760466532459146,1
GOOGL,2025-11-24,0.0,0.0,0.0,0.0,0,0,0,75.32674609881283,11.17791938907044,9.627741804681992,1.5501775843884467,283.72427455618265,263.99182340786507,305.2532390951566,263.9424609780856,1.3025932347155817,10.994977514792797,0.06313818514348074,0.11774606725337829,0.183124649453807,1.9428184921697782,0.004596864003715728,0.015255254678428566,-0.00869474604188376,-0.004057279236276849,0
GOOGL,2025-11-25,0.0,0.0,0.0,0.0,0,0,0,76.78237313384432,12.912869569082375,10.28476735756207,2.6281022115203054,287.42682109212654,266.29022300691327,312.3050845096979,262.47309847370053,1.2066128503579674,11.006121425340018,0.015255254678428566,0.1377515936448156,0.20925716923965323,1.894636710468321,0.022633743704950117,-0.010790096291832647,-0.011779596802191658,-0.009338765810959996,0
GOOGL,2025-11-26,0.0,0.0,0.0,0.0,0,0,0,73.43213536790262,13.84732749881556,10.997279385812767,2.850048113002792,290.44523024406686,268.3619835630147,317.3121480711835,261.9922678223712,1.0326820865877653,10.769255114253381,-0.010790096291832647,0.09268822799796446,0.16527676433054014,1.0891075675350212,0.025730812967084488,0.0007187579373215537,-0.0072824447103394035,-0.022865032636736143,0
GOOGL,2025-11-28,0.0,0.0,0.0,0.0,0,0,0,73.51414381497403,14.439945686743215,11.685812645998858,2.7541330407443567,293.19801663079267,270.3614935136685,321.7601335667867,261.404243264268,0.960059469754875,10.716729979648779,0.0007187579373215537,0.10616690424356204,0.13748753751788662,0.5817161819030517,0.04729277163906841,-0.0165218524749141,0.0034043853643824745,-0.03338027323764167,1
GOOGL,2025-12-01,0.0,0.0,0.0,0.0,0,0,0,68.29204744858859,14.318792853842638,12.212408687567615,2.1063841662750225,295.1861333504791,272.0756797361717,324.50128871933566,262.0243490980472,0.8330896712443578,10.399367215607963,-0.0165218524749141,0.05082446138307262,0.11984787164147988,0.9187903593828493,0.03222920981254154,0.002921522429270143,-0.0030640665275752385,-0.020541799720780695,0
GOOGL,2025-12-02,0.0,0.0,0.0,0.0,0,0,0,68.7083436169375,14.133892045120433,12.596705359078179,1.5371866860422543,297.07229343224157,273.75862618608596,327.09494559128484,262.6313697163323,0.8122330134806631,9.975012873835576,0.002921522429270143,-0.00869474604188376,0.11310452342388579,0.7945375776980722,0.019140758546148256,0.012095873719035744,0.004678142062790731,-0.02862312588751823,1
GOOGL,2025-12-03,0.0,0.0,0.0,0.0,0,0,0,70.44360661472743,14.131895476853003,12.903743382633145,1.2281520942198583,299.14168485015307,275.5249899952713,329.68462159035255,264.2397741616006,0.83369633061046,9.795410371156837,0.012095873719035744,-0.011779596802191658,0.15165374412361543,0.9152086225603246,0.013140261955545142,-0.006288441222430395,0.002469925720348734,-0.07106937962189709,1
GOOGL,2025-12-04,0.0,0.0,0.0,0.0,0,0,0,68.29748866115511,13.809360038214265,13.08486671374937,0.7244933244648948,300.8230617766266,277.1434665671479,331.82788706174904,265.41886891969625,0.7736490479128866,9.641459949641886,-0.006288441222430395,-0.0072824447103394035,0.1171608585998544,0.6832192389343523,0.006929680771462326,0.011491722776794337,-0.015696899730810104,-0.04710717194938028,0
GOOGL,2025-12-05,0.0,0.0,0.0,0.0,0,0,0,70.08011021592536,13.68970263292914,13.205833897585325,0.48386873534381536,302.69102503841367,278.841239487079,334.23418570390714,266.65510262617096,0.7958316530775469,9.347473221717589,0.011491722776794337,0.0034043853643824745,0.12825305453703031,0.6367632878707522,0.0033655237201747987,-0.022861849764987258,-0.036659854330481065,-0.04329409644831858,0
GOOGL,2025-12-08,0.0,0.0,0.0,0.0,0,0,0,62.468136499668965,12.85555362698409,13.135777843465078,-0.2802242164809883,303.6833941660796,280.18514777695464,334.7796722365277,269.6100341843707,0.6675020453500241,9.381290941110056,-0.022861849764987258,-0.0030640665275752385,0.12586600177043764,0.7488590242972175,0.0049391335939879665,0.010710215128277552,-0.017531450724550385,-0.012558847362645953,0
GOOGL,2025-12-09,0.0,0.0,0.0,0.0,0,0,0,64.37568882752086,12.323030526884338,12.973228380148932,-0.6501978532645936,304.90063148229376,281.60786300085164,336.14103658444265,270.96035806887767,0.6981214211598643,9.145353931463651,0.010710215128277552,0.004678142062790731,0.09371735363538843,0.6663392422370306,0.002215643106733101,0.00987135369128261,-0.033146205293105385,-0.00860981850846271,0
GOOGL,2025-12-10,0.0,0.0,0.0,0.0,0,0,0,66.10397236969465,12.0145807210111,12.781498848321366,-0.7669181273102659,306.2994587574176,283.0972926036062,337.7340401998298,272.27075105993583,0.7228107147204453,8.964766723542978,0.00987135369128261,0.002469925720348734,0.09992610981016996,0.72683222157812,0.0053810088667234305,-0.02429654697596605,-0.07335811624413809,-0.01911257062699873,0
GOOGL,2025-12-11,0.0,0.0,0.0,0.0,0,0,0,58.50615801175374,11.016577838712749,12.428514646399643,-1.4119368076868941,306.82555080842246,284.2238076110322,337.941819478426,274.6486865030193,0.5873423710024616,9.216974962864716,-0.02429654697596605,-0.015696899730810104,0.09042026700053561,0.9036654139848295,0.006984320527726598,-0.010050274862666535,-0.031911178792365893,0.0034568983825332775,0
GOOGL,2025-12-12,0.0,0.0,0.0,0.0,0,0,0,55.72242831487058,9.859123093112714,11.914636335742259,-2.0555132426295444,307.00307112763517,285.1832470835469,336.6693483665445,279.0053647682211,0.5147779868749515,9.222328319984795,-0.010050274862666535,-0.036659854330481065,0.11100361853829506,0.7615886005610251,-0.005731359283233205,-0.0034594683730464182,-0.006886707823462221,0.013805941154732639,0
GOOGL,2025-12-15,0.0,0.0,0.0,0.0,0,0,0,54.7661875797524,8.7547419178145,11.282657452156707,-2.527915534342208,307.06197983441547,286.0631829841462,334.2218224148465,284.6457526583957,0.4634465782242216,9.029827122305576,-0.0034594683730464182,-0.017531450724550385,0.11581222655798576,0.6193790762949609,-0.0042419539526275234,-0.005353395214056941,0.005061335923243168,0.01826610629112974,1
GOOGL,2025-12-16,0.0,0.0,0.0,0.0,0,0,0,53.24862980018894,7.658346610713863,10.557795283868138,-2.899448673154275,306.9584381816586,286.8440304153745,332.5547680734427,288.4822192312448,0.39690405272125834,8.967990254655438,-0.005353395214056941,-0.033146205293105385,0.07631233703573333,0.6654400030284394,-0.0061050688108648605,-0.03212967807685917,0.025377556481619823,0.0209739859100902,1
GOOGL,2025-12-17,0.0,0.0,0.0,0.0,0,0,0,45.19717164986283,5.927843761162819,9.631804979327075,-3.703961218164256,305.9284841546852,287.2087320029456,330.63689220050634,291.6602299918765,0.11503527117230286,9.18075963119929,-0.03212967807685917,-0.07335811624413809,0.04444252863728098,0.9612641219253945,-0.023517657150754025,0.019344821602210377,0.058539924180063485,0.06211235233475858,1
GOOGL,2025-12-18,0.0,0.0,0.0,0.0,0,0,0,49.94678535851496,4.961485294618342,8.697741042385328,-3.736255747766986,305.5422258748863,287.7837924034888,329.6144069383596,293.66494486828105,0.2283157209005183,9.041129593417704,0.019344821602210377,-0.031911178792365893,0.03363218671857938,0.7623512479127315,-0.01842795811112514,0.015539286358038962,0.036533917549816934,0.046551642391091504,1
GOOGL,2025-12-19,0.0,0.0,0.0,0.0,0,0,0,53.50044825749608,4.522027542922103,7.862598342492683,-3.34057079957058,305.6395052837513,288.5202577864096,327.35853793129473,297.7072610189006,0.2986852362289392,8.843035073024435,0.015539286358038962,-0.006886707823462221,0.061879188316819225,1.366615818383087,0.001233686956560986,0.008529808138547514,0.02083614139615855,0.023375393385959335,1
GOOGL,2025-12-22,0.0,0.0,0.0,0.0,0,0,0,55.40133279690302,4.334788299873537,7.157036333968854,-2.822248034095317,305.97656086312617,289.3303884170284,326.6021821748897,299.49320661905557,0.3572758486643561,8.555721142632674,0.008529808138547514,0.005061335923243168,0.03444795823638412,0.6372163737500007,0.008995665843808011,0.01475230289431698,0.013138273154002837,0.039382838931439665,1
GOOGL,2025-12-23,0.0,0.0,0.0,0.0,0,0,0,58.58180851303884,4.50253971959296,6.626137011093676,-2.123597291500716,306.71590602459924,290.2876157363055,326.23466763856254,299.4593295538202,0.5333398764033181,8.345247040216243,0.01475230289431698,0.025377556481619823,-0.012632165306877063,0.6619082010140437,0.01638432542420082,-0.0008271873044257439,-0.0042945845105480975,0.03527918836039298,0
GOOGL,2025-12-24,0.0,0.0,0.0,0.0,0,0,0,58.32693300016723,4.561955332077218,6.213300675290386,-1.6513453432131673,307.3601210293249,291.1971274162237,325.0182995764718,299.7636126549735,0.5431289234304032,7.974432093391623,-0.0008271873044257439,0.058539924180063485,-0.028272848616827752,0.29211887439305223,0.03130772603168647,-0.001846357294571577,0.003374863879094847,0.04610159268030215,1
GOOGL,2025-12-26,0.0,0.0,0.0,0.0,0,0,0,57.72373905889908,4.510346139133446,5.872709768058998,-1.3623636289255519,307.8878587586749,292.0482740739208,324.3298699008017,299.83016733064363,0.5335248384924381,7.605154249643237,-0.001846357294571577,0.036533917549816934,-0.019487176348541368,0.33491747444742076,0.02347452265080332,0.0001594631582561148,0.009664637762124272,0.058530684027701924,1
GOOGL,2025-12-29,0.0,0.0,0.0,0.0,0,0,0,57.76428938301313,4.422491957112072,5.582666205869613,-1.1601742487575404,308.3700877747758,292.8679991466194,323.5597795494928,299.96043529425714,0.5504741145760917,7.30431417969032,0.0001594631582561148,0.02083614139615855,-0.020035178170956812,0.608947069757423,0.010667119131339952,0.0009247388561069089,0.0024874236783270095,0.07146935377594874,1
GOOGL,2025-12-30,0.0,0.0,0.0,0.0,0,0,0,58.01582302609843,4.326347460045781,5.331402456704847,-1.0050549966590658,308.83395195061564,293.6669270867949,323.4910575533591,299.94589923375025,0.5646495218624786,7.102670546104379,0.0009247388561069089,0.013138273154002837,-0.0026509121267618333,0.5600888104044289,0.003183243566426242,-0.002708327041280091,0.02590422894175621,0.07006528472068642,1
GOOGL,2025-12-31,0.0,0.0,0.0,0.0,0,0,0,56.94518808359856,4.134042175562229,5.091930400476324,-0.957888224914095,309.17284257120434,294.4012555722852,323.27081587356514,299.90628983932544,0.5344004671515152,6.819186062890706,-0.002708327041280091,-0.0042945845105480975,-0.008249481016495572,0.5448599483339865,-0.008779558744136726,0.006868968807707265,0.03974445880811854,0.06319492332855728,1
GOOGL,2026-01-02,0.0,0.0,0.0,0.0,0,0,0,59.005883482688816,4.107440015267741,4.895032323434608,-0.7875923081668663,309.6838210363352,295.1909363912183,322.67275571939876,300.07807130696847,0.6399755307117532,7.1997002595789565,0.006868968807707265,0.003374863879094847,-0.013371313634426488,1.0826017630061913,-0.010443595739656414,0.00441068674664311,0.04258301691555611,0.04712051333175185,1
GOOGL,2026-01-05,0.0,0.0,0.0,0.0,0,0,0,60.32793748376249,4.15045956142643,4.7461177710329725,-0.5956582096065421,310.2782614668405,296.0040543977055,322.5517742673053,300.11198305691346,0.7047063117237907,6.998397453100418,0.00441068674664311,0.009664637762124272,-0.0027484457809319844,1.023065007297677,-0.0037520048439803836,-0.006950183269426101,0.0483982942830275,0.017249012170790008,1
GOOGL,2026-01-06,0.0,0.0,0.0,0.0,0,0,0,57.18458771871684,3.9617069234130895,4.589235601508996,-0.6275286780959064,310.6069704519554,296.69917798252277,321.48493665084754,300.5081236518869,0.6302950862609628,7.151527601576892,-0.006950183269426101,0.0024874236783270095,-0.020930719598128356,1.053293539671482,0.005757098917410635,0.024305041830025305,0.0688107685625753,0.04466506068162441,1
GOOGL,2026-01-07,0.0,0.0,0.0,0.0,0,0,0,64.16710423903669,4.376955294632467,4.546779540133691,-0.169824245501224,311.63058464068286,297.66606980413343,322.8057554920251,300.01170666617804,0.9363502259069386,7.4933307974666254,0.024305041830025305,0.02590422894175621,0.02632938850594609,1.182260501855114,0.0037408215499330102,0.01074589763990246,0.04304598278582335,0.02658535607917754,1
GOOGL,2026-01-08,0.0,0.0,0.0,0.0,0,0,0,66.80717956595583,4.92788520595883,4.623000673298719,0.30488453266011106,312.8855924371803,298.73046575314413,324.4747549670548,299.1770852429061,1.0131795355258812,7.586870271785251,0.01074589763990246,0.03974445880811854,0.026365622443021416,1.0711399447536283,0.011130319951820832,0.00961777506517237,0.022554065397300125,0.007651094386579218,1
GOOGL,2026-01-09,0.0,0.0,0.0,0.0,0,0,0,69.03014242896245,5.5525697574241235,4.808914490123801,0.7436552673003227,314.31859300398906,299.8756278172825,326.35436947854305,298.13184878317566,1.0559031890580846,7.429202641661506,0.00961777506517237,0.04258301691555611,0.02610790210718402,0.8911247857526874,0.0159550733759851,0.01001304803540102,0.004352167973750193,0.014273923499855151,1
GOOGL,2026-01-12,0.0,0.0,0.0,0.0,0,0,0,71.21249741911285,6.2406574170302065,5.095263075505082,1.1453943415251242,315.92784112191276,301.1046501868866,329.56275845753026,296.86268709911036,1.0505485069601117,7.543006587780084,0.01001304803540102,0.0483982942830275,0.062189917037179125,1.1699716059286565,0.010818393687175127,0.012384647732168609,-0.029711305600263,0.008105755349813273,0
GOOGL,2026-01-13,0.0,0.0,0.0,0.0,0,0,0,73.70527666261364,7.0358630854466355,5.483383077493393,1.5524800079532426,317.774493204424,302.44633794380405,333.3554866692665,295.7327762701866,1.0521547038530945,7.619449176614267,0.012384647732168609,0.0688107685625753,0.0862619966232789,1.1608084127228584,0.0028331579258264834,-0.0003868875077473063,-0.022591190687032487,0.0001191333210165194,0
GOOGL,2026-01-14,0.0,0.0,0.0,0.0,0,0,0,73.4885408207675,7.56835784380462,5.900378030755639,1.667979813048981,319.43291840054286,303.73032303477925,336.4630745662873,295.38182289465027,0.9689611014579734,7.505792186577514,-0.0003868875077473063,0.04304598278582335,0.08961121094984249,0.9889940538521543,0.0011311263970572205,-0.009111444967282105,-0.015781304926444258,0.007176076636834784,0
GOOGL,2026-01-15,0.0,0.0,0.0,0.0,0,0,0,68.39002145242634,7.655677848104176,6.251437994225347,1.4042398538788294,320.64253675599707,304.8441892347021,338.3927638064165,296.0680455197554,0.8521229927340942,7.465129805888478,-0.009111444967282105,0.022554065397300125,0.08549435867012986,0.9897857785280233,0.003959344371300574,-0.00835385088654574,-0.014574262149092873,0.015686050746809534,0
GOOGL,2026-01-16,0.0,0.0,0.0,0.0,0,0,0,64.04287541327582,7.41551137826616,6.48425267103351,0.9312587072326499,321.4727060139825,305.80556667509984,338.31556490670386,299.46678372610864,0.7694586375766735,7.427369711811275,-0.00835385088654574,0.004352167973750193,0.11215963159276689,1.4126953694384854,-0.0034722977351428143,-0.02424241918838417,0.00987876149669871,0.041484757023570004,1
GOOGL,2026-01-20,0.0,0.0,0.0,0.0,0,0,0,53.50330821682069,6.505902010189004,6.488582538864609,0.017319471324395153,321.4633861471374,306.4161267040022,337.6654961724724,302.0670599798713,0.5423774046639461,7.579088000860506,-0.02424241918838417,-0.029711305600263,0.06460362440805571,1.2343000754831221,-0.025289130990863155,0.019813668671862024,0.038975060895120046,0.054999942549533935,1
GOOGL,2026-01-21,0.0,0.0,0.0,0.0,0,0,0,59.261342249332685,6.227061635911639,6.436278358274015,-0.20921672236237576,322.0613933862865,307.25245358455913,337.935264406571,303.91517199479625,0.7003887548277201,7.973761233685879,0.019813668671862024,-0.022591190687032487,0.06908451743162446,1.290502335909192,-0.01206450262283909,0.006577701961876127,0.02323523564721334,0.014190930367574177,1
GOOGL,2026-01-22,0.0,0.0,0.0,0.0,0,0,0,61.02126932516208,6.109605320091873,6.370943750637586,-0.26133843054571315,322.80776110135747,308.14052420455806,338.50070092831237,305.4217020257892,0.7399423555975585,7.886837370691713,0.006577701961876127,-0.015781304926444258,0.06701520180701842,0.9577418340444734,-0.001998921524509631,-0.007896222294212472,0.023325488205203537,0.0021480825442414717,1
GOOGL,2026-01-23,0.0,0.0,0.0,0.0,0,0,0,57.77343894459077,5.740153733870727,6.244785747284215,-0.5046320134134881,323.23495570535766,308.8916136256875,338.8834395063902,306.394325386188,0.6432609698082261,7.768340062935763,-0.007896222294212472,-0.014574262149092873,0.04320020714699947,0.9919262367576696,-0.004348278531633425,0.016253530269758346,0.030707857257611763,-0.015460597811771224,1
GOOGL,2026-01-26,0.0,0.0,0.0,0.0,0,0,0,62.198244552037785,5.809643775231962,6.157757352873765,-0.3481135776418034,324.12810050239204,309.821863133473,339.8234333311314,307.3676128114467,0.7778377763538759,7.843661003877746,0.016253530269758346,0.00987876149669871,0.06103356678729742,0.9202389601428305,0.001546984440466338,0.003870791816763681,0.03129682168979312,-0.02682588648454335,1
GOOGL,2026-01-27,0.0,0.0,0.0,0.0,0,0,0,63.203223844832735,5.9005853783078805,6.106322957960588,-0.20573757965270723,325.0588006126553,310.7661215070684,340.6860749317175,308.60487965812626,0.7884859584035804,7.614897211503262,0.003870791816763681,0.038975060895120046,0.06711087478270097,0.7503154028241124,0.02643227895569107,0.004364126585170798,0.015423740431851936,-0.04773577059293956,1
GOOGL,2026-01-28,0.0,0.0,0.0,0.0,0,0,0,64.35817883245394,6.020835369172801,6.08922544020303,-0.06839007103022965,326.03964203031165,311.73049460475386,341.50998392232395,310.021607874551,0.8046152518331534,7.470199804332351,0.004364126585170798,0.02323523564721334,0.07159700147843148,0.9386736885393293,0.014619123398690377,0.006666485273135433,-0.008838930643273332,-0.07455146733565086,0
GOOGL,2026-01-29,0.0,0.0,0.0,0.0,0,0,0,66.11542571728997,6.224777804167218,6.1163359129958685,0.10844189117134917,327.13998966897987,312.74472196285484,342.4285265400542,311.5383283183442,0.8434702727052169,8.059429931859906,0.006666485273135433,0.023325488205203537,0.0777441552102585,1.3110222903376096,0.00734411849337632,-0.0007390896812467836,-0.020694691869841752,-0.08647448707799864,0
GOOGL,2026-01-30,0.0,0.0,0.0,0.0,0,0,0,65.72595009823154,6.293720055682286,6.151812741533153,0.14190731414913316,328.1117792736083,313.70939092578516,342.76415400232554,313.697848561151,0.8135169433309176,8.033400842309113,-0.0007390896812467836,0.030707857257611763,0.0798722528496393,0.9982200382759345,0.003975464382848215,0.0168342352475977,-0.04479295926997459,-0.0955030092506107,0
GOOGL,2026-02-02,0.0,0.0,0.0,0.0,0,0,0,70.05037797618417,6.729030957788382,6.267256384784199,0.4617745730041829,329.531867445467,314.85893265724945,344.1244632901368,315.1859981356444,0.9619275519233687,8.115452160954847,0.0168342352475977,0.03129682168979312,0.09056005340171547,1.0298252960863865,0.003868839280012181,-0.011580164993975179,-0.05635885513454959,-0.12124302768428372,0
GOOGL,2026-02-03,0.0,0.0,0.0,0.0,0,0,0,63.970444841764795,6.676526990969137,6.349110506021186,0.3274164849479506,330.43839869415024,315.80761943761775,344.3748006394104,317.2481607863708,0.8037222777456096,8.357749386765477,-0.011580164993975179,0.015423740431851936,0.0731976493987536,1.1628296614298514,-0.00856945838397441,-0.019634284593031237,-0.062200152025134105,-0.10709131094000408,0
GOOGL,2026-02-04,0.0,0.0,0.0,0.0,0,0,0,55.30692623641985,6.0282618595051645,6.284940776717983,-0.25667891721281855,330.62459240110616,316.4580434838754,342.8182124677966,320.6711216386487,0.5292934891074271,8.815145479637554,-0.019634284593031237,-0.008838930643273332,0.05948982981519499,2.1165396998797044,-0.01327247439478482,-0.005374743799686151,-0.06629854493278839,-0.09064983159913433,0
GOOGL,2026-02-05,0.0,0.0,0.0,0.0,0,0,0,53.22370437710756,5.309148509821284,6.089782323338643,-0.7806338135173592,330.6229077034934,317.01290072278897,342.2290897365405,322.18544273416256,0.42015608940878874,10.080378670494683,-0.005374743799686151,-0.020694691869841752,0.028790546162745137,2.448794207788056,-0.023658565113502814,-0.025328414807380965,-0.0671698546531458,-0.04911695179144874,0
GOOGL,2026-02-06,0.0,0.0,0.0,0.0,0,0,0,44.720920431044156,4.017246142235308,5.675275087117977,-1.6580289448826688,329.82388356952976,317.21761654922375,342.5340350207736,321.62299622922643,0.02917875451960867,10.168066819906997,-0.025328414807380965,-0.04479295926997459,-0.007927793918322807,1.5138015023228342,-0.0019509093706342074,0.004522141246049791,-0.053088019474689496,-0.0352165218162133,0
GOOGL,2026-02-09,0.0,0.0,0.0,0.0,0,0,0,46.32780436689108,3.07553392515797,5.155326854725976,-2.079792929568006,329.2397363852665,317.4714487682646,342.81045382192576,320.9224014026836,0.1264587949199488,10.186042983889203,0.004522141246049791,-0.05635885513454959,-0.012934873636184367,1.045482322452139,-0.002099463981098648,-0.017698649483792534,-0.06875937203754047,-0.04137890396481087,0
GOOGL,2026-02-10,0.0,0.0,0.0,0.0,0,0,0,41.250917135472655,1.845671569593435,4.493395797699468,-2.647724228106033,328.16561447227235,317.4906647498554,343.71770433105934,318.6897266992141,-0.02909825200815709,10.15069528569567,-0.017698649483792534,-0.062200152025134105,-0.04001694972098747,1.0259858350040787,0.003756160156048388,-0.02391869976286503,-0.04786859265525612,-0.01782903304849687,0
GOOGL,2026-02-11,0.0,0.0,0.0,0.0,0,0,0,35.663549723654015,0.25438631853609195,3.645593901866793,-3.391207583330701,326.4694827786705,317.2108830612122,345.24968518574906,314.66160021464157,-0.1407531242722502,10.23834988485832,-0.02391869976286503,-0.06629854493278839,-0.07444121557852469,1.171102451733672,0.00840875438283833,-0.006302906275108156,-0.02608037776335374,-0.011512668990092484,0
GOOGL,2026-02-12,0.0,0.0,0.0,0.0,0,0,0,34.37388677881472,-1.1512919835763,2.6862167247781747,-3.8375087083544748,324.74858779491325,316.8653615862321,346.3415084623745,310.8909897065708,-0.0702642540863876,10.15149826249832,-0.006302906275108156,-0.0671698546531458,-0.07991895798756656,1.2020217374778461,0.005386547196624819,-0.010614948819739919,0.019352829613996283,0.008932029535149334,1
GOOGL,2026-02-13,0.0,0.0,0.0,0.0,0,0,0,32.27070929685377,-2.5006327146073772,1.6488468369010643,-4.149479551508442,322.87981127408074,316.4050114976023,347.6317848039388,306.8999656843424,-0.04354166831987343,9.803516842250096,-0.010614948819739919,-0.053088019474689496,-0.08131502355337927,0.956823202919562,-0.012843544696793618,-0.012102656999636842,0.018873451837162068,0.002616823140301787,1
GOOGL,2026-02-17,0.0,0.0,0.0,0.0,0,0,0,30.03800496932969,-3.8238968351428753,0.5542981024922765,-4.378194937635151,320.83731436702544,315.8178970761277,349.09794840932256,302.6412300574743,-0.025994868994577373,9.778381832666081,-0.012102656999636842,-0.06875937203754047,-0.0847880082049982,0.9767383926828049,-0.015995472862596515,0.004337589254474063,0.029402140811486774,0.005165238217113533,1
GOOGL,2026-02-18,0.0,0.0,0.0,0.0,0,0,0,31.836215746392256,-4.712763452024433,-0.4991142084110654,-4.213649243613367,319.1138643194218,315.305081067934,350.2169334367658,299.6588691755389,0.06096395771252612,9.374353610055113,0.004337589254474063,-0.04786859265525612,-0.05798138433972464,0.714941578920238,-0.00842341363948669,-0.001582424583325773,0.03154980433901668,-0.0006592595728723758,1
GOOGL,2026-02-19,0.0,0.0,0.0,0.0,0,0,0,31.516579162131677,-5.393678221807079,-1.4780270110902682,-3.9156512107168107,317.50892713907507,314.79358863098685,350.7526761344158,296.5750826546467,0.1049685101509386,9.091860521114553,-0.001582424583325773,-0.02608037776335374,-0.0777453066796158,0.6563492819621942,-0.010810007463769858,0.04005291724325515,0.014957814218596314,-0.006504806592382752,1
GOOGL,2026-02-20,0.0,0.0,0.0,0.0,0,0,0,46.213234338723424,-4.899933280384914,-2.1624082649491974,-2.737525015435717,317.2098388168641,314.77691847902105,350.10684254281733,295.667940782378,0.3435146259153785,9.415550047711273,0.04005291724325515,0.019352829613996283,-0.04707437651397683,1.3071141461225753,0.01197765561576392,-0.011080233451801421,-0.010222956935130156,-0.05225736701074542,0
GOOGL,2026-02-23,0.0,0.0,0.0,0.0,0,0,0,43.33188747570028,-4.735124580295519,-2.6769515280184617,-2.0581730522770574,316.60749449036956,314.6243029852819,349.69187222773115,294.44210299199545,0.29761428190800415,9.430957769560067,-0.011080233451801421,0.018873451837162068,-0.05013265114785458,0.7679925779208873,0.0009388208496531196,-0.0018940645152043956,-0.01595549345951399,-0.015776934073499126,0
GOOGL,2026-02-24,0.0,0.0,0.0,0.0,0,0,0,42.84556244323868,-4.599012146996529,-3.061363651814075,-1.5376484951824536,316.0064366073582,314.4545807787512,348.58482932554676,293.31748695863297,0.3072139718135167,9.209295596036766,-0.0018940645152043956,0.029402140811486774,-0.06709476466873938,0.6263835164856474,0.006590004037318735,0.00643296007628795,-0.023544639780200067,-0.01172034203689454,0
GOOGL,2026-02-25,0.0,0.0,0.0,0.0,0,0,0,45.0951710783805,-4.280725972530945,-3.3052361159574493,-0.9754898565734957,315.65272940535533,314.369793728068,347.0812066333061,292.6603155834907,0.3607474082860316,8.850907199902034,0.00643296007628795,0.03154980433901668,-0.06471372100993945,0.7253211357172233,0.009995855065331896,-0.017641498491039118,-0.03122395426416426,-0.012728275346101381,0
GOOGL,2026-02-26,0.0,0.0,0.0,0.0,0,0,0,40.372021872698724,-4.422062206858698,-3.528601334137699,-0.8934608727209987,314.8080126167501,314.07228037108496,345.24747817168463,291.63660080780755,0.2825285289473401,8.987918036992484,-0.017641498491039118,0.014957814218596314,-0.0852058499595823,0.8723811617371158,0.00704189431385456,0.01424954479764186,-0.021146318113233975,-0.011765031227518414,0
GOOGL,2026-02-27,0.0,0.0,0.0,0.0,0,0,0,45.27031515004298,-4.133676530853165,-3.6496163734807925,-0.48406015737237285,314.46008037906853,313.9578664004971,342.5918299265571,291.64839224141167,0.38290175861787024,8.956878788381205,0.01424954479764186,-0.010222956935130156,-0.07831485021546689,1.0627855200749694,-0.004989715564674729,-0.016807804848960144,-0.042468564380372616,-0.029725523488909975,0
GOOGL,2026-03-02,0.0,0.0,0.0,0.0,0,0,0,40.937632008503456,-4.277820159454677,-3.77525713067557,-0.5025630287791074,313.64720569917955,313.64284796283977,339.6780749247813,291.42025881545305,0.30056555795896395,9.062794213354923,-0.016807804848960144,-0.01595549345951399,-0.09313610059488436,0.8245744039021831,0.005847132906885665,-0.009591655363579022,0.00018145458343404446,-0.0024302345033645908,1
GOOGL,2026-03-03,0.0,0.0,0.0,0.0,0,0,0,38.69965227766268,-4.57608041597922,-3.9354217877363,-0.6406586282429201,312.63228802005386,313.2251115748209,334.6843313008781,292.41078893837965,0.25026956670102046,9.114807686141662,-0.009591655363579022,-0.023544639780200067,-0.1167040385873236,0.8378603251406868,-0.010212987650163886,-0.0014821126677574774,0.012109409426196278,0.024899190654682858,1
GOOGL,2026-03-04,0.0,0.0,0.0,0.0,0,0,0,38.354085730696305,-4.793433981276564,-4.107024226444353,-0.6864097548322112,311.6712609615964,312.8061465682103,329.8213199069121,293.6229061673066,0.24638089953608533,8.800238404421089,-0.0014821126677574774,-0.03122395426416426,-0.1076799695409678,0.7029461971106948,-0.011570448536573642,-0.007422571638382518,0.01909180042123611,0.01575741803245616,1
GOOGL,2026-03-05,0.0,0.0,0.0,0.0,0,0,0,36.59433095236163,-5.088238260902926,-4.303267033336068,-0.7849712275668583,310.5878901957226,312.31554740553236,326.17743024253366,294.0570393619586,0.19423264745312468,8.55019913117285,-0.007422571638382518,-0.021146318113233975,-0.09656497856933265,0.8877173153577661,-0.011591367508973596,-0.007843725085987482,0.009583952187453474,0.021490849427774832,1
GOOGL,2026-03-06,0.0,0.0,0.0,0.0,0,0,0,34.791201173918225,-5.449122860223326,-4.53243819871352,-0.9166846615098061,309.3833701473205,311.75181729894285,322.3745017649312,294.59332050069384,0.12048116870807389,8.345824204676832,-0.007843725085987482,-0.042468564380372616,-0.09880759622597933,0.6886066611517552,-0.0198398958411506,0.0269851863870124,0.013308221973116218,0.009017391532362475,1
GOOGL,2026-03-09,0.0,0.0,0.0,0.0,0,0,0,44.790992539362314,-5.028403169643866,-4.631631192899589,-0.3967719767442768,309.0592784870846,311.5254875113311,320.07095762025887,295.27158998716305,0.431818177225992,8.657139707072833,0.0269851863870124,0.00018145458343404446,-0.05043784714672009,0.8190126979782736,-0.011815625747572635,0.002219747413968331,-0.002611215269819594,-0.014035593753509497,0
GOOGL,2026-03-10,0.0,0.0,0.0,0.0,0,0,0,45.550626935745406,-4.587294606359194,-4.62276387559151,0.035469269232316414,308.8307383391331,311.33466866514533,316.8064439210621,296.8330305662426,0.4919828270103885,8.3198526599487,0.002219747413968331,0.012109409426196278,-0.05261427109412602,0.6645698891905013,-0.004630215452300113,0.005406512455140615,0.012636757557404388,-0.05406462697074285,1
GOOGL,2026-03-11,0.0,0.0,0.0,0.0,0,0,0,47.45134446130879,-4.057161031170438,-4.5096433067072965,0.45248227553685894,308.78186477521274,311.2163509103541,314.96455735833223,297.7105280908865,0.6147571481807569,8.117947904839061,0.005406512455140615,0.01909180042123611,-0.03033037555280224,0.7050727526291641,-0.01284418508573164,-0.016683048020627637,-0.0032719156286035267,-0.05756407781885489,0
GOOGL,2026-03-12,0.0,0.0,0.0,0.0,0,0,0,42.49514700029229,-4.005900552301966,-4.40889475582623,0.40299420352426374,308.24777185949307,310.9009602534836,314.50375782770203,297.4530933685871,0.33551746943861455,8.102394708951566,-0.016683048020627637,0.009583952187453474,-0.023142253307430378,0.7510013657827159,-0.022383419539795106,-0.004183744527350514,0.011793865398239371,-0.07455103991161219,1
GOOGL,2026-03-13,0.0,0.0,0.0,0.0,0,0,0,41.34824804064776,-4.021270993586938,-4.331370003378372,0.31009900979143357,307.6437447357839,310.5481965988587,314.27949244894495,297.02789890847697,0.28273261485255186,8.040867770211282,-0.004183744527350514,0.013308221973116218,-0.02105900320751136,0.7406407094963754,-0.015006424506572344,0.010850879105583341,-0.004234477079835222,-0.09243079767092136,0
GOOGL,2026-03-16,0.0,0.0,0.0,0.0,0,0,0,45.44363472260102,-3.7261583697112997,-4.210327676644957,0.4841693069336577,307.4092382849429,310.33773504603886,314.2816030683482,297.0312875566518,0.4724632102975273,7.76686153033188,0.010850879105583341,-0.002611215269819594,0.00018022914305243157,0.7528470995088817,-0.013622902484812781,0.017541575480853604,-0.01145428809567023,-0.10492205894190958,0
GOOGL,2026-03-17,0.0,0.0,0.0,0.0,0,0,0,51.41399529365551,-3.025432529016996,-3.9733486471193653,0.9479161181023694,307.70690988057333,310.34546269282407,314.7577865799711,297.4652236739352,0.7557911708139822,7.634419896380393,0.017541575480853604,0.012636757557404388,0.030193039122941155,0.7227719822484727,-0.009436252312489358,-0.010388572511273042,-0.06586901377058306,-0.07513185458081899,0
GOOGL,2026-03-18,0.0,0.0,0.0,0.0,0,0,0,48.004711740126,-2.6992987194261104,-3.7185386615807148,1.0192399421546043,307.668992449611,310.22637697371215,314.85835746343076,297.8214215893036,0.5568698113475291,7.48432879779853,-0.010388572511273042,-0.0032719156286035267,0.015087770230902138,0.6680450589375647,-0.02203074371632714,-0.0018199794357318954,-0.054470384693225175,-0.03347512893382989,0
GOOGL,2026-03-19,0.0,0.0,0.0,0.0,0,0,0,47.4176526577089,-2.4576357160219118,-3.466358072468954,1.0087223564470422,307.58141994975966,310.09002811988705,314.87513952576575,298.2533852545077,0.5111431566134648,7.357085095735235,-0.0018199794357318954,0.011793865398239371,0.014846249016358387,0.8382394824773128,-0.00939849139201698,-0.019958977540516818,-0.08533843529073626,-0.03698756621728731,0
GOOGL,2026-03-20,0.0,0.0,0.0,0.0,0,0,0,41.44297795201514,-2.7286884207621824,-3.3188241421275997,0.5901357213654173,306.9191014017171,309.7189319267665,313.75445118442417,297.9999311397946,0.16675494068214564,7.463652920134445,-0.019958977540516818,-0.004234477079835222,-0.043711200617169196,1.505270759984092,-0.018041526278676834,0.0035216915163900978,-0.0885713740444067,-0.0033555146164612787,0
GOOGL,2026-03-23,0.0,0.0,0.0,0.0,0,0,0,42.785502578840536,-2.8254995237586513,-3.2201592184538104,0.39465969469515905,306.420690888756,309.4039067929963,313.14395362587686,297.69048546103716,0.2585377930682324,7.290803576087089,0.0035216915163900978,-0.01145428809567023,-0.029591089189677088,0.9986107185782345,-0.017727426306770596,-0.038469234161875206,-0.09455078275154669,0.011255922732367352,0
GOOGL,2026-03-24,0.0,0.0,0.0,0.0,0,0,0,33.67199095378102,-3.7949538049265357,-3.3351181357483557,-0.45983566917818,304.86445077342063,308.6461131806331,314.3008126915356,294.51200469127684,-0.2239566432442275,7.606853385356159,-0.038469234161875206,-0.06586901377058306,-0.06515131308744318,1.2316783736520962,-0.023593215080031094,0.0016870504569691143,-0.009915997806287345,0.09254927779070032,0
GOOGL,2026-03-25,0.0,0.0,0.0,0.0,0,0,0,34.307421114547694,-4.472211569549643,-3.5625368225086134,-0.9096747470410294,303.5030316102898,307.93722833278656,314.23052973810746,292.40999150212696,-0.08434447957591278,7.545766326287295,0.0016870504569691143,-0.054470384693225175,-0.06955966173243348,0.9851432821074393,-0.004257771381323378,-0.034406871354718115,0.022204757439124128,0.09473067095399901,1
GOOGL,2026-03-26,0.0,0.0,0.0,0.0,0,0,0,28.33525540474082,-5.749389729408108,-3.9999074038885123,-1.7494823255195957,301.31912007114016,306.8640805726466,316.6132020993492,287.4061948733071,-0.23399297200141211,7.893540460268375,-0.034406871354718115,-0.08533843529073626,-0.08543897582652651,1.3010620738233856,-0.019624535211925136,-0.023423004809119904,0.05286203218653651,0.12928944802041206,1
GOOGL,2026-03-27,0.0,0.0,0.0,0.0,0,0,0,25.22656056615172,-7.208756993376369,-4.641677321786084,-2.5670796715902853,298.71731073772804,305.5752978862806,318.5812561798169,281.7226805877612,-0.2095186369359642,7.826954667843559,-0.023423004809119904,-0.0885713740444067,-0.11940876731256568,1.2125219088129806,-0.02232606771328178,-0.0030618918484243804,0.09349701885718181,0.17121088795420494,1
GOOGL,2026-03-30,0.0,0.0,0.0,0.0,0,0,0,24.851720646915183,-8.336910310596636,-5.380723919548195,-2.9561863910484414,296.28339193699946,304.30415535466483,320.1456887048222,276.8818747717403,-0.0860005418712542,7.62316085556013,-0.0030618918484243804,-0.09455078275154669,-0.10709730823746948,1.1865008233301224,-0.035719747820619575,0.05140764466768592,0.11685548285683803,0.21722119843212084,1
GOOGL,2026-03-31,0.0,0.0,0.0,0.0,0,0,0,40.72740557453269,-8.005578414276442,-5.905694818493845,-2.0998835957825976,295.4186627383864,303.63355064866084,319.79302084962796,275.6558591552548,0.26163613048502576,8.118786281113417,0.05140764466768592,-0.009915997806287345,-0.05210338629758385,1.4607395086561683,-0.0043479596882277476,0.03418423706834446,0.10349149705475198,0.17234663097544897,1
GOOGL,2026-04-01,0.0,0.0,0.0,0.0,0,0,0,48.86160026201262,-6.871566672743825,-6.098869189343841,-0.772697483399984,295.5713211373719,303.37425752235004,319.4069396178322,275.489947589199,0.490280124934264,8.463439917653776,0.03418423706834446,0.022204757439124128,-0.018245192501674452,1.237836416523196,-0.002405511023892445,-0.005447454345885764,0.07095047541802706,0.129896598133138,1
GOOGL,2026-04-02,0.0,0.0,0.0,0.0,0,0,0,47.69981039771495,-6.0338596233893895,-6.085867276152951,0.05200765276356112,295.55534431030077,303.0616813235569,319.1389815406297,275.2686753197219,0.4589639523374735,8.474571554417658,-0.005447454345885764,0.05286203218653651,-0.016291611005788055,0.728541499696035,0.016648839555621155,0.014267777049570527,0.07259015283812117,0.15522195536594618,1
GOOGL,2026-04-06,0.0,0.0,0.0,0.0,0,0,0,50.97016934166839,-4.972554955043449,-5.863204811931051,0.8906498568876016,295.94229405697604,302.9266474148053,319.2463252685314,275.3291202881092,0.5530679006805937,8.257335195709896,0.014267777049570527,0.09349701885718181,0.005631618926812,0.5781871391019963,0.0391742708016176,0.018233953048785518,0.07106911839434388,0.1247709666422317,1
GOOGL,2026-04-07,0.0,0.0,0.0,0.0,0,0,0,54.906302944275346,-3.6485682298884967,-5.42027749552254,1.7717092656340432,296.81269871524023,303.01115312280314,319.13360675461826,275.351952327413,0.6790421931352023,8.231825795542903,0.018233953048785518,0.11685548285683803,-0.0029376545799345444,0.8001130931136292,0.043119062627389355,0.03882678971266327,0.08986455017309346,0.0878348233934639,1
GOOGL,2026-04-08,0.0,0.0,0.0,0.0,0,0,0,62.024856693086186,-1.6247504067234217,-4.661172077762716,3.036421671039294,298.7283350169138,303.55686789770544,320.94906410807033,274.56322226888284,0.9132885366357666,8.829511026472279,0.03882678971266327,0.10349149705475198,0.03348100863979161,1.1364956050571358,0.0394717020686613,0.0036870273257930144,0.06239752105428375,0.06933065384311694,1
GOOGL,2026-04-09,0.0,0.0,0.0,0.0,0,0,0,62.65121820488326,0.07259263845219266,-3.7144191345197344,3.787011772971927,300.57281720094284,304.12700633109813,322.68647189223265,273.8035976878455,0.9060801146058253,8.80379628889331,0.0036870273257930144,0.07095047541802706,0.03171350942051579,0.8047542442129034,0.03765026570186814,-0.003924745883041441,0.055040941731784886,0.06405234401607929,1
GOOGL,2026-04-10,0.0,0.0,0.0,0.0,0,0,0,61.48438532523018,1.3020016013326767,-2.7111349873492525,4.013136588681929,302.12273502425336,304.625827821867,324.6164649413621,273.2409111572707,0.8487702803494679,8.568036040299384,-0.003924745883041441,0.07259015283812117,0.045099745309279814,0.6556884290295124,0.0360306705625972,0.012829449259572002,0.07703949389165804,0.08561339284278138,1
GOOGL,2026-04-13,0.0,0.0,0.0,0.0,0,0,0,63.84548837964657,2.574647391230144,-1.653978511633373,4.2286259028635165,303.9121818095179,305.2644983492264,327.2857559019754,272.4722641175559,0.8837178689963358,8.395488610791327,0.012829449259572002,0.07106911839434388,0.06295493133972968,0.6512712482403256,0.041233476297918084,0.036102218010084404,0.050138545987016295,0.09034883462179484,1
GOOGL,2026-04-14,0.0,0.0,0.0,0.0,0,0,0,69.57098185251805,4.466603823523599,-0.42986204460197863,4.896465868125578,306.63459864611144,306.3324614960705,332.0804911741946,270.40914200451635,1.0067627419404739,8.650465596857078,0.036102218010084404,0.08986455017309346,0.08950784410488406,0.9500573364229372,0.05345725656568432,0.012646026536261575,-0.0018623660888017564,0.05067432870013437,0
GOOGL,2026-04-15,0.0,0.0,0.0,0.0,0,0,0,71.3446164103041,6.233427886670938,0.9027959416526049,5.330631945018333,309.49819225533594,307.52343679202727,336.87778800762203,268.2285993214796,0.997444158219328,8.501994125447938,0.012646026536261575,0.06239752105428375,0.08426605437868848,0.8496926365060642,0.03539882367509564,-0.0032630107580289133,0.006525930879387789,0.03802806510105717,1
GOOGL,2026-04-16,0.0,0.0,0.0,0.0,0,0,0,70.19334190957312,7.45901287976676,2.214039329275436,5.244973550491324,311.9844280608174,308.6246223379435,341.17164002839985,266.7642364364439,0.9251691156159201,8.277092754811799,-0.0032630107580289133,0.055040941731784886,0.09207316382873544,0.699799086477745,0.03198959231465698,0.016844318677508473,0.008541282075274475,0.14516996859433626,1
GOOGL,2026-04-17,0.0,0.0,0.0,0.0,0,0,0,72.6397967324225,8.785178821107024,3.528267227641754,5.25691159346527,314.77226189784517,309.90431100506765,346.29810918226036,265.08848749742714,0.937920830955028,8.13531733427477,0.016844318677508473,0.07703949389165804,0.11249310679618411,0.870762623162788,0.045153551524915146,-0.0124677403099309,0.007960617043060645,0.12880481911635525,1
GOOGL,2026-04-20,0.0,0.0,0.0,0.0,0,0,0,68.10873306491649,9.38467547862058,4.699548877837519,4.68512660078306,316.88937825448636,310.96696483398966,350.2488283346343,264.7752591897798,0.8450182340039366,7.915917827477019,-0.0124677403099309,0.050138545987016295,0.1209967812234924,0.6684831725279017,0.03296888730886072,-0.015203641151253916,0.038290460614399446,0.13582470009411493,1
GOOGL,2026-04-21,0.0,0.0,0.0,0.0,0,0,0,63.011427154248075,9.338693930352747,5.627377888340565,3.7113160420121822,318.31689712701296,311.78701822936324,352.94513767122487,265.09820339322823,0.7601872913567806,7.920501642815402,-0.015203641151253916,-0.0018623660888017564,0.10007940811115922,0.8321032559683047,0.013852482677457591,0.02115625128448406,0.052634719906383354,0.1689487685918579,1
GOOGL,2026-04-22,0.0,0.0,0.0,0.0,0,0,0,66.6904225454029,9.75634844332086,6.453171999336623,3.3031764439842366,320.2771571802067,312.85025781588024,356.3204180599422,266.6048688052922,0.8058219503851235,7.891943084421816,0.02115625128448406,0.006525930879387789,0.16829643357575477,0.7526793779830794,0.016101449606057656,-0.0012672598075310333,0.03129788637849241,0.17305196737740255,1
GOOGL,2026-04-23,0.0,0.0,0.0,0.0,0,0,0,66.2563195282228,9.938127157674842,7.150163031004268,2.787964126670574,322.00982352576733,313.8549596195161,359.11087369402014,268.6044735960189,0.7719418752367079,7.740578418980297,-0.0012672598075310333,0.008541282075274475,0.16485073649489784,0.7059027470905803,0.009677095549218036,0.01625887319346605,0.1354715854941714,0.17439281795403297,1
GOOGL,2026-04-24,0.0,0.0,0.0,0.0,0,0,0,69.03747024895705,10.406288555144897,7.801388135832394,2.6049004193125027,324.10158291561237,315.0360708940112,361.3837686439851,272.67171231304616,0.8037417658328765,7.892518067767692,0.01625887319346605,0.007960617043060645,0.22597174916699134,1.0247532066553158,0.005351038518877622,0.017247407734162744,0.11988980524636118,0.1637631165905457,1
GOOGL,2026-04-27,0.0,0.0,0.0,0.0,0,0,0,71.74145531004493,11.127751135845358,8.466660735834987,2.6610904000103712,326.5591411926225,316.4035169304899,362.724825973489,278.9212372589329,0.8470366085045272,8.074269259427163,0.017247407734162744,0.038290460614399446,0.2770284267772249,1.1240974137246713,0.009100979724275007,-0.0015984171248586438,0.09393733562956982,0.1093224166162119,1
GOOGL,2026-04-28,0.0,0.0,0.0,0.0,0,0,0,71.11095985484529,11.521571440201285,9.077642876708246,2.4439285634930386,328.7293800476034,317.69540446929113,362.13039521683623,287.13421659957004,0.8295413675388097,7.946979532949539,-0.0015984171248586438,0.052634719906383354,0.27890306554224165,1.1104663391096306,0.010808356158371215,0.0004574841551232067,0.1104980165349467,0.10741041342957534,1
GOOGL,2026-04-29,0.0,0.0,0.0,0.0,0,0,0,71.18887964999382,11.711569370466293,9.604428175459857,2.1071411950064363,330.70815049321857,318.94289722447826,362.5447934031549,292.9500918507513,0.8126535011178289,8.205457485587889,0.0004574841551232067,0.03129788637849241,0.2169287049791884,1.4362350304637352,0.000520196862591711,0.09961696127735922,0.1374521201596699,0.1505400332569957,1
GOOGL,2026-04-30,0.0,0.0,0.0,0.0,0,0,0,82.35460007173884,14.504369319888724,10.584416404345632,3.9199529155430923,335.8143497021978,321.50683232106735,371.936993971845,292.2880579080378,1.1555105294279422,10.180459986159857,0.09961696127735922,0.1354715854941714,0.293923651798973,2.7340644159835996,0.014411675002865491,0.0023130178860466476,0.03427759263823635,0.04228179861617545,1
GOOGL,2026-05-01,0.0,0.0,0.0,0.0,0,0,0,82.54064872062736,16.598081604051856,11.787149444286877,4.810932159764979,340.5189057991983,324.00508159164133,379.02627186226033,294.17964244438025,1.0729070429890195,10.0033178713433,0.0023130178860466476,0.11988980524636118,0.3040201103660991,1.1245458469305016,0.0093985361960296,-0.006326413831409025,0.039176453914171475,0.028753588890685484,1
GOOGL,2026-05-04,0.0,0.0,0.0,0.0,0,0,0,80.0488287804113,17.854897055914137,13.00069896661233,4.854198089301807,344.54331258041304,326.3097912155751,384.158830623701,297.3627697180959,0.9840585666295077,9.830266080734399,-0.006326413831409025,0.09393733562956982,0.27754264586098054,0.9654887321830439,0.003971084352194137,0.01351598613289545,0.014063950909754675,0.035720877442052906,1
GOOGL,2026-05-05,0.0,0.0,0.0,0.0,0,0,0,81.33693122598311,19.048814470731827,14.210322067436229,4.838492403295598,348.67716480954783,328.72700571638893,389.68650289583724,300.1218192477175,0.9805979116016719,9.810829916284444,0.01351598613289545,0.1104980165349467,0.2716231772371308,0.8755623838103587,0.016973756457879314,0.024740674488222238,-0.0027803769654677103,-0.0019823312923974057,0
GOOGL,2026-05-06,0.0,0.0,0.0,0.0,0,0,0,83.4692566133094,20.532800862682564,15.474817826485497,5.057983036197067,353.3314229229243,331.4258241196678,397.2897647089678,300.5805569463056,1.0026585916375528,9.924761290707249,0.024740674488222238,0.1374521201596699,0.25438042726763255,1.152727300842679,0.03126842176367531,-0.00012566386137641,0.011506341994851236,-0.022937377790551428,1
GOOGL,2026-05-07,0.0,0.0,0.0,0.0,0,0,0,83.4158350680313,21.457491035402768,16.671352468268953,4.786138567133815,357.5376605230848,334.016847398293,403.46759786490503,302.3428757679075,0.9409572652810986,9.74519410726803,-0.00012566386137641,0.03427759263823635,0.24961543073963746,0.8984527902740888,0.01797796014379439,0.007060478784974855,0.007738933952462381,-0.025955420651032894,1
GOOGL,2026-05-08,0.0,0.0,0.0,0.0,0,0,0,84.03404867309014,22.161315402604203,17.769345055136004,4.391970347468199,361.61059154748597,336.61632147205785,408.8098734325484,305.3462483936235,0.9177833064514099,9.45146790164439,0.007060478784974855,0.039176453914171475,0.2633968254671517,0.7858429775016259,0.023548182484361187,-0.030339304831852484,-0.010029928011000565,-0.04448598296138115,0
GOOGL,2026-05-11,0.0,0.0,0.0,0.0,0,0,0,71.59616673351938,21.49136798371967,18.513749640852737,2.9776183428669327,364.13896457160934,338.6375837006352,411.0621282458932,309.81865178340365,0.7737768323907994,9.655986677795726,-0.030339304831852484,0.014063950909754675,0.20954840417731985,1.1020892022224398,0.029651394830609783,-0.0033192396552670306,0.02135656879713453,0.0006174927342002762,1
GOOGL,2026-05-12,0.0,0.0,0.0,0.0,0,0,0,70.40564835351584,20.618786891696857,18.93475709102156,1.6840298006752974,366.30383624931324,340.5290556020809,413.3241688002367,312.99386708843514,0.7363303891109003,9.385040058539305,-0.0033192396552670306,-0.0027803769654677103,0.16352769272565734,0.9352180638799014,0.019909573878506504,0.03942167522813041,0.0008002707273668135,0.0038207109590942937,1
GOOGL,2026-05-13,0.0,0.0,0.0,0.0,0,0,0,75.58170375199477,20.916778228886415,19.331161318594532,1.5856169102918827,369.71501234963904,342.94443323740063,417.7852421728588,315.0746790917896,0.8474932236739778,10.04874038154743,0.03942167522813041,0.011506341994851236,0.1942928445430652,1.005846644893203,0.011555784371410159,-0.0038497478922465225,-0.034051906899045414,-0.031021787158202727,0
GOOGL,2026-05-14,0.0,0.0,0.0,0.0,0,0,0,74.16377124795966,20.78838700272189,19.622606455420005,1.1657805473018854,372.65387975607223,345.20438174249034,421.0423666084261,318.31449984665204,0.8007430005462218,9.836774105264473,-0.0038497478922465225,0.007738933952462381,0.19358981458773394,0.7545920291713724,0.02267693605077602,-0.010696420381563891,-0.03343559871339131,-0.051686807385048585,0
GOOGL,2026-05-15,0.0,0.0,0.0,0.0,0,0,0,70.23627261886543,20.10909158157284,19.719903480650572,0.38918810092226863,374.90478850605194,347.2076774243872,423.3026832674287,321.55735701577447,0.7344913753605454,9.697021989470043,-0.010696420381563891,-0.010029928011000565,0.1612620088230515,0.7319561230689302,0.0021013576114109443,0.000403293530461753,-0.034805148080035556,-0.051439061746880906,0
GOOGL,2026-05-18,0.0,0.0,0.0,0.0,0,0,0,70.29945350795974,19.360465850643095,19.64801595464908,-0.2875501040059838,376.9565459995232,349.1386799641171,424.56568446984534,326.23898166785,0.7140406270007179,10.00884493208204,0.000403293530461753,0.02135656879713453,0.17639735500183332,0.9533707249478448,-0.0008791906612106411,-0.023378900909688815,-0.020305421922687535,-0.0884012982710247,0
GOOGL,2026-05-19,0.0,0.0,0.0,0.0,0,0,0,62.07047186900613,17.813934180654257,19.281199599850115,-1.4672654191958578,377.9301814298142,350.63048537797835,423.28199241842543,333.0528128794261,0.5998824927224016,10.081522486158137,-0.023378900909688815,0.0008002707273668135,0.16663152486866883,1.3650145490815389,-0.0060283026242568035,0.003224533886966333,0.0030180249946697847,-0.07395658820511063,1
GOOGL,2026-05-20,0.0,0.0,0.0,0.0,0,0,0,62.70377647192329,16.498849649090403,18.724729609698173,-2.22587996060777,378.9299919735149,352.1127483882016,422.15841328762036,339.12924845554375,0.5937545413450009,10.14330040697209,0.003224533886966333,-0.034051906899045414,0.14614523123371745,1.074498019358906,-0.0014279408000573749,-0.003214169687889274,0.0031369384778380605,-0.042991935506047095,1
GOOGL,2026-05-21,0.0,0.0,0.0,0.0,0,0,0,61.596199782023476,15.180898309583142,18.015963349675168,-2.835065040092026,379.7156801681876,353.487923667785,419.8563956098972,346.3022225541653,0.5557467885940337,10.095083654082856,-0.003214169687889274,-0.03343559871339131,0.14391095835448414,0.8324893534594972,-0.007284493648601045,-0.012098189460873855,-0.018882558314130764,-0.04934734913914561,0
GOOGL,2026-05-22,0.0,0.0,0.0,0.0,0,0,0,57.492907083559686,13.601647392334144,17.133100158206965,-3.531452765872821,379.98042914584533,354.62547742330696,417.1290355034791,352.88180739202875,0.4609340809255419,9.871246691119286,-0.012098189460873855,-0.034805148080035556,0.11199197041481487,0.6916771600296026,0.008753053328125588,0.01543194165705119,-0.017233736414732415,-0.050768996077268695,0
GOOGL,2026-05-26,0.0,0.0,0.0,0.0,0,0,0,61.01703826550692,12.680204594924078,16.24252104555039,-3.5623164506263123,380.7821209757053,355.9498976560939,414.7332275117164,359.126840237307,0.5264027130124124,9.641282791937824,0.01543194165705119,-0.020305421922687535,0.11000741514835792,0.9401780643863975,0.016164684385910497,-0.00012862386139989276,-0.06950725039427888,-0.06275045116567633,0
GOOGL,2026-05-27,0.0,0.0,0.0,0.0,0,0,0,60.97096487167218,11.809787525469972,15.355974341534306,-3.546186816064335,381.50270336696997,357.22042073169746,410.69080869148536,367.0694177489444,0.4878069652356778,9.521914303597868,-0.00012862386139989276,0.0030180249946697847,0.11164150853238088,0.7886062614937558,0.02280130456154526,0.0033434718529365887,-0.07674300090488351,-0.08290791759312775,0
GOOGL,2026-05-28,0.0,0.0,0.0,0.0,0,0,0,61.77877379084053,11.096830929742907,14.504145659176027,-3.4073147294331196,382.278318996827,358.4920382512571,403.1204727259424,378.6537734898779,0.44930024620513814,9.320468878686015,0.0033434718529365887,0.0031369384778380605,0.11484822522830568,0.8479506105102194,0.01801008846955277,-0.02509425559733902,-0.04598462305044932,-0.08239902718856336,0
GOOGL,2026-05-29,0.0,0.0,0.0,0.0,0,0,0,52.8993965843081,9.631784224890225,13.529673372318868,-3.897889147428643,382.04883856037327,359.3303416301906,403.51431470284587,377.81448473563074,0.0799339793707734,9.487261724403046,-0.02509425559733902,-0.018882558314130764,-0.011590419949840806,1.6243385643535424,0.018526536246684332,-0.010437966055943585,-0.03105111532077824,-0.053754958811138585,0
GOOGL,2026-06-01,0.0,0.0,0.0,0.0,0,0,0,49.77515425581682,8.0578908141228,12.435316860679656,-4.377426046556856,381.463588891863,359.9802779208112,404.4075674907245,375.99038477978337,-0.003049835715571323,9.296138219432633,-0.010437966055943585,-0.017233736414732415,-0.02416453049058782,1.0513277678517647,0.017300532598057278,-0.0385790656030515,-0.03412333217482965,-0.018065675549313005,0
GOOGL,2026-06-02,0.0,0.0,0.0,0.0,0,0,0,40.38140520620276,5.576099795029052,11.063473447549535,-5.487373652520484,379.55293308129126,360.0360200761072,407.89595842652676,370.3646464318717,-0.23881242287210033,9.911256425216385,-0.0385790656030515,-0.06950725039427888,-0.05583819277022943,1.7702216029512754,0.011963900083050255,-0.007903880383817112,0.007261528079037284,0.03212090848730043,1
GOOGL,2026-06-03,0.0,0.0,0.0,0.0,0,0,0,38.82705903540858,3.3402643173279785,9.518831621505225,-6.178567304177246,377.55219917362365,359.9775576045258,410.68868031310507,364.6315711517387,-0.13214776636617,9.800427806668855,-0.007903880383817112,-0.07674300090488351,-0.07579231303843009,1.8446033102747348,0.005036879659085146,0.03676993669997217,-0.00667735711106061,0.013976223975023853,0
GOOGL,2026-06-04,0.0,0.0,0.0,0.0,0,0,0,48.65106691026045,2.6021656701469738,8.135498431233575,-5.533332761086601,376.99760042885146,360.4383950456627,409.92468989342166,362.81376530677363,0.18923736107842565,10.173352686847954,0.03676993669997217,-0.04598462305044932,-0.0649431910299493,1.4353383424346962,0.0032998159119212215,-0.009833744266495184,-0.038169619712575834,-0.010586567579684542,0
GOOGL,2026-06-05,0.0,0.0,0.0,0.0,0,0,0,46.424823193910775,1.7026231392333102,6.848923372833522,-5.146300233600212,376.14767898733885,360.7378079965374,409.1546925581099,360.6414133989214,0.15319541418052623,10.022400862724902,-0.009833744266495184,-0.03105111532077824,-0.0740219385852586,1.195431091920923,-0.025023781943842256,-0.013575540397461908,-0.02343141506156605,-0.050582412944831415,0
GOOGL,2026-06-08,0.0,0.0,0.0,0.0,0,0,0,43.49494133359249,0.5798454558188268,5.595107789430584,-5.015262333611757,374.90281714460866,360.8295264923074,407.9825729995428,358.09085229342594,0.09993195814219863,9.861872853526835,-0.013575540397461908,-0.03412333217482965,-0.09299647034419004,0.8823191360232243,-0.025470023194608834,0.0026148801050995206,0.01662495550459159,-0.04728747164796704,1
GOOGL,2026-06-09,0.0,0.0,0.0,0.0,0,0,0,44.21531529039302,-0.2306958342356893,4.429947064697329,-4.660642898933018,373.86693279694504,360.95487962963426,407.97405227415777,355.6861253381469,0.1594996521128094,10.212489436510493,0.0026148801050995206,0.007261528079037284,-0.06217170637913865,0.9344051986095698,-0.029648386824682908,-0.021632900626697368,0.02468016469930389,-0.052078211630138316,1
GOOGL,2026-06-10,0.0,0.0,0.0,0.0,0,0,0,39.69481726203827,-1.491306553448453,3.2456963410681725,-4.737002894516626,372.17970991431184,360.7664958217779,408.5938201473857,351.9944549990987,0.07343964935486506,10.436697610882629,-0.021632900626697368,-0.00667735711106061,-0.07940397382337722,1.013521196111998,-0.038197381506661604,0.0039002227780653535,0.020792419496263998,-0.03555203400340984,1
GOOGL,2026-06-11,0.0,0.0,0.0,0.0,0,0,0,40.843700100295884,-2.351160686415085,2.126324935571521,-4.477485621986606,370.78546717321666,360.6399728927989,406.15889427485524,349.97127845463694,0.13470731170358724,10.579220003507112,0.0039002227780653535,-0.038169619712575834,-0.11086464926327952,1.1004204661321482,-0.025531977146670274,0.005338653294043058,0.02867766780734108,-0.056963900949446714,1
GOOGL,2026-06-12,0.0,0.0,0.0,0.0,0,0,0,42.46575322270354,-2.845774136468094,1.131905121163598,-3.977679257631692,369.7057983083195,360.59326588099486,403.2180653186736,348.79968980827954,0.19569224887066497,10.653742437967495,0.005338653294043058,-0.02343141506156605,-0.10266334399412463,0.7607617348355957,0.00569453100680264,0.026885093191168292,-0.027802448596047195,-0.016764892889311243,0
GOOGL,2026-06-15,0.0,0.0,0.0,0.0,0,0,0,49.9484552260961,-2.429958433209322,0.41953241028901406,-2.849490843498336,369.64931870287694,360.92736378570766,400.34472503560187,348.95546417338255,0.39224728940611586,10.842865437288575,0.026885093191168292,0.01662495550459159,-0.06857545589611368,0.844207969122024,0.021116933098614284,0.010559080724264322,-0.06286726172370649,-0.03243540125011089,0
GOOGL,2026-06-16,0.0,0.0,0.0,0.0,0,0,0,52.62457900551444,-1.7655740660550236,-0.01748888497979345,-1.7480851810752303,369.96940776986486,361.40120261396424,397.1473018051203,349.80908857573905,0.49011493564591807,10.706536484293352,0.010559080724264322,0.02468016469930389,-0.0591199197956464,0.7596604689254556,0.01801782130491697,-0.025344929148803874,-0.07490959518277318,-0.032257256929672413,0
GOOGL,2026-06-17,0.0,0.0,0.0,0.0,0,0,0,46.175317785798505,-1.97908323860554,-0.40980775570494277,-1.569275482900597,369.35863897742234,361.4857176271115,395.46571787847296,349.12833424555043,0.3113684906762254,10.74341252486663,-0.025344929148803874,0.020792419496263998,-0.061013998071270004,0.7670777514914593,0.02140801815012589,0.011654985044087079,-0.05519677891757703,-0.0106655628877797,0
GOOGL,2026-06-18,0.0,0.0,0.0,0.0,0,0,0,49.18139637226515,-1.7857951110594286,-0.68500522677584,-1.1007898842835886,369.2095856559119,361.73308474375665,393.2776490108234,349.2529418094891,0.4211416377463493,10.747672580105725,0.011654985044087079,0.02867766780734108,-0.05312336605511543,1.362754087026879,0.014779536179954216,-0.049860021606623374,-0.08325403713617649,-0.004265980520849064,0
GOOGL,2026-06-22,0.0,0.0,0.0,0.0,0,0,0,39.02351582773301,-3.076883620753108,-1.1633809055712936,-1.9135027151818145,367.3282330506613,361.25160625579684,392.0681319952632,346.69002535336966,0.06094035542810818,11.858058419214613,-0.049860021606623374,-0.027802448596047195,-0.09743365409208798,1.5519787767600026,0.006144566346170028,-0.010152167234275852,0.011353202536662011,0.049616739356388995,1
GOOGL,2026-06-23,0.0,0.0,0.0,0.0,0,0,0,37.413574585302364,-4.336365761676177,-1.7979778767922703,-2.5383878848839068,365.28817788475016,360.64988263041636,391.5742471034927,343.52512118264013,0.04958534791825698,11.687762302795369,-0.010152167234275852,-0.06286726172370649,-0.09565573026263614,0.9797976887769478,-0.025648307191134166,-0.0024267951640898895,0.03247337248037046,0.045618755570283186,1
GOOGL,2026-06-24,0.0,0.0,0.0,0.0,0,0,0,37.02435151912787,-5.340686679934606,-2.5065196374207375,-2.8341670425138688,363.3624663516415,360.03883651891414,389.3113281939287,341.4550414349775,0.07550032810383196,11.6773934953366,-0.0024267951640898895,-0.07490959518277318,-0.1115607315201219,1.2649855312108886,-0.02025914917347493,-0.0045759359416725365,0.04610612976958477,0.039387222029866824,1
GOOGL,2026-06-25,0.0,0.0,0.0,0.0,0,0,0,36.2602062824554,-6.192646184421108,-3.2437449468208115,-2.948901237600296,361.4697740112322,359.38983103885255,386.4388022898609,339.8416634083813,0.07827805432947291,11.53784828553249,-0.0045759359416725365,-0.05519677891757703,-0.11551240649111481,1.214231911269919,-0.006435293517203424,-0.018387530169818117,0.04713279446568748,0.03919006732202895,1
GOOGL,2026-06-26,0.0,0.0,0.0,0.0,0,0,0,33.29970585610927,-7.293398270236196,-4.0536756115038886,-3.2397226587323074,359.1558220871714,358.51859369648946,383.09148529475584,337.94164153629885,-0.017018059504606244,11.86725856125798,-0.018387530169818117,-0.08325403713617649,-0.13466915811490998,2.786904164916678,-0.023769987187145167,0.04819344609319605,0.08616133565352889,0.04481461455289744,1
GOOGL,2026-06-29,0.0,0.0,0.0,0.0,0,0,0,45.60479603321884,-6.776435443743367,-4.598227577951784,-2.178207865791583,358.6098219879095,358.31875947485935,380.1178370343764,338.2706944597642,0.36208270512477414,12.230247576816785,0.04819344609319605,0.011353202536662011,-0.06961865557371176,0.8416922013595084,-0.004554083990552379,0.010518904349803846,0.03783399975770573,0.016570130332038996,1
GOOGL,2026-06-30,0.0,0.0,0.0,0.0,0,0,0,47.96974437461628,-5.997620905710448,-4.878106243503517,-1.1195146622069316,358.4698810266354,358.27255094229747,377.73115568536554,338.7810482941266,0.471356687569345,11.94342426282837,0.010518904349803846,0.03247337248037046,-0.04991510936412761,0.8599221030229347,0.01798031862118026,0.010745141025489846,0.0127319342467233,0.037915954656236324,1
GOOGL,2026-07-01,0.0,0.0,0.0,0.0,0,0,0,50.368516773147704,-5.012962315466439,-4.905077457896102,-0.10788485757033683,358.7087462915838,358.3786456625444,377.69715216003,338.7726781622356,0.5704711166454399,11.5571659251891,0.010745141025489846,0.04610612976958477,-0.0011724808402613284,0.6718801771296847,0.017074927306198976,-0.0035990114068312484,-0.00642277829038039,-0.018687197373535806,0
GOOGL,2026-07-02,0.0,0.0,0.0,0.0,0,0,0,49.535889752922884,-4.288015379099193,-4.78166504213672,0.49364966303752755,358.8011325962172,358.42963220480675,377.76371560739994,338.81947225881095,0.5356203751273856,11.50187169451783,-0.0035990114068312484,0.04713279446568748,0.0031615967915048417,0.6778380986564929,0.014272152632611826,0.018198949512364504,-0.007585214774704299,-0.03650913311649332,0
GOOGL,2026-07-06,0.0,0.0,0.0,0.0,0,0,0,53.68973694739397,-3.1490005434905015,-4.455132142407477,1.3061315989169753,359.5081274782367,358.73531638726223,376.8667006062372,339.1660539103644,0.7177204456288453,11.433395896213753,0.018198949512364504,0.08616133565352889,-0.01480738600945602,0.7184620164704241,0.030576605112689694,0.0015554420597832731,-0.03806683201050761,-0.03948586248495577,0
GOOGL,2026-07-07,0.0,0.0,0.0,0.0,0,0,0,54.04425029999842,-2.175282500361675,-3.9991622139983165,1.8238797136366416,360.2020410489478,359.05135182190696,376.67405122004277,339.2307827643323,0.7361386530391723,11.163516396634776,0.0015554420597832731,0.03783399975770573,-0.0034754079875433525,0.6535586733998735,0.009055360286985493,-0.013922491618141871,-0.020488699956477653,-0.05416447952523618,0
GOOGL,2026-07-08,0.0,0.0,0.0,0.0,0,0,0,50.32494791326775,-1.7949796878990583,-3.558325708778465,1.763346020879407,360.3435162364364,359.15473137859993,376.53822927512334,339.2276947971423,0.6019703559510943,11.067100892955073,-0.013922491618141871,0.0127319342467233,-0.0038259116883291536,0.6053466884330597,-0.0018345609509704882,-0.008371993499371445,0.024867410178237407,-0.05479119291562776,1
GOOGL,2026-07-09,0.0,0.0,0.0,0.0,0,0,0,48.20646515902373,-1.7181195344559796,-3.190284473913968,1.4721649394579885,360.1831322961359,359.13530994662665,376.0619687829269,339.16730062625277,0.5283198145123419,11.050383474094998,-0.008371993499371445,-0.00642277829038039,-0.01474220568466614,0.6820105785812252,0.007978454367513217,-0.004764751559533357,-0.012343699931095829,-0.11479845146850634,0
GOOGL,2026-07-10,0.0,0.0,0.0,0.0,0,0,0,47.00386835338512,-1.7746461247151615,-2.9071568040742073,1.1325106793590458,359.8752684130218,359.0496335378741,376.09254596168904,339.21667034690466,0.48090766336739993,10.699361115387976,-0.004764751559533357,-0.007585214774704299,0.0022447467125904183,0.5104594236080949,0.013655015588639552,-0.013074617861873188,-0.029144989345581726,-0.10482111144511257,0
GOOGL,2026-07-13,0.0,0.0,0.0,0.0,0,0,0,43.790959564468515,-2.1710051249214644,-2.759926468243659,0.5889213433221947,359.1522494532994,358.78429768681775,375.9780160801418,338.8055410487645,0.36258086866145434,10.390542934636827,-0.013074617861873188,-0.03806683201050761,-0.014702101661028163,0.46002891797130424,-0.002808601725635577,0.019857621884558304,-0.0014751861373218194,-0.07361498482106318,0
GOOGL,2026-07-14,0.0,0.0,0.0,0.0,0,0,0,49.37672005558087,-1.8987553098462513,-2.5876922365641777,0.6889369267179264,359.164328862695,358.80370104231326,375.9659100480186,338.8006609969033,0.5510099562869819,10.295802819636078,0.019857621884558304,-0.020488699956477653,-0.00047255901745080816,0.5332071037432797,0.005510150989173405,0.03173766571699631,-0.034380184860820104,-0.07176439839539374,0
GOOGL,2026-07-15,0.0,0.0,0.0,0.0,0,0,0,56.895844214304944,-0.7542004813587369,-2.22099388552309,1.466793404164353,360.2612273229443,359.2695073816466,376.2538373292873,338.66963374004865,0.8517442408818199,10.694658162285753,0.03173766571699631,0.024867410178237407,0.0042507342030693954,0.8252895520539161,0.012624058004194673,-0.04437624006915573,-0.07772576462355411,-0.09223018976659943,0
GOOGL,2026-07-16,0.0,0.0,0.0,0.0,0,0,0,46.22850082844139,-1.1610824790168408,-2.00901160422184,0.8479291252049994,359.687043749777,359.071969829609,373.93982782710265,339.105847832077,0.43424414823602053,11.57041444807926,-0.04437624006915573,-0.012343699931095829,-0.05034165657623458,1.1730595182667576,-0.001317065411650536,-0.021694968522032853,-0.10373522806492777,-0.05868076148112718,0
GOOGL,2026-07-17,0.0,0.0,0.0,0.0,0,0,0,42.24360605219762,-2.079686068945307,-2.023146497166534,-0.05653957177877311,358.43563398417325,358.5808040014258,373.2924550679246,338.052311167427,0.24105832449198836,11.67906964024805,-0.021694968522032853,-0.029144989345581726,-0.046785305549040736,0.8473314093518478,-0.015444776463544117,0.015053198140839018,-0.0779479131992328,0.026992002226202617,0
GOOGL,2026-07-20,0.0,0.0,0.0,0.0,0,0,0,45.66731575852807,-2.3595470459125067,-2.0904266069157282,-0.2691204389967785,357.80022936644696,358.31347386403843,371.65088702731407,338.0909098476859,0.4074190985642518,11.766400878001695,0.015053198140839018,-0.0014751861373218194,-0.04358339708559509,0.719703036595203,-0.009450400064329005,-0.013750369905294702,-0.07224637553540295,0.06113815532231146,0
GOOGL,2026-07-21,0.0,0.0,0.0,0.0,0,0,0,43.11527772433858,-2.9377701790754145,-2.2598953213476656,-0.6778748577277489,356.7646838985115,357.86694555380654,371.7226897405769,337.7662689996574,0.26977910962295115,11.28214232191331,-0.013750369905294702,-0.034380184860820104,-0.007235205031825296,0.7103646493746837,-0.004721795768024684,-0.01457586946776701,-0.03871525102163034,0.08785827434372522,0
GOOGL,2026-07-22,0.0,0.0,0.0,0.0,0,0,0,40.563135896510225,-3.760703616033311,-2.560056980284795,-1.200646635748516,355.3461653613021,357.2396237382774,372.0248263140846,337.0603909710716,0.1375640201122836,11.062326255588951,-0.01457586946776701,-0.07772576462355411,-0.011671943382366823,1.186025415325335,-0.009803824059031567,-0.0713262081960265,-0.015726802925514916,0.05945804132755791,0
GOOGL,2026-07-23,0.0,0.0,0.0,0.0,0,0,0,31.025933193490047,-6.3077819659378065,-3.3096019774153973,-2.998179988522409,351.7404287932242,355.6806554111483,376.7157075749809,329.61128217111286,-0.2574142592902279,12.213054681549744,-0.0713262081960265,-0.10373522806492777,-0.07993282153531446,2.0188505385436444,-0.016703935577468115,0.006452807304242208,0.05026914812966057,0.12609778034617405,1
GOOGL,2026-07-24,0.0,0.0,0.0,0.0,0,0,0,32.46268163729046,-8.068045508162697,-4.261290683564857,-3.8067548245978404,348.67320766373564,354.2631633139893,379.4690472121477,324.462483549571,-0.08958706539470486,11.830377838300327,0.006452807304242208,-0.0779479131992328,-0.06973899053738747,0.9423754755894832,-0.0058657932710645365,0.021329811059824212,0.11381126611788729,0.10808776267822676,1
GOOGL,2026-07-27,0.0,0.0,0.0,0.0,0,0,0,37.15293510426884,-8.81153022006032,-5.17133859086395,-3.6401916291963694,346.5472088125763,353.1685380752667,380.45437008071843,322.39485477279715,0.06812604157626696,11.747718638340658,0.021329811059824212,-0.07224637553540295,-0.03209939743823909,0.967113205329331,-0.0040426361916116775,0.02189493319708049,0.14377150068768538,0.09480650737003457,1
GOOGL,2026-07-28,0.0,0.0,0.0,0.0,0,0,0,41.72236215880322,-8.723611472533719,-5.8817931671979045,-2.8418183053358144,345.3042018767431,352.39705171883776,380.465679396926,320.39082695073023,0.21814134370675015,11.725214025861126,0.02189493319708049,-0.03871525102163034,-0.05638341349796679,1.0105195468668,-0.009916132537019303,0.008989854945811145,0.13167120928515183,0.03023576624601882,1
GOOGL,2026-07-29,0.0,0.0,0.0,0.0,0,0,0,43.5760649701291,-8.316152018254115,-6.3686649374091475,-1.9474870808449678,344.46510773409193,351.7733913917817,379.8558524751435,318.9359810209503,0.2882102660239188,11.664342763787273,0.008989854945811145,-0.015726802925514916,-0.057811230803489565,0.9543235280846438,-0.024016205050563205,-0.009058221734254314,0.07638615424715582,0.020284547042659928,1
GOOGL,2026-07-30,0.0,0.0,0.0,0.0,0,0,0,42.10956953222882,-8.145294504588094,-6.723990850844936,-1.4213036537431574,343.4156383033153,351.05465756116035,378.7484523755879,317.29015236074025,0.2628697238012483,11.285883237868713,-0.009058221734254314,0.05026914812966057,-0.07627137988283578,1.0406533680490162,0.004754951096550031,0.06734400185679607,0.07219923802536767,0.03806267199250839,1
GOOGL,2026-07-31,0.0,0.0,0.0,0.0,0,0,0,54.30927954453245,-6.1272806765211385,-6.604648815980177,0.47736813945903833,344.60474371416024,351.24471981825945,378.31606335557234,317.3447856434511,0.6323708624868015,12.25860403175842,0.06734400185679607,0.11381126611788729,-0.010502585492647817,1.5491257224561765,0.010961845778870402,0.04880240147375635,-0.005138665421844233,-0.02872552385610502,0
GOOGL,2026-08-03,0.0,0.0,0.0,0.0,0,0,0,61.13211647354052,-3.090841024091958,-5.901887257602533,2.8110462335105755,347.33477579532655,352.1084594554417,379.65719755984037,316.70820161008146,0.8985350457609868,12.850616987615481,0.04880240147375635,0.14377150068768538,0.01923820004371504,1.2635779727924217,0.02513896193909929,0.011084009453113542,-0.04281011835686665,-0.079007292266391,0
GOOGL,2026-08-04,0.0,0.0,0.0,0.0,0,0,0,62.56607439958837,-0.34659748176107996,-4.790829302434243,4.4442318206731635,350.1988361641496,353.10057515005064,381.74450531830587,315.68221282134255,0.9343483932148361,12.862117602621623,0.011084009453113542,0.13167120928515183,0.02893499711667575,1.1449147286917463,0.04112792206454802,-0.0403018997668451,-0.08963331593741546,-0.08857403553327814,0
GOOGL,2026-08-05,0.0,0.0,0.0,0.0,0,0,0,54.59208339853873,0.5940485791743413,-3.7138537261125264,4.307902305286868,351.3415350125416,353.45730451954927,381.8107455407184,315.66693695439875,0.7034707875513928,13.921410741411423,-0.0403018997668451,0.07638615424715582,0.0014090713991665553,1.4470958123575177,0.055287411016198586,-0.012912777267041087,-0.052120335237621475,-0.048864567880107956,0
GOOGL,2026-08-06,0.0,0.0,0.0,0.0,0,0,0,52.38139586768774,0.951160465912892,-2.7808508877074427,3.7320113536203348,351.9299795481775,353.6166338574775,381.68909606717614,315.6746582052848,0.633884734714835,13.44454876205159,-0.012912777267041087,0.07219923802536767,-0.003176501039688905,0.7776076698621517,0.036228067020911796,-0.009643692624860204,-0.03183789432244647,-0.04774284260255589,0
GOOGL,2026-08-07,0.0,0.0,0.0,0.0,0,0,0,50.749860622043975,0.9450701771097556,-2.0356666747440033,2.980736851853759,352.13401841933324,353.63450655700046,381.4246063883416,315.65133050130686,0.5841438893813592,12.849702855071195,-0.009643692624860204,-0.005138665421844233,-0.008063228184433092,0.610342468079217,0.035112350829374785,0.009088414275721145,-0.023708689456970564,-0.026756892890720106,0
GOOGL,2026-08-10,0.0,0.0,0.0,0.0,0,0,0,52.24492480363414,1.1862316388584304,-1.3912870120235166,2.577518650881947,352.6250970687569,353.7778727405801,381.86088175675803,315.7157326231248,0.6285360628813936,12.28164168668375,0.009088414275721145,-0.04281011835686665,0.014212342947988276,0.580893470033404,0.020272739758967234,-0.038375546328951314,-0.03781608498345959,-0.026460044637328116,0
GOOGL,2026-08-11,0.0,0.0,0.0,0.0,0,0,0,45.85727657656703,0.2678855847153727,-1.0594524926757387,1.3273380773911114,351.7635765936446,353.37792212644274,380.78663051862264,315.2199887440726,0.43252395682423417,12.413018847467407,-0.038375546328951314,-0.08963331593741546,-0.04369848372404422,0.8750472023840025,-0.0009983010050032954,-0.0007561464545453657,0.0011635755379471738,0.009191447346741335,1
GOOGL,2026-08-12,0.0,0.0,0.0,0.0,0,0,0,45.743155847577995,-0.47539361534273894,-0.9426407172091388,0.46724710186639984,350.9593631978213,352.9834677660921,377.76049278442247,315.5098838024916,0.44673381658130457,11.926118140131413,-0.0007561464545453657,-0.052120335237621475,-0.07381649034701354,0.7563140063836276,0.0035074660415172912,0.008208615054656544,0.0034347897507957413,-0.004482800184321835,1
GOOGL,2026-08-13,0.0,0.0,0.0,0.0,0,0,0,47.27595461383918,-0.827505495706589,-0.9196136729086289,0.0921081772020399,350.5001392939365,352.7149989206387,377.1599758971443,315.3009219300041,0.498497605433922,11.387622212284708,0.008208615054656544,-0.03183789432244647,-0.022851636065145557,0.5599552439485118,0.012126583941168768,-0.0013281334171028388,-0.016427980590067177,-0.016485729354552198,0
GOOGL,2026-08-14,0.0,0.0,0.0,0.0,0,0,0,47.042486388311254,-1.1306189299793914,-0.9618147243227815,-0.16880420565660992,350.0408684478622,352.4390301555218,377.11704441806836,315.25690882900193,0.4917688312750984,10.998948486487299,-0.0013281334171028388,-0.023708689456970564,-0.0025088810337752275,0.5689873066874783,0.003983158382621264,-0.005492898932389997,-0.0031222273524631485,0.0019948495520063707,0
GOOGL,2026-08-17,0.0,0.0,0.0,0.0,0,0,0,46.03135261838706,-1.5066855058174724,-1.0707888806217196,-0.4358966251957528,349.44450214014165,352.099422001062,376.6255475798717,314.9499193390736,0.46743103718646833,10.593065728338313,-0.005492898932389997,-0.03781608498345959,-0.02269949705025741,0.5904895646698012,-0.00046575989686485717,0.000581449488772743,0.011802359371114885,-0.013517413435708687,1
GOOGL,2026-08-18,0.0,0.0,0.0,0.0,0,0,0,46.16254415911316,-1.7682087038347731,-1.2102728452643303,-0.5579358585704428,348.92396977951057,351.78097064233475,376.4831344229008,314.79752353608365,0.47306638287128244,10.1704886364589,0.000581449488772743,0.0011635755379471738,-0.008497723103166543,0.6255612121367659,-0.004036006750176536,0.0015107127258383777,0.008018541629903595,-0.026670627097491274,1
GOOGL,2026-08-19,0.0,0.0,0.0,0.0,0,0,0,46.52646773971907,-1.9115014436372348,-1.3505185649389113,-0.5609828786983235,348.50250272182654,351.49538613376586,376.5715436114799,314.9719469891061,0.4793313642251607,9.877318603359154,0.0015107127258383777,0.0034347897507957413,0.007688081950981236,0.6624206729439626,-0.004440177502805678,-0.01174865210515914,-0.007890487768601205,-0.022046893798120196,0
GOOGL,2026-08-20,0.0,0.0,0.0,0.0,0,0,0,44.030028101278766,-2.3248533639742845,-1.5453855247459862,-0.7794678392282983,347.7357093078431,351.0622796922457,375.009111973211,318.8309026752265,0.3848515192980554,9.610799480862465,-0.01174865210515914,-0.016427980590067177,0.07233467126401913,0.6815333399146133,-0.019643170156015174,0.01218189041425957,-5.871330552862413e-05,0.005313061137851312,0
GOOGL,2026-08-21,0.0,0.0,0.0,0.0,0,0,0,47.15878979657109,-2.2913686812265723,-1.6945821560421035,-0.5967865251844688,347.4369284920664,350.8087985569493,373.34862000087656,322.9977850284203,0.4290043199002276,9.338334706828714,0.01218189041425957,-0.0031222273524631485,0.07843877709872776,0.7808875836931203,-0.013679645239161277,0.009396195683169847,0.005133103620998026,-0.017813539802851698,1
GOOGL,2026-08-24,0.0,0.0,0.0,0.0,0,0,0,49.53084108359141,-1.9807265627813422,-1.7518110373899514,-0.22891552539139082,347.474975852941,350.69223491868655,372.35507095881024,326.1399546759554,0.4694669807277688,9.321608239901934,0.009396195683169847,0.011802359371114885,0.06583787831578616,0.9904013994414452,-0.011906780916194851,-0.0031604056324741813,-0.025024425543503436,-0.027243956432691483,0
GOOGL,2026-08-25,0.0,0.0,0.0,0.0,0,0,0,48.73101801717282,-1.8024673854438902,-1.7619423070007392,-0.04052507844315101,347.40470401761627,350.53713243489614,371.9059950298828,327.91317916445314,0.4278867366698914,8.981283968662622,-0.0031604056324741813,0.008018541629903595,0.03970512404619882,0.7896529109550008,-0.0020066962512270458,-0.014295607012993095,-0.03441322485130544,-0.04639574676096794,0
GOOGL,2026-08-26,0.0,0.0,0.0,0.0,0,0,0,45.187714653218535,-2.0376803491051874,-1.817089915421629,-0.22059043368355846,346.86904686880314,350.19372739647196,371.63975918803743,328.7080740639157,0.30448909362324583,8.823739099741841,-0.014295607012993095,-0.007890487768601205,0.015710815287116372,0.7915984801684461,-0.0038748348350064314,-0.0039473342323650155,-0.014268995362900183,-0.026860230812976022,0
GOOGL,2026-08-27,0.0,0.0,0.0,0.0,0,0,0,44.244746046130544,-2.3063647771264186,-1.914944887762587,-0.39141988936383165,346.2559169633293,349.8108825127408,371.0977345431206,329.9486491238715,0.25474524234633383,8.441883292777698,-0.0039473342323650155,-5.871330552862413e-05,0.0209494517289766,0.9188428301254313,0.011146079559560823,0.01743726204587634,0.0053720898565330095,-0.0056727554893664855,1
GOOGL,2026-08-28,0.0,0.0,0.0,0.0,0,0,0,49.261847519763656,-2.0170471183269,-1.9353653338754497,-0.08168178445145036,346.266531595914,349.67584283010274,370.5421644466642,329.55083176915616,0.41024620908555726,8.472057924461735,0.01743726204587634,0.005133103620998026,-0.02678797740249415,1.0388232909823503,0.004740642822047903,-0.020889241240744524,-0.022829457453131634,,0
GOOGL,2026-08-31,0.0,0.0,0.0,0.0,0,0,0,44.0579571741973,-2.344566489001636,-2.017205564900687,-0.3273609241009492,345.5870542099192,349.26235954433275,366.3500497854153,330.32914027806123,0.24438246799710348,8.540050016985948,-0.020889241240744524,-0.025024425543503436,-0.09145673146809902,1.3874092781974867,0.004689139360054592,-0.012759750619967572,-0.002276498968115516,,0
GOOGL,2026-09-01,0.0,0.0,0.0,0.0,0,0,0,41.25128947219782,-2.9196442118110895,-2.1976932942827676,-0.7219509175283219,344.56017086161586,348.6953956034858,359.3957183996472,333.0232086023059,0.06755407293878776,8.379758995959055,-0.012759750619967572,-0.03441322485130544,-0.11288233755854142,0.9923368487635092,-0.005392205340662025,0.006268319514482107,-0.012409575418860997,,0
GOOGL,2026-09-02,0.0,0.0,0.0,0.0,0,0,0,43.1430521731921,-3.169516643956854,-2.3920579642175848,-0.7774586797392691,343.8309586255394,348.2329660654202,356.50672387940836,333.3828299535994,0.152249981794099,8.293731962573828,0.006268319514482107,-0.014268995362900183,-0.06983414973968438,1.0123976945860567,-0.00120097630115393,0.015899414220665653,-0.012773500469036523,,0
GOOGL,2026-09-03,0.0,0.0,0.0,0.0,0,0,0,47.76630408382645,-2.901861275140675,-2.494018626402203,-0.40784264873847187,343.6813444484047,347.9987324850361,354.2397596785114,334.12377486738706,0.40446614842036077,8.24097509774868,0.015899414220665653,0.0053720898565330095,-0.04268344210634677,0.9387051178172142,0.0026844863049642932,-0.011102723666574648,-0.010985828488112893,,0
MSFT,2024-11-20,0.0,0.0,0.0,0.0,0,0,0,45.55030877144977,-1.0352258867835076,-0.7249969730788792,-0.31022891370462835,413.08359322385854,415.033601876522,428.4092507957996,399.10945342783316,0.3385395952845255,7.902700778531703,-0.005505131873039612,-0.022836368376583767,-0.021455547245498332,0.8386433970653846,-0.011202716229737612,-0.004316853575630441,0.02008871265038276,0.06742868730838782,1
MSFT,2024-11-21,0.0,0.0,0.0,0.0,0,0,0,44.026670517537774,-1.3734902300934664,-0.8546956244817967,-0.5187946056116697,412.5292394328214,414.72886762324543,427.9834071462177,398.4490940744854,0.2984252358291395,8.006872744506143,-0.004316853575630441,-0.03090634927032172,-0.02597795493608295,0.8939969841870347,0.0005392747264075706,0.010003154694687749,0.025649765945632844,0.07435757752418662,1
MSFT,2024-11-22,0.0,0.0,0.0,0.0,0,0,0,48.3217741298347,-1.2978752825485458,-0.9433315560951465,-0.35454372645339927,412.41567300990386,414.5958450494785,426.9930267234168,398.42398377463013,0.4519860269980021,7.881659969653638,0.010003154694687749,0.00683053312997554,-0.024092781056863008,1.0496903014704786,0.016662510521074318,0.004292555564029842,0.033525305586213014,0.06959240234432382,1
MSFT,2024-11-25,0.0,0.0,0.0,0.0,0,0,0,50.10868864744857,-1.0829897535188593,-0.9712631955798892,-0.11172655793897013,412.4810830115648,414.53728163684576,426.2620042028198,398.46965473272707,0.5265054438942997,7.757639396522817,0.004292555564029842,0.009303924317166427,-0.016319604264711633,1.1404732055038969,0.015948486990688154,0.021968091998680314,0.029633048085692785,0.05859746159691301,1
MSFT,2024-11-26,0.0,0.0,0.0,0.0,0,0,0,58.12341625058815,-0.1783529151185803,-0.8126811394876274,0.6343282243690471,413.4045561789902,414.83690005381385,425.59790898275224,398.8282476334587,0.8722300716250465,7.925724545517572,0.021968091998680314,0.02646468569276372,-0.007184358341357459,0.9547354412293488,0.01753357043185078,-0.011682521663789438,0.022033243809380338,0.04906651870179329,1
MSFT,2024-11-27,0.0,0.0,0.0,0.0,0,0,0,53.12819020718826,0.1389969063565104,-0.6223455303187999,0.7613424366753103,413.7703558648825,414.9313531058549,423.89077477848735,399.6795651873329,0.725527059166187,7.780238951445294,-0.011682521663789438,0.02008871265038276,-0.02009885805168063,0.7638415659157248,0.014106959049164758,0.0011111518260389127,0.04640770363491904,0.06281474681032063,1
MSFT,2024-11-29,0.0,0.0,0.0,0.0,0,0,0,53.53246034271295,0.42303297072317037,-0.4132698301104059,0.8363028008335762,414.14547206134455,415.0402834125953,423.75085036414174,401.5873271260926,0.7274000901609736,7.723355094890913,0.0011111518260389127,0.025649765945632844,0.04419254625690197,0.735775352006942,0.014957988201316686,0.017758550489640503,0.04748971159140854,0.05622717852380688,1
MSFT,2024-12-02,0.0,0.0,0.0,0.0,0,0,0,59.5447020757906,1.2324893862033832,-0.08411798684764812,1.3166073730510313,415.1913303071763,415.4358402843593,425.31503969812417,402.13701718664146,0.9918864495254988,7.995347128198276,0.017758550489640503,0.033525305586213014,0.052325277036324155,0.9221074054887267,0.013635362826063877,0.0005103886340255787,0.03489715884378239,0.047821189685038526,1
MSFT,2024-12-03,0.0,0.0,0.0,0.0,0,0,0,59.70891925787541,1.86994236673155,0.3066940838681915,1.5632482828633585,416.15824776583065,415.82439414077845,426.24147322514676,403.5341890062985,0.9604748153301879,7.757520445563607,0.0005103886340255787,0.029633048085692785,0.05778561644750503,0.8377875030866176,0.010677102200437513,0.014424863379254683,0.02813081181210261,0.05394244131605632,1
MSFT,2024-12-04,0.0,0.0,0.0,0.0,0,0,0,64.14146053189188,2.837505329646035,0.8128563330237603,2.024648996622275,417.61741390122774,416.43831955437537,428.7654209870337,403.6520686369898,1.1080728356229024,7.80019553700636,0.014424863379254683,0.022033243809380338,0.065220447514459,1.1681844956642702,0.011670593886479185,0.011887851234057964,0.02645048490952505,-6.860592755214051e-05,1
MSFT,2024-12-05,0.0,0.0,0.0,0.0,0,0,0,67.3730526161765,3.9724112722834093,1.4447673208756902,2.527643951407719,419.4261226916986,417.22932099150466,432.6642904977315,402.04952175812787,1.1288451902737273,7.8412308039060346,0.011887851234057964,0.04640770363491904,0.05551424857278185,0.9855645575031958,0.01307524983003486,0.002146322178706781,0.015679398305658728,-0.012629310022458554,1
MSFT,2024-12-06,0.0,0.0,0.0,0.0,0,0,0,67.94148132867296,4.891067627661528,2.134027382232858,2.7570402454286698,421.15182143274217,418.02605191233414,435.95425473189647,400.63275393509576,1.0450633383308545,7.586229451749793,0.002146322178706781,0.04748971159140854,0.044726213351985254,0.8569972130852893,0.008729350841172913,0.005523415299704146,0.008341339142246915,-0.015713402316972002,1
MSFT,2024-12-09,0.0,0.0,0.0,0.0,0,0,0,69.42110073315177,5.7478629909971914,2.856794503985725,2.8910684870114665,422.94333439338874,418.886312916538,439.46755761462936,399.51882849376904,1.0123946347180126,7.596045173812333,0.005523415299704146,0.03489715884378239,0.057681650009133945,0.8672743288942021,0.0017392793883267575,-0.006031131400546783,0.012488227193217198,-0.024147068905792435,1
MSFT,2024-12-10,0.0,0.0,0.0,0.0,0,0,0,65.82866052082778,6.141965645533958,3.5138287322953716,2.628136913238586,424.31151536726986,419.6087804342871,441.8320078430285,399.7343648376355,0.8925646924387549,7.618547059950734,-0.006031131400546783,0.02813081181210261,0.06269569461283939,0.8482938933353628,-0.0018377997809039008,0.012766936810965775,0.02510539437920371,-0.009022767949389762,1
MSFT,2024-12-11,0.0,0.0,0.0,0.0,0,0,0,69.41500388335,6.826117069015538,4.176286399639405,2.649830669376133,426.08111714032754,420.5218609656631,445.1285183646869,399.0819552681256,0.9514364541035877,7.568982633633539,0.012766936810965775,0.02645048490952505,0.06349123647424129,0.8822617831837224,-0.00032904539012021226,0.0012695780301606263,-0.02583572342451051,-0.024232161963566246,0
MSFT,2024-12-12,0.0,0.0,0.0,0.0,0,0,0,69.75923452947175,7.329197387351826,4.806868597181889,2.5223287901699365,427.73573649470853,421.42118486353235,448.0987853876034,398.5983886846622,0.9061792362161142,7.533530961483974,0.0012695780301606263,0.015679398305658728,0.059406928074297705,0.9588429896210825,-0.0038405706776920806,-0.005093963500820068,-0.027871696891107026,-0.04233025105220719,0
MSFT,2024-12-13,0.0,0.0,0.0,0.0,0,0,0,66.5201203060177,7.459624543426344,5.337419786430781,2.122204756995563,429.017635753397,422.19665521048944,450.27959889097866,398.5120118267948,0.8245249451403155,7.407604321384512,-0.005093963500820068,0.008341339142246915,0.04983771815643178,0.9506328428100197,-0.005922790764406276,0.009658714403303566,-0.023855752536815822,-0.05017098864917584,0
MSFT,2024-12-16,0.0,0.0,0.0,0.0,0,0,0,69.40607797937052,7.816740484545164,5.8332839260536575,1.9834565584915067,430.5832953737952,423.1088280166498,452.6007864684823,399.88191006472084,0.8644939879561914,7.36465306610135,0.009658714403303566,0.012488227193217198,0.09034683917718078,1.1241158450750868,0.00348951600026783,0.006355255972619086,-0.03618342921435112,-0.06663126149357901,0
MSFT,2024-12-17,0.0,0.0,0.0,0.0,0,0,0,71.18322920306386,8.233286764132401,6.313284493669406,1.9200022704629953,432.2694629972358,424.0962486991311,455.0124169574102,401.3696417584101,0.8746455321794447,7.241629201046642,0.006355255972619086,0.02510539437920371,0.09527034483169994,1.0880638436716965,0.00247182347536872,-0.03756103933536758,-0.033292344880558586,-0.07895093523586197,0
MSFT,2024-12-18,0.0,0.0,0.0,0.0,0,0,0,51.8800069479015,7.122598592908162,6.475147313517158,0.6474512793910039,432.1914084390913,424.38462679472275,454.89592314540215,403.5018429678791,0.5437989564615769,7.953167519431204,-0.03756103933536758,-0.02583572342451051,0.04900905919704794,1.1525485422868773,-0.03486640000090235,-0.0008230446853282877,0.0016460893706565754,-0.032099450053933616,1
MSFT,2024-12-19,0.0,0.0,0.0,0.0,0,0,0,51.56244437240641,6.142904824953575,6.408698815804441,-0.26579399085086575,432.0869683589546,424.64777035562213,454.2775860583734,406.32679931760316,0.5165293410920005,7.868428507610857,-0.0008230446853282877,-0.027871696891107026,0.05394779948950422,1.0731861881315323,-0.030165842561038495,-0.0009839224007395099,-0.014873092486723525,-0.021005423005930716,0
MSFT,2024-12-20,0.0,0.0,0.0,0.0,0,0,0,51.159615042824555,5.271497439194604,6.181258540482474,-0.9097611012878692,431.95207839898717,424.88396068596234,452.9947873178232,409.9503725942862,0.4813691002210492,8.371025006409855,-0.0009839224007395099,-0.023855752536815822,0.057475764676261636,2.72628888852949,-0.018322067820702167,-0.0030922147940631575,-0.026958347785942888,-0.03259282826969402,0
MSFT,2024-12-23,0.0,0.0,0.0,0.0,0,0,0,49.84300320752902,4.4224622513922895,5.829499282664437,-1.4070370312721474,431.7032040471863,425.0586640984767,451.860763141442,412.88460734195644,0.42216298723176937,8.11270515697531,-0.0030922147940631575,-0.03618342921435112,0.04376488090380337,0.8223926096518159,-0.016642260836983943,0.009373940235746657,-0.03159089934966415,-0.024560337552262747,0
MSFT,2024-12-24,0.0,0.0,0.0,0.0,0,0,0,53.719345969459624,4.02791579854869,5.469182585841288,-1.441266787292598,431.8613269829826,425.38434373669514,450.75260844830206,416.01886371966674,0.49935966561880135,7.914407003184513,0.009373940235746657,-0.033292344880558586,0.04904598234911102,0.32182028687336545,-0.001599151956750124,-0.0027768828534015283,-0.047231021822892294,-0.046388654448044096,0
MSFT,2024-12-26,0.0,0.0,0.0,0.0,0,0,0,52.4149250167411,3.5768983394152087,5.090725736556073,-1.5138273971408642,431.8897811003027,425.65005948093625,450.49171432602463,417.2780122364753,0.4480705865983869,7.652768237546683,-0.0027768828534015283,0.0016460893706565754,0.023645368910056835,0.3811399406208415,0.029139453920505348,-0.017301505498685053,-0.03369008253782813,-0.04775050840257151,0
MSFT,2024-12-27,0.0,0.0,0.0,0.0,0,0,0,45.08902116899643,2.586317251089895,4.589844039462838,-2.003526788372943,431.2034281337188,425.6121385189847,449.64488609851753,418.8686026710137,0.18892704487384407,7.934730896970629,-0.017301505498685053,-0.014873092486723525,0.01782553175585174,0.8431364656040451,0.018619220025840218,-0.013239566068303317,-0.006224914244487376,-0.03451562821684225,0
MSFT,2024-12-30,0.0,0.0,0.0,0.0,0,0,0,40.50440167427043,1.3322191943856865,3.938319070447408,-2.6060998760617213,430.046954532628,425.3552097661722,449.43050470510326,419.2181220038811,-0.00521861129506641,7.976023022829521,-0.013239566068303317,-0.026958347785942888,0.003235216739137947,0.6168296278098502,-0.004956428959986894,-0.007838390570540308,-0.005790585090505064,0.0034837453255307962,0
MSFT,2024-12-31,0.0,0.0,0.0,0.0,0,0,0,38.069090034290326,0.07244965315277341,3.165145186988481,-3.0926955338357076,428.6877870343569,424.9795425518431,450.5664652718766,417.14703265292803,-0.04103411532394612,7.833990793481993,-0.007838390570540308,-0.03159089934966415,-0.02199645800337833,0.6312438169411367,-0.014478249377518685,-0.0069277777427093,0.007259908847077151,0.007307104493509975,1
MSFT,2025-01-02,0.0,0.0,0.0,0.0,0,0,0,36.02370600162021,-1.145150539351107,2.3030860417205634,-3.4482365810716704,427.18374009674704,424.5056504592004,451.970588861629,414.4980421198164,-0.04277125708605422,8.064964559736891,-0.0069277777427093,-0.047231021822892294,-0.02926730011061389,0.8078850614773408,-0.027706626079742076,0.011395847359519424,0.0008841255269035584,0.024965422502539403,1
MSFT,2025-01-03,0.0,0.0,0.0,0.0,0,0,0,41.54850152934903,-1.7107097468606298,1.5003268840043247,-3.2110366308649545,426.27105874824736,424.2348636152122,452.474976229658,412.6057641267873,0.12528017352901427,7.872899205321685,0.011395847359519424,-0.03369008253782813,-0.03216585376894089,0.8149249088867037,-0.015615302248773657,0.010629470935847698,-0.014550638062031275,0.012164847891717704,0
MSFT,2025-01-06,0.0,0.0,0.0,0.0,0,0,0,46.263059116654155,-1.7802182680265446,0.844217853598151,-2.6244361216246954,425.86804927017766,424.1487693255378,452.15911526420444,411.4646853949752,0.25985801662591757,8.0834783118183,0.010629470935847698,-0.006224914244487376,-0.033369449029094486,1.0089574051228565,0.0005881335373003116,-0.012808302666155388,-0.02846792436021577,0.04288887961716892,0
MSFT,2025-01-07,0.0,0.0,0.0,0.0,0,0,0,41.837505074746545,-2.245605806239098,0.22625312163070121,-2.4718589278697993,424.9886017299375,423.8540666107189,451.95909428252236,409.5734954391573,0.1665743755229301,8.20010376196069,-0.012808302666155388,-0.005790585090505064,-0.047794086363416345,0.8910561086175193,0.0006970841618573489,0.005185222840060596,0.009328347003111134,0.057627243786339225,1
MSFT,2025-01-08,0.0,0.0,0.0,0.0,0,0,0,44.137443096405676,-2.4122999596019667,-0.3014574946158324,-2.1108424649861344,424.3986577035744,423.6556400555192,451.071509709444,408.344228205595,0.24457351087474696,7.9969713326370515,0.005185222840060596,0.007259908847077151,-0.048114346294831176,0.7470388711197188,0.005818417701802333,-0.0132137554280944,4.6855479919621355e-05,0.04592981092830106,1
MSFT,2025-01-10,0.0,0.0,0.0,0.0,0,0,0,39.79628812709556,-2.9568564387253673,-0.8325372834377395,-2.124319155287628,423.3378660612325,423.2479814438904,450.7128491440208,406.2979998550026,0.1567571592706774,8.108502285861256,-0.0132137554280944,0.0008841255269035584,-0.05499286833286473,0.9981300902784221,-0.007098369368140109,-0.004201018851748098,0.024060024893449612,0.037259682396210525,1
MSFT,2025-01-13,0.0,0.0,0.0,0.0,0,0,0,38.516377372138265,-3.4883003477245325,-1.363689896295098,-2.1246104514294344,422.2127579560705,422.78822652283714,449.28888021892027,404.5851584773688,0.1552235968132534,7.998578021921195,-0.004201018851748098,-0.014550638062031275,-0.07082557231268401,0.8732897055554738,-0.017839250630239365,-0.003643428547020184,0.027109953068730736,0.07193366825793673,1
MSFT,2025-01-14,0.0,0.0,0.0,0.0,0,0,0,37.39772713811634,-3.984528066379653,-1.887857530312009,-2.096670536067644,421.0520068960802,422.28770280924243,447.42558881730025,403.10547502547314,0.15612317317593874,8.062786029193305,-0.003643428547020184,-0.02846792436021577,-0.07538482406140586,0.8483122063806877,-0.022121135180254416,0.025597187194261257,0.073447707766513,0.06413735947414703,1
MSFT,2025-01-15,0.0,0.0,0.0,0.0,0,0,0,48.6421502190779,-3.490656200876515,-2.2084172644249103,-1.2822389364516047,421.00137340355917,422.21839506082546,445.22087855935666,403.24265293478396,0.4115872463106588,8.36619353170412,0.025597187194261257,0.009328347003111134,-0.04686202627082887,0.9849813640104543,0.0070500416166233626,-0.004058169711757466,0.04785251194681766,-0.026553434636144662,1
MSFT,2025-01-16,0.0,0.0,0.0,0.0,0,0,0,47.15891394915384,-3.200074478107638,-2.406748707161456,-0.7933257709461818,420.7930342466354,422.08488200965036,441.58682979059074,404.21237675237796,0.390679576997487,8.127944949141595,-0.004058169711757466,4.6855479919621355e-05,-0.059811038590337005,0.783719532902757,0.003647147148886526,0.010480999608632984,0.045880805681212146,-0.022422102042373295,1
MSFT,2025-01-17,0.0,0.0,0.0,0.0,0,0,0,51.27461662772646,-2.5857761335507234,-2.4425541924393093,-0.14322194111141417,421.02259285726086,422.1287454468485,436.27492254010093,407.01581842669594,0.5532493807317524,8.244919147158742,0.010480999608632984,0.024060024893449612,-0.05595655618845648,1.3301268462976397,0.029440576746084184,-0.0012352597207476545,0.01288953497050556,-0.04221148555016543,1
MSFT,2025-01-21,0.0,0.0,0.0,0.0,0,0,0,50.76747850059692,-2.116722862566405,-2.3773879264647286,0.26066506389832345,421.180501494181,422.15038811736116,435.14403173171223,407.2697835759049,0.5528705162871368,8.02942562216372,-0.0012352597207476545,0.027109953068730736,-0.020325087089529806,1.318955077852758,0.03725540737994551,0.041306896646082183,0.0436406200283472,-0.037642958877935576,1
MSFT,2025-01-22,0.0,0.0,0.0,0.0,0,0,0,63.685940552912705,-0.3323181679598406,-1.9683739747637512,1.6360558068039106,422.9861926651221,422.8558732417416,437.32971231980645,405.9886501069514,1.089676171476513,8.778400285513808,0.041306896646082183,0.073447707766513,0.020982557552629122,1.3888320694434073,0.041653013329318284,0.0011429351161752915,-0.008673313310936872,-0.07375620176119063,0
MSFT,2025-01-23,0.0,0.0,0.0,0.0,0,0,0,63.97921508012217,1.1096362847677597,-1.352771922857449,2.4624082076252085,424.6678229395747,423.5534198027272,439.4901325991201,404.82549850439557,1.0332666989821304,8.521278892133129,0.0011429351161752915,0.04785251194681766,0.02315618065626126,1.0374292663781213,0.02862786146920476,-0.0059321975206039195,-0.07100803379735439,-0.06914994113165732,0
MSFT,2025-01-24,0.0,0.0,0.0,0.0,0,0,0,61.21280461824202,2.0182043789008617,-0.678576662505787,2.6967810414066484,425.9403471731941,424.1211024533096,441.02386893103676,404.1608051412288,0.9187657988621505,8.286749111092915,-0.0059321975206039195,0.045880805681212146,0.020241421715927632,0.8862292922727804,0.02760109810075745,-0.021393619396732958,-0.06530658881257295,-0.07726442860531814,0
MSFT,2025-01-27,0.0,0.0,0.0,0.0,0,0,0,52.45605919044743,1.9594992289160587,-0.1509614842214178,2.1104607131374764,426.1991993164836,424.29903156014984,440.3475072351332,404.3666468176011,0.6751269307694729,9.143468880529307,-0.021393619396732958,0.01288953497050556,-0.010857398583355252,1.8791819650646269,0.0029955469353430387,0.029086999934146242,-0.05439983198392456,-0.05140822032887723,0
MSFT,2025-01-28,0.0,0.0,0.0,0.0,0,0,0,60.543736151558996,2.8858035962445,0.45639153187176573,2.4294120643727344,427.62086399746585,424.95893928197916,442.14684712468977,403.46396525323996,0.9736273873988215,9.688158703852457,0.029086999934146242,0.0436406200283472,0.020748290624786826,1.1903738207645709,0.002437701942965804,-0.010890055572393439,-0.07788464472001383,-0.0799642251290381,0
MSFT,2025-01-29,0.0,0.0,0.0,0.0,0,0,0,56.552148502154004,3.195437366692431,1.004200698835899,2.1912366678565323,428.44961832378607,425.404580267934,443.60063692348575,403.1741464017096,0.8199731808098124,9.475267070961896,-0.010890055572393439,-0.008673313310936872,0.027407990002885164,1.1786038621719217,-0.007634609122446826,-0.06180903204598031,-0.06565231151763341,-0.07526047522543396,0
MSFT,2025-01-30,0.0,0.0,0.0,0.0,0,0,0,40.43508516388041,1.2502642794867143,1.0534134149660621,0.19685086452065215,426.63099709856687,424.7751494911125,443.956179079255,401.84796825961223,0.17825804168033343,10.853735341688246,-0.06180903204598031,-0.07100803379735439,-0.023162194714404324,2.47228511423942,-0.007724298696231885,0.00016863337263390492,0.002000117044383305,-0.010723203825338468,1
MSFT,2025-01-31,0.0,0.0,0.0,0.0,0,0,0,40.48184293418814,-0.28247302755431747,0.7862361264619863,-1.0687091540163038,424.992152253056,424.17310936286117,444.24203406280736,400.926856318052,0.19614994893285112,10.485718633737267,0.00016863337263390492,-0.06530658881257295,-0.015278838191451085,1.4772675184403945,-0.010115569604135228,-0.009974450612132087,-0.012793328432211832,-0.015973491904465845,0
MSFT,2025-02-03,0.0,0.0,0.0,0.0,0,0,0,38.553727574044856,-1.8058874104054894,0.26781141908849115,-2.0736988294939804,423.1204573212174,423.4345307787784,444.7717303092694,399.6415661995196,0.12625234987788247,10.212333661172654,-0.009974450612132087,-0.05439983198392456,-0.018299890618845738,1.0897510162661692,-0.002669555733475301,0.0035287182205303957,0.003163717347178471,-0.0031149301017304415,1
MSFT,2025-02-04,0.0,0.0,0.0,0.0,0,0,0,39.638139874269726,-2.864765505295793,-0.3587039657883657,-2.506061539507427,421.5632407989958,422.78100736933186,445.14757865363174,398.18262764519636,0.18283967103791807,9.777399482968121,0.0035287182205303957,-0.07788464472001383,-0.02593603185516214,0.864231100297856,-0.00453256795437384,0.00223099522103223,-0.0022552280439933022,0.0058200038427405325,0
MSFT,2025-02-05,0.0,0.0,0.0,0.0,0,0,0,40.357343749420245,-3.5893306901788264,-1.0048293106664579,-2.5845013795123686,420.24075929990994,422.188700612048,445.2053539492926,396.6886249325433,0.2264901271942077,9.320685984941349,0.00223099522103223,-0.06565231151763341,-0.03403064300237704,0.6930063765655766,0.004004500472607391,0.006121673214427141,-0.010283285147744934,0.008890641545783496,0
MSFT,2025-02-06,0.0,0.0,0.0,0.0,0,0,0,42.39021409634377,-3.9170214052010124,-1.587267729573369,-2.3297536756276434,419.2819109439661,421.7174908453991,445.27239948240583,395.9754795459145,0.28799714129961523,9.000876206623278,0.006121673214427141,0.002000117044383305,-0.015507617860723112,0.6954148108539357,0.0021154050574361664,-0.014597772233028663,-0.012697923536428287,-0.016332821052481208,0
MSFT,2025-02-07,0.0,0.0,0.0,0.0,0,0,0,38.95925909954506,-4.606764815976362,-2.1911671468539677,-2.4155976691223944,417.8441329206569,421.02995166319596,445.56037595318725,394.2266082997424,0.1939977105656312,9.101292896305315,-0.014597772233028663,-0.012793328432211832,-0.03488335827434255,0.9598174875598566,-0.0017446417228184862,0.006028159043310721,-0.0032213755881568143,-0.012055865062983121,0
MSFT,2025-02-10,0.0,0.0,0.0,0.0,0,0,0,41.05013644786069,-4.900299223217189,-2.7329935621266124,-2.1673056610905768,416.77533308241726,420.46492354382127,445.7297941644506,393.3933290044947,0.25275695586654445,8.85352065940763,0.006028159043310721,0.003163717347178471,-0.016063991894675084,0.871925075567815,0.011843993197228045,-0.0018921988525973943,-0.006258846228522414,-0.03280336705122814,0
MSFT,2025-02-11,0.0,0.0,0.0,0.0,0,0,0,40.577452953589514,-5.135809827574974,-3.2135568152162852,-1.9222530123586887,415.73504664023017,419.8918804809049,445.90734079713246,392.64859182005506,0.24791670613744532,8.445889163270937,-0.0018921988525973943,-0.0022552280439933022,-0.013782676914036562,0.7589389931962328,0.005866029270828928,-0.0058331589463814825,0.008093484540042164,-0.026512957508209846,1
MSFT,2025-02-12,0.0,0.0,0.0,0.0,0,0,0,39.086110248540045,-5.450651446758457,-3.6609757415247195,-1.789675705233737,414.5683683236755,419.2484704352383,446.18065787899326,391.72127998721766,0.2160076883831816,8.340753659078157,-0.0058331589463814825,-0.010283285147744934,-0.015950123905015705,0.796343641706874,-0.0014232121462505623,0.0036670112092567547,0.019373146280944355,-0.03843860942348439,1
MSFT,2025-02-13,0.0,0.0,0.0,0.0,0,0,0,40.55655603928689,-5.517177072860704,-4.0322160077919165,-1.4849610650687879,413.65371496491025,418.6883150478423,446.0598712368942,390.2864819125199,0.2631725688886203,8.071914047690377,0.0036670112092567547,-0.012697923536428287,-0.03699190056961695,0.9862591959851555,0.005624086888348938,-0.005139459845784554,-0.0036816467854223515,-0.03106630151884603,0
MSFT,2025-02-14,0.0,0.0,0.0,0.0,0,0,0,39.125768530728585,-5.672454013242941,-4.360263608882121,-1.3121904043608197,412.62795251382505,418.06850697649617,446.0437780469996,388.70951479968005,0.2472115908718547,7.823681321995246,-0.005139459845784554,-0.0032213755881568143,-0.03803743468138419,0.9252366806528125,0.01486420701719615,0.0029625024154128297,-0.008863040657637662,-0.046913888288586364,0
MSFT,2025-02-18,0.0,0.0,0.0,0.0,0,0,0,40.42377008565433,-5.634255019223019,-4.615061890950301,-1.0191931282727182,411.8135524371736,417.51981069149576,445.5189974693114,387.3216305824464,0.2879017045411992,7.5537272634334505,0.0029625024154128297,-0.006258846228522414,-0.0451949298249169,0.8794820099697648,0.010977863016780557,0.012523198205665569,-0.026711705278545755,-0.04943558113275291,0
MSFT,2025-02-19,0.0,0.0,0.0,0.0,0,0,0,45.70935044585569,-5.136445690200105,-4.719338650800262,-0.41710703939984306,411.5586507727702,417.191076349121,444.8579071794097,386.62836601394963,0.3865515423353417,7.566569815708159,0.012523198205665569,0.008093484540042164,-0.03204203720051675,0.9939821176206565,0.012588517500638174,0.005290676147367372,-0.03432860402231617,-0.03121230402568764,0
MSFT,2025-02-20,0.0,0.0,0.0,0.0,0,0,0,47.841088191267744,-4.515213556007836,-4.678513631841777,0.16330007583394046,411.53417896368194,416.96012028748265,441.21318729319654,387.38922969899096,0.44427181030863266,7.504060372986542,0.005290676147367372,0.019373146280944355,-0.06552130016704437,0.9776780961375722,0.011634868841753333,-0.019032561891515167,-0.05671304557643854,-0.04623553537316248,0
MSFT,2025-02-21,0.0,0.0,0.0,0.0,0,0,0,41.4954966374277,-4.601503609777353,-4.663111627428892,0.06160801765153856,410.76650208879255,416.43123603218305,436.83749524514394,388.0479478700904,0.3161665712672829,7.6853480601254995,-0.019032561891515167,-0.0036816467854223515,-0.08435334856984555,1.1233596636054646,-0.016056128947521144,-0.010313272302247134,-0.0274858479170521,-0.03650088472736828,0
MSFT,2025-02-24,0.0,0.0,0.0,0.0,0,0,0,38.567120941821145,-4.948613208345762,-4.7202119436122665,-0.22840126473349542,409.6756389341308,415.75991065699327,432.4991710896333,388.5145831828276,0.24549180283090474,7.845921702432174,-0.010313272302247134,-0.008863040657637662,-0.08838880414286705,1.055766326604541,-0.020485507505355514,-0.015099119809670401,-0.038391109596191575,-0.05900989478527162,0
MSFT,2025-02-25,0.0,0.0,0.0,0.0,0,0,0,34.741420390896494,-5.64513783735066,-4.9051971223599455,-0.7399407149907145,408.11445166492047,414.87846994916697,430.2923180371018,387.1839240283279,0.141486332751171,7.800879059154694,-0.015099119809670401,-0.026711705278545755,-0.0825252246592068,1.188142349539554,-0.02820968891433723,0.004599249342540367,-0.02334752814499892,-0.043855162793375674,0
MSFT,2025-02-26,0.0,0.0,0.0,0.0,0,0,0,36.767907476789546,-5.98222363558898,-5.120602425005752,-0.8616212105832277,406.8742162664013,414.1025291660808,422.89333529249825,389.9794369242986,0.15533082708639898,7.903781900076097,0.004599249342540367,-0.03432860402231617,-0.10435709453422484,0.7994614566177147,-0.03000349328896549,-0.018012147648445814,0.003227081188910501,-0.04117786184764939,1
MSFT,2025-02-27,0.0,0.0,0.0,0.0,0,0,0,32.49277912543201,-6.745843128924264,-5.445650565789455,-1.300192563134809,405.0743408983958,413.0779407635813,415.72277978802265,392.31526647662577,-0.18539951324812615,8.29726363242865,-0.018012147648445814,-0.05671304557643854,-0.11080617663670206,0.8652539953808405,-0.0414988963238017,0.011362143639570329,0.011107447372341558,-0.03505471722185681,1
MSFT,2025-02-28,0.0,0.0,0.0,0.0,0,0,0,37.352066353886414,-6.915590838779849,-5.739638620387534,-1.1759522183923155,403.86571400758874,412.2664042059868,415.6397193156647,390.7012932575775,0.0674647743777226,8.485435487936961,0.011362143639570329,-0.0274858479170521,-0.04145637506089849,1.4078413958693594,-0.00960102119501174,-0.02141109820308267,-0.009269825833390304,-0.021234704900148404,0
MSFT,2025-03-03,0.0,0.0,0.0,0.0,0,0,0,32.54406882415225,-7.639968440219093,-6.119704584353846,-1.520263855865247,401.9720642313824,411.1572272315333,416.5554359198614,387.2415031670527,-0.11117961677518584,8.773126616272714,-0.02141109820308267,-0.038391109596191575,-0.06213800157826747,1.0103136061697162,-0.022504585501343814,0.00030884569517502115,-0.02144196605796937,0.0005405197048083683,0
MSFT,2025-03-04,0.0,0.0,0.0,0.0,0,0,0,32.67580599870752,-8.110975306299679,-6.517958728743013,-1.593016577556666,400.2700564632522,410.0961980328855,417.3076816236544,384.3654201829862,-0.00802730308745994,8.964019368642381,0.00030884569517502115,-0.02334752814499892,-0.0523965228547164,1.2782224444824155,-0.029247440022381586,0.03193428750377099,-0.02099788332018006,-0.01309797436418763,0
MSFT,2025-03-05,0.0,0.0,0.0,0.0,0,0,0,44.704363204220776,-7.40908138333873,-6.696183259662156,-0.7128981236765739,399.8983343121761,409.5577970855941,416.66178153565085,383.9710492748961,0.3791877313478952,9.245766086868725,0.03193428750377099,0.003227081188910501,-0.025573955912317394,1.0143729273141833,-0.01930899763244929,-0.010298615977190907,-0.04426210562810586,-0.032915919607660916,0
MSFT,2025-03-06,0.0,0.0,0.0,0.0,0,0,0,42.01409401721863,-7.100362638758611,-6.7770191354814475,-0.32334350327716344,399.1732493897739,408.88043024407875,415.8828526128675,383.2107539545153,0.27773510258172857,9.253934353393134,-0.010298615977190907,0.011107447372341558,-0.03775595739905917,0.9937798674776839,-0.02109205338897497,-0.009020262567046146,-0.04565505349027371,-0.025321849114151092,0
MSFT,2025-03-07,0.0,0.0,0.0,0.0,0,0,0,39.77932612737881,-7.059847720884136,-6.833584852561986,-0.22626286832215037,398.1802189186868,408.090861585227,414.69345451247676,382.25750984299196,0.20005335643799144,9.39424955447677,-0.009020262567046146,-0.009269825833390304,-0.052237543361340136,0.9282721930780007,-0.03073160823922798,-0.033434070396201485,-0.012076829169781582,-0.0052120184546886935,0
MSFT,2025-03-10,0.0,0.0,0.0,0.0,0,0,0,32.864464276670915,-7.984478833057551,-7.063763648661099,-0.9207151843964523,396.04391749358126,406.82255540365253,415.8077202499304,378.2996253311243,-0.06800055778805557,9.859179260829254,-0.033434070396201485,-0.02144196605796937,-0.07035434451934268,1.3551057393953272,-0.03972456641414724,0.0007627992425611439,0.022464161552302957,0.033985581372494474,1
MSFT,2025-03-11,0.0,0.0,0.0,0.0,0,0,0,33.14047536987928,-8.595049345565997,-7.370020788042078,-1.2250285575239186,394.138370594081,405.6152267622869,415.83202625218075,375.21671337184273,0.0201638647816956,9.796704005896787,0.0007627992425611439,-0.02099788332018006,-0.07521993284240135,1.2293474627773888,-0.03630004241194732,0.007412227476897504,0.008069348187707825,0.03866470020095055,1
MSFT,2025-03-12,0.0,0.0,0.0,0.0,0,0,0,35.900317739263926,-8.753121592280024,-7.646640948889668,-1.1064806433903565,392.67975787195127,404.56454873285287,415.13833073994584,373.20747004130413,0.13392205351502648,9.539599349525341,0.007412227476897504,-0.04426210562810586,-0.06659907245441357,0.9694417364057599,-0.04148789871959987,-0.0117410641998442,0.011871650258151156,0.017481292197785114,1
MSFT,2025-03-13,0.0,0.0,0.0,0.0,0,0,0,33.52234940796167,-9.132025710070423,-7.943717901125819,-1.1883078089446037,390.93646213061214,403.38065084481514,414.90125473829505,370.5335688701034,0.08658517212729701,9.413819411964749,-0.0117410641998442,-0.04565505349027371,-0.07214587206159956,0.8161231459784056,-0.03717411513326766,0.025846941416463386,0.021305927642291334,0.031179801956792427,1
MSFT,2025-03-14,0.0,0.0,0.0,0.0,0,0,0,42.45307998608522,-8.552908489910692,-8.065556018882795,-0.48735247102789714,390.2807614728976,402.62264905578746,413.4150497561802,369.92848356901504,0.32476975981062156,9.550481539436943,0.025846941416463386,-0.012076829169781582,-0.05164132267390271,0.8016801178682875,-0.022763378444656437,0.0003602020659690258,0.006948729332184734,-0.025118392689860776,1
MSFT,2025-03-17,0.0,0.0,0.0,0.0,0,0,0,42.57185918014653,-7.990679764584513,-8.050580768023138,0.059901003438625366,389.70068337131215,401.89979777541345,412.07561844992296,369.3985880930458,0.34658815736509296,9.372385656521462,0.0003602020659690258,0.022464161552302957,-0.04639872646482716,0.9035068817404704,0.01172010789427318,-0.013326490396163803,0.011268287196198374,-0.03424230225171926,1
MSFT,2025-03-18,0.0,0.0,0.0,0.0,0,0,0,39.3357965459367,-7.867550651426768,-8.013974744703866,0.1464240932770977,388.68824093992976,401.0045130721344,410.4799500833338,368.49358507291623,0.2519020821701626,9.23948722463816,-0.013326490396163803,0.008069348187707825,-0.06188604952258502,0.7864689674708493,0.009173986134496855,0.011212050976353891,0.030350443715252917,-0.003467895280769017,1
MSFT,2025-03-19,0.0,0.0,0.0,0.0,0,0,0,43.195920520503805,-7.3423797648598,-7.879655748735053,0.5372759838752534,388.17699803419237,400.311010223411,407.2858922428711,369.1059534602539,0.3722959601995263,9.014420766500193,0.011212050976353891,0.011871650258151156,-0.06310084194326915,0.7820832794052563,0.014779824995692819,-0.0025269421070716483,0.005543827557776533,-0.014646073654232159,1
MSFT,2025-03-20,0.0,0.0,0.0,0.0,0,0,0,42.53169042935529,-6.924516714050299,-7.688627941798103,0.7641112277478044,387.62219464998356,399.6067181558263,402.75159646087667,370.74523581451393,0.36262562975291074,8.971338545771621,-0.0025269421070716483,0.021305927642291334,-0.07038661523688236,0.7607488910847707,0.0255158515716473,0.011425906959400094,0.00966789092989518,-0.0354928319302834,1
MSFT,2025-03-21,0.0,0.0,0.0,0.0,0,0,0,46.52564068331619,-6.16971790938311,-7.384845935315104,1.2151280259319943,387.53629762416665,399.1013674783,399.9588488425203,371.8626538430266,0.5288126038471543,8.961690997701355,0.011425906959400094,0.006948729332184734,-0.04152265989724546,1.5942470984751853,0.005093387035093035,0.004651496798071346,-0.03184583394162744,-0.08030476521162716,0
MSFT,2025-03-24,0.0,0.0,0.0,0.0,0,0,0,48.124310983564136,-5.364544888240687,-6.980785725900221,1.616240837659534,387.62989823176093,398.686376753814,398.08421705937354,372.65795213007954,0.6238097462578086,8.716222780652844,0.004651496798071346,0.011268287196198374,-0.02702979899378433,0.8533225323133358,0.015263935231386297,0.005291574247855274,-0.045003477340418194,-0.08959999509857597,0
MSFT,2025-03-25,0.0,0.0,0.0,0.0,0,0,0,49.965405106292295,-4.508575271253676,-6.486343634970913,1.977768363717237,387.91038237058876,398.3682828297214,397.6633166486472,372.80803344900903,0.7148157636241593,8.356264586827326,0.005291574247855274,0.030350443715252917,-0.006886109314094875,0.6590948403003137,0.02882459938754269,-0.013133791115909295,-0.03282217152649468,-0.10274307780504081,0
MSFT,2025-03-26,0.0,0.0,0.0,0.0,0,0,0,45.61525578531709,-4.195773278469119,-6.028229563670555,1.8324562852014363,387.67560799861303,397.86149728600077,396.333283229855,373.1733940162388,0.5298754815023067,8.235230500267948,-0.013133791115909295,0.005543827557776533,-0.024416411884903063,0.6779969198791194,0.00559030354352123,0.001564020404947796,-0.020078588977116087,0.0013333048303797149,0
MSFT,2025-03-27,0.0,0.0,0.0,0.0,0,0,0,46.20797352972187,-3.854795273336663,-5.5935427056037765,1.7387474322671137,387.5206068276142,397.3982266356919,396.1598689517282,373.1540653744437,0.5604685915606372,7.988702462275773,0.001564020404947796,0.00966789092989518,-0.004967914405693241,0.5885566877202947,0.005828604149591143,-0.03016010088202204,-0.04472829458663478,-0.023631496667516204,0
MSFT,2025-03-28,0.0,0.0,0.0,0.0,0,0,0,37.668951339203694,-4.472524201608223,-5.369339004804666,0.8968148031964427,386.27148676702296,396.4965254417984,395.51237701633676,372.00366607448353,0.10214001622044823,8.381762818121395,-0.03016010088202204,-0.03184583394162744,-0.04581971593367394,0.9475212433408852,-0.014752444812357792,-0.009002161470784769,-0.05005290786207081,0.02547524562501457,0
MSFT,2025-03-31,0.0,0.0,0.0,0.0,0,0,0,35.61708828685332,-5.174398956970947,-5.330350995237922,0.15595203826697546,384.8203350092633,395.4980104562591,396.1050989596797,370.1161443264531,0.03533227854112381,8.599202130491602,-0.009002161470784769,-0.045003477340418194,-0.03372029118601595,1.5011213175330627,-0.025588796656385162,0.01811441056978275,-0.04669809439092026,0.03308563746421611,0
MSFT,2025-04-01,0.0,0.0,0.0,0.0,0,0,0,42.359668337060874,-5.129179642129429,-5.290116724616224,0.16093708248679484,384.14749002233197,394.80222426764055,395.9839925964046,369.60269868777505,0.3090357882727838,8.664143020154503,0.01811441056978275,-0.03282217152649468,-0.016520447241471448,0.8576957716350507,-0.02517992149955574,-0.0001307934996842456,-0.07229374394252001,0.009262506431622911,0
MSFT,2025-04-02,0.0,0.0,0.0,0.0,0,0,0,42.32457769194604,-5.039240589997348,-5.239941497692449,0.20070090769510074,383.5340199904432,394.13178624488995,393.6432660825988,370.0773332826356,0.32371820244163235,8.642549262253123,-0.0001307934996842456,-0.020078588977116087,-0.047079904278922495,0.7124008101195426,-0.007158088292523043,-0.02363010024019381,0.021850623495556803,-0.027555388072011605,1
MSFT,2025-04-03,0.0,0.0,0.0,0.0,0,0,0,36.45038485092775,-5.623332591263136,-5.316619716406587,-0.3067128748565491,382.12895358696346,393.137630813871,392.7596027023942,368.6105846755355,0.007049482433670971,8.928194634275735,-0.02363010024019381,-0.04472829458663478,-0.05991593690966193,1.3167395717778223,-0.05357288448598498,-0.035565916183184505,0.02208460462040961,-0.014285335988037282,1
MSFT,2025-04-04,0.0,0.0,0.0,0.0,0,0,0,29.886039334607858,-7.063163785792824,-5.665928530283834,-1.3972352555089902,379.6085575236217,391.66810783771433,394.749022833835,363.3130010919462,-0.24329434025934327,9.357228240249542,-0.035565916183184505,-0.05005290786207081,-0.08509823374803341,2.0257064773744777,-0.0906668624125938,-0.005502374034100699,0.07950774744423234,-0.0020008710855208287,1
MSFT,2025-04-07,0.0,0.0,0.0,0.0,0,0,0,29.045531089664465,-8.266858782545796,-6.186114580736226,-2.08074420180957,377.1418181584628,390.1794680868021,397.12000200527314,358.73789594394566,-0.13105330245441368,10.539274879542859,-0.005502374034100699,-0.04669809439092026,-0.058659521650479246,2.0032214422749433,-0.09833928033415767,-0.009221420296649862,0.08369198822083679,0.025037753562311648,1
MSFT,2025-04-08,0.0,0.0,0.0,0.0,0,0,0,27.649800005976488,-9.375907100166046,-6.82407308462219,-2.5518340155438555,374.59936937737405,388.62129702288956,399.27893562189206,354.020005418147,-0.07896561949270284,11.438504406605896,-0.009221420296649862,-0.07229374394252001,-0.0680509079051451,1.4095869787418138,-0.1149615112006334,0.10133672744473814,0.08791171757398364,0.055928295913289926,1
MSFT,2025-04-09,0.0,0.0,0.0,0.0,0,0,0,53.723907805227675,-7.305020878766129,-6.920262643450979,-0.3847582353151502,375.6812549110021,388.5168997859319,399.9839393027341,354.02862478417995,0.694817194285485,13.454638362326254,0.10133672744473814,0.021850623495556803,0.018837904919493415,1.8770667254461746,-0.028165485535052784,-0.023406533192168014,-0.04834954388789217,-0.008169218105954642,0
MSFT,2025-04-10,0.0,0.0,0.0,0.0,0,0,0,48.896413698908496,-6.319941834334941,-6.800198481627772,0.4802566472928316,375.79972600671766,388.06232337926855,400.07990511571916,354.1876638540074,0.49545493828339854,14.09550444304635,-0.023406533192168014,0.02208460462040961,0.006811479903240466,1.376634994812375,-0.02258244531697868,0.01861828333300273,-0.035584080265013154,0.027533856337317735,0
MSFT,2025-04-11,0.0,0.0,0.0,0.0,0,0,0,52.46937812970389,-4.916317589250468,-6.423422303152312,1.5071047139018434,376.5752665404901,387.9007774275846,400.06796351830417,354.18873509009427,0.6485324086866906,13.87657456339002,0.01861828333300273,0.07950774744423234,-0.0002830442883259806,0.8570447107257112,0.05672082258293501,-0.001647637902141802,-0.07550535762501688,0.006976290753682466,0
MSFT,2025-04-14,0.0,0.0,0.0,0.0,0,0,0,52.11565472105765,-3.811049300929824,-5.900947702707814,2.0898984017779902,377.21669855895533,387.7207588121646,399.9729727385491,354.19576200266187,0.6360051270858375,13.622452725400006,-0.001647637902141802,0.08369198822083679,-0.0022895931857436443,0.6961343987199533,0.06887654411810272,-0.005363481416703662,-0.05412445168559507,0.01606456909669123,0
MSFT,2025-04-15,0.0,0.0,0.0,0.0,0,0,0,50.914354205143496,-3.065669240255829,-5.333892010217417,2.2682227699615876,377.6012439389432,387.4671770959553,400.139824744598,354.247348717316,0.5884859277467845,13.195157563444761,-0.005363481416703662,0.08791171757398364,0.0057624897485115765,0.6245406694531662,0.0828431489881159,-0.03660602043793517,-0.029398912746354044,0.02470634426070074,0
MSFT,2025-04-16,0.0,0.0,0.0,0.0,0,0,0,43.571848799851075,-3.560061291721752,-4.9791258665182845,1.4190645747965327,376.6200033517522,386.6762375146801,399.54501309403895,353.23996310225016,0.30360089609406044,13.504382465423488,-0.03660602043793517,-0.04834954388789217,-0.04179788348297013,0.793657474503578,-0.04185051199914439,-0.010306483384165746,0.04222172702579375,0.14474865790135755,1
MSFT,2025-04-17,0.0,0.0,0.0,0.0,0,0,0,41.81053646624448,-4.208816426720887,-4.825063978558806,0.6162475518379189,375.37168539395884,385.7678621139053,399.0845489913694,351.8165374344119,0.24744276256292838,13.064339633686176,-0.010306483384165746,-0.035584080265013154,-0.049271140889029647,0.759400367039762,0.003488418464855181,-0.02354666042288418,0.06544680081564305,0.18353370832407415,1
MSFT,2025-04-21,0.0,0.0,0.0,0.0,0,0,0,38.063850220613894,-5.351946501317741,-4.930440483110592,-0.4215060182071486,373.4270635009702,384.55944224738266,398.50162581201585,349.2227485776326,0.11628525773203387,12.986134025180807,-0.02354666042288418,-0.07550535762501688,-0.0821449568144065,0.7744196216721319,-0.037569696407664575,0.02144138497589008,0.08921809234806151,0.21455235766507139,1
MSFT,2025-04-22,0.0,0.0,0.0,0.0,0,0,0,42.958402360427066,-5.579450037912579,-5.06024239407099,-0.5192076438415896,372.392471050729,383.6968697189927,396.70838103307426,348.42046723352735,0.2928968022644801,12.669242054243892,0.02144138497589008,-0.05412445168559507,-0.0668056241327268,0.7272618693258683,-0.02201714917078359,0.020636687436850258,0.0742053443577926,0.18126059089135366,1
MSFT,2025-04-23,0.0,0.0,0.0,0.0,0,0,0,47.36242846653456,-5.097246063080206,-5.067643127872833,-0.02960293520737345,372.16899375757924,383.16153990541085,394.2339802351631,348.84196580975885,0.46713048388155065,12.722331805629429,0.020636687436850258,-0.029398912746354044,-0.05256102715027338,0.7600773931956287,-0.004073683662760149,0.03448280696499475,0.05574407211942008,0.15748289619720682,1
MSFT,2025-04-24,0.0,0.0,0.0,0.0,0,0,0,53.89948794308315,-3.6434530938093985,-4.7828051210601465,1.139352027250748,373.1820593865077,383.14760433505467,393.80582156524554,349.00621761932473,0.7544701797543687,12.806229832285108,0.03448280696499475,0.04222172702579375,-0.006846805333536021,0.8132678811256273,0.04000683392433513,0.011748041441691521,0.09837343457437475,0.13134535941401457,1
MSFT,2025-04-25,0.0,0.0,0.0,0.0,0,0,0,55.97468746544187,-2.1041678512577278,-4.2470776670996635,2.1429098158419357,374.5269495174802,383.3105769400219,394.03873567627073,348.898834514159,0.8507898834256798,12.425233386233511,0.011748041441691521,0.06544680081564305,0.0032516934355223356,0.687501664563858,0.04602894283859923,-0.0017609110216735147,0.11083322735403657,0.11963762487237177,1
MSFT,2025-04-28,0.0,0.0,0.0,0.0,0,0,0,55.56618592848523,-0.928601122766338,-3.583382358232998,2.6547812354666602,375.6788018420803,383.4404130963262,395.57655887077743,348.58266659308975,0.8094399184455717,11.968373712627093,-0.0017609110216735147,0.08921809234806151,0.032629259099198615,0.606311610464481,0.07194296724609377,0.007362806767170713,0.11506810821221566,0.14853257725074415,1
MSFT,2025-04-29,0.0,0.0,0.0,0.0,0,0,0,56.977497594324916,0.23008998005940384,-2.8206878905745176,3.0507778706339215,376.9920604836084,383.67678974267125,397.67843560934216,348.32415228128286,0.8336432528734683,11.446720998037915,0.007362806767170713,0.0742053443577926,0.049681713070059315,0.5686152771209366,0.05134168539623934,0.003096045098576346,0.09965994592734355,0.13983354447955537,1
MSFT,2025-04-30,0.0,0.0,0.0,0.0,0,0,0,57.591955387697894,1.2314643067527413,-2.010257451109066,3.241721757861807,378.29508597326475,383.9511834047234,399.4393766863556,347.8550477521209,0.8300734206985442,11.491827581940825,0.003096045098576346,0.05574407211942008,0.03419769336494028,1.3418268977753278,0.03571042141295899,0.07625367141607299,0.09636693850768654,0.14592933695788027,1
MSFT,2025-05-01,0.0,0.0,0.0,0.0,0,0,0,69.26940574770495,4.3784183432010195,-0.7325222922470488,5.110940635448069,382.3111865325446,385.38306412789905,408.67923987019253,342.8909932841043,1.1791338512129104,13.617113688723423,0.07625367141607299,0.09837343457437475,0.11320466438797118,2.0105096349115374,0.021547773789189466,0.02322516802248608,0.030018865899116176,0.06714120406576711,1
MSFT,2025-05-02,0.0,0.0,0.0,0.0,0,0,0,71.99197938192555,7.573086423602035,0.9285994509227681,6.6444869726792675,386.8748346901594,387.14174758121675,419.1972319785874,338.5178681190688,1.1367420326729683,13.635683134731325,0.02322516802248608,0.11083322735403657,0.16662653164749702,1.0482031900306468,0.02927493655382926,0.0020447219983883965,0.007925940007490551,0.045542908944399677,1
MSFT,2025-05-05,0.0,0.0,0.0,0.0,0,0,0,72.23065366949547,10.059903996857713,2.754860360109757,7.305043636747956,391.08763061438526,388.86596108369963,427.449825730615,337.80971406430695,1.0408228648524953,13.1834392901329,0.0020447219983883965,0.11506810821221566,0.21212219497076817,0.7220012990649556,0.02298270173712973,-0.006557069061130552,0.03001114352753029,0.053975320010085946,1
MSFT,2025-05-06,0.0,0.0,0.0,0.0,0,0,0,70.16160822645787,11.668121831108294,4.537512654309465,7.1306091767988296,394.6299876178144,390.4117029686679,433.2920663252494,339.4249319657663,0.9466300190259016,12.704899560845979,-0.006557069061130552,0.09965994592734355,0.21083670245896202,0.578190037263526,0.00808197969310764,9.220492837479836e-05,0.03653274696509331,0.059313492267362655,1
MSFT,2025-05-07,0.0,0.0,0.0,0.0,0,0,0,70.17446135243131,12.798301688615709,6.189670461170714,6.608631227444995,397.83873821578294,391.89837614230777,437.5424370802321,342.9621375047288,0.9025106895925302,12.292311948855215,9.220492837479836e-05,0.09636693850768654,0.22221894213029605,0.913735927637552,0.01191982301748228,0.011122779350365732,0.04520603158433006,0.046269496712242626,1
MSFT,2025-05-08,0.0,0.0,0.0,0.0,0,0,0,71.75518516916256,13.917965175632503,7.735329404063072,6.182635771569431,401.19562015096136,393.5135770204587,443.3768085753918,341.8404491150379,0.8986490150431903,12.142883526764425,0.011122779350365732,0.030018865899116176,0.12210315241980184,0.9723564306597058,0.011800145937769865,0.0012779604945600007,0.03604044488471227,0.03999587918340748,1
MSFT,2025-05-09,0.0,0.0,0.0,0.0,0,0,0,71.9412348545194,14.680736311072963,9.12441078546505,5.556325525607912,404.28551016820614,395.08714126797133,448.66797330736557,342.22071077466563,0.8588173371699657,11.618648658410937,0.0012779604945600007,0.007925940007490551,0.1504655663854633,0.6655711495781859,-0.0042697562499706505,0.024001059009966432,0.037321163632944666,0.027981776696122552,1
MSFT,2025-05-12,0.0,0.0,0.0,0.0,0,0,0,75.243633031603,15.941299547834717,10.487788537938984,5.453511009895733,408.07234460252135,397.0071463840711,455.3935848211976,341.5055362725524,0.9003731011526149,11.53992486812035,0.024001059009966432,0.03001114352753029,0.1565450744497216,0.9934110381321452,0.03456901044598496,-0.00026700038163529453,0.02326593904652755,0.027324413573350984,1
MSFT,2025-05-13,0.0,0.0,0.0,0.0,0,0,0,75.135147806731,16.737795245184316,11.737789879388052,5.000005365796264,411.4872366344241,398.84720773910755,461.26097263326113,341.6999892808014,0.8550341322915813,11.090531422034216,-0.00026700038163529453,0.03653274696509331,0.15814447921357366,1.0184182669189048,0.05017923528934836,0.008460569906925688,0.02197783463085949,0.02017095887879661,1
MSFT,2025-05-14,0.0,0.0,0.0,0.0,0,0,0,76.30085624293302,17.470701378467993,12.88437217920404,4.586329199263952,414.9346046530578,400.76239962502797,467.0492625669712,342.55471692521627,0.8444537337995773,10.70500396242997,0.008460569906925688,0.04520603158433006,0.1742410616551982,0.8532162262321707,0.04711754762817349,0.002256074396466356,0.0010174693752011369,0.014531829456426905,1
MSFT,2025-05-15,0.0,0.0,0.0,0.0,0,0,0,76.61830775621522,17.92638985304535,13.892775713972304,4.0336141390730464,418.14984331426217,402.6420941728976,471.4215903345941,346.3220284398199,0.8183288622704573,10.347762878267577,0.002256074396466356,0.03604044488471227,0.2216084611455256,0.9427418186365827,0.04495099784796468,0.00251570701548852,0.003817837728463748,0.015955641177800864,1
MSFT,2025-05-16,0.0,0.0,0.0,0.0,0,0,0,76.98928299419619,18.169166856258585,14.74805394242956,3.421112913829024,421.1663720248458,404.4923412553483,474.5216409013432,351.8530508711177,0.7986587591830401,10.006841651433447,0.00251570701548852,0.037321163632944666,0.23743527623490512,1.0164205501924113,0.052911290088194986,0.01012631571377466,-0.00900337066691416,0.01695041857043912,0
MSFT,2025-05-19,0.0,0.0,0.0,0.0,0,0,0,78.47353924189774,18.515686834506027,15.501580520844856,3.0141063136611717,424.32942692593934,406.448659185975,475.81395770460136,360.50326336473455,0.814106494276288,9.913779355347373,0.01012631571377466,0.02326593904652755,0.28010820983904794,0.9082855702785633,0.020343263171226984,-0.0015254811364011716,0.003966197223964178,0.00893487458890154,1
MSFT,2025-05-20,0.0,0.0,0.0,0.0,0,0,0,77.65271321985806,18.520878189563973,16.10544005458868,2.415438134975293,427.12522462198086,408.30107658002987,476.3372663115866,369.0921007538431,0.7887833595164232,9.527471315497023,-0.0015254811364011716,0.02197783463085949,0.2513252818149282,0.6630569200642957,0.01024100680575173,-0.012222561541628213,-0.0017680185331177235,0.012440637788940938,0
MSFT,2025-05-21,0.0,0.0,0.0,0.0,0,0,0,71.23339941174575,17.871529491424326,16.45865794195581,1.412871549468516,429.12664191523714,409.86339146713345,475.49562181113765,377.74315992714355,0.7201552259376401,9.296778155693232,-0.012222561541628213,0.0010174693752011369,0.21103904725728054,0.8275167435533809,-0.008049922115197037,0.005059907774476145,0.013500623610156316,0.033387096938947494,1
MSFT,2025-05-22,0.0,0.0,0.0,0.0,0,0,0,72.24385060816314,17.34000334627825,16.6349270228203,0.705076323457952,431.1534049526997,411.45336253934755,475.52355928835436,384.4753695446534,0.724147118680103,9.175922778338885,0.005059907774476145,0.003817837728463748,0.17659451172384621,0.7833118626836857,-0.012481712290420516,-0.010288869986621006,0.01209163953173388,0.0341203626976918,1
MSFT,2025-05-23,0.0,0.0,0.0,0.0,0,0,0,67.05956142702543,16.35627996893146,16.579197612042535,-0.22291764311107443,432.5457919112595,412.7992490286899,474.43716853437445,391.40876652421935,0.6547723450911351,8.941338557935966,-0.010288869986621006,-0.00900337066691416,0.15096707487212752,0.737027748493079,-0.025395448456158102,0.023346241435246752,0.026189583767625414,0.05013553335859501,1
MSFT,2025-05-27,0.0,0.0,0.0,0.0,0,0,0,71.93100452410272,16.229358976416734,16.509229884917374,-0.2798709085006408,434.7967263032675,414.50047859726465,473.2039239045288,399.5979315642212,0.7687237093621406,9.064428639962095,0.023346241435246752,0.003966197223964178,0.17991555639401016,0.9069067523889384,-0.006219979098522871,-0.007228330828894539,0.004949048462663481,0.022205860453678273,1
MSFT,2025-05-28,0.0,0.0,0.0,0.0,0,0,0,68.4756489540303,15.68192709691084,16.343769327316068,-0.6618422304052274,436.51924558018845,416.005682523291,470.03541847086484,409.1079531111664,0.7184809895066963,8.812346552203241,-0.007228330828894539,-0.0017680185331177235,0.16282508003392548,0.7354352080730587,-0.008636224641230022,0.0028861712028968047,0.01423382198312192,0.03336546254884409,1
MSFT,2025-05-29,0.0,0.0,0.0,0.0,0,0,0,69.10911750834241,15.178586013238544,16.110732664500564,-0.9321466512620198,438.20220096299045,417.50311760471527,464.0133531886362,421.481663290856,0.7690410112404329,8.636268967679188,0.0028861712028968047,0.013500623610156316,0.16258178665166853,0.6320980596005165,0.012335769260257366,0.0036626581083923993,0.019621569898945146,0.04401754307810967,1
MSFT,2025-05-30,0.0,0.0,0.0,0.0,0,0,0,69.93709859604039,14.743959465004934,15.837378024601438,-1.093418559596504,439.88330761420866,419.00706674965903,463.8756406383626,425.15834373663745,0.792810436690793,8.45367002846522,0.0036626581083923993,0.01209163953173388,0.08416812620388686,1.6636431730479024,0.010804492992794776,0.0034973246380331593,0.02176554207695065,0.031714316356414474,1
MSFT,2025-06-02,0.0,0.0,0.0,0.0,0,0,0,70.74634767345165,14.362595897320944,15.542421599145339,-1.1798257018243952,441.5561439937706,420.51455784181394,464.8506623504184,426.9051817657925,0.8049155620970501,8.219041879536366,0.0034973246380331593,0.026189583767625414,0.06326529888436178,0.82335207022754,0.02348431822629383,0.00216455891358169,0.023334820358488474,0.03716688952030196,1
MSFT,2025-06-03,0.0,0.0,0.0,0.0,0,0,0,71.26373525696438,13.979118657472611,15.229761010810794,-1.2506423533381827,443.16396484574034,422.00176196329,465.6949974817144,428.7937537389887,0.8033471556445365,7.863961962342748,0.00216455891358169,0.004949048462663481,0.06339245731417344,0.7882125086764865,0.008356589999502671,0.0019439352873648534,0.017171827783123605,0.03255076435692601,1
MSFT,2025-06-04,0.0,0.0,0.0,0.0,0,0,0,71.74804206449998,13.590458159669765,14.901900440582589,-1.3114422809128232,444.70353364670405,423.4655923669202,465.7697815796911,431.82367545155887,0.8102773761584869,7.494633724368769,0.0019439352873648534,0.01423382198312192,0.072492027729599,0.7107298747724389,0.013952003255344564,0.008213638855416344,0.018863145904870586,0.0352901578580518,1
MSFT,2025-06-05,0.0,0.0,0.0,0.0,0,0,0,73.76394964369824,13.43203645493304,14.60792764345268,-1.175891188519639,446.45578790598375,425.01996926896805,465.8024790264018,435.2690114521139,0.9115634131403061,7.368123057105679,0.008213638855416344,0.019621569898945146,0.08120139782323807,1.018357209339455,0.005084203681576477,0.005773073264969275,0.02392649773148916,0.02078335370574618,1
MSFT,2025-06-06,0.0,0.0,0.0,0.0,0,0,0,75.11883188222299,13.368117731160396,14.359965660994224,-0.9918479298338276,448.29578204049574,426.6182342512971,466.5903443239881,437.75011893284784,0.9717541040480566,7.242152892683248,0.005773073264969275,0.02176554207695065,0.07548091578525021,0.7896060209159693,0.01654255827458706,0.005038545683650669,0.00973684653647732,0.03320725339342294,1
MSFT,2025-06-09,0.0,0.0,0.0,0.0,0,0,0,76.2769591059398,13.352907428450408,14.158554014485462,-0.8056465860350546,450.184046474139,428.24585481374623,467.24602664613815,440.54274593686966,1.032824878604059,7.065064516758581,0.005038545683650669,0.023334820358488474,0.07952019135369877,0.8482730559642929,0.011759429337014671,-0.0038709366182859348,0.013516660321367663,0.03672122319980391,1
MSFT,2025-06-10,0.0,0.0,0.0,0.0,0,0,0,73.43469102287803,13.04426782711596,13.935696777011563,-0.8914289498956034,451.71989784230135,429.73858544222065,468.59977145406657,441.4153225400741,0.9157869404869756,6.973476511174132,-0.0038709366182859348,0.017171827783123605,0.050137036141817685,0.8074093522720049,0.01172639268499868,0.003609932996345172,0.015119310379761547,0.04533672703684056,1
MSFT,2025-06-11,0.0,0.0,0.0,0.0,0,0,0,74.389408031529,12.788087848161695,13.706174991241589,-0.9180871430798945,453.26979666200776,431.238791324848,469.92713944546875,442.4944669998437,0.9295254955534481,6.886308717171283,0.003609932996345172,0.018863145904870586,0.05420943480068546,0.8777830827956412,0.009111932443826264,0.01322406679212078,0.0161228836465491,0.052536963599222754,1
MSFT,2025-06-12,0.0,0.0,0.0,0.0,0,0,0,77.57961192798162,12.935335834107036,13.55200715981468,-0.6166713257076442,455.2614938549118,432.922862927305,472.7401252612779,442.33128281977673,1.0474365944378539,6.946117225042037,0.01322406679212078,0.02392649773148916,0.05918902796363859,1.0169407847953025,0.01804237275930151,-0.008165006394638801,-0.00306969692913175,0.03564650725034651,0
MSFT,2025-06-13,0.0,0.0,0.0,0.0,0,0,0,71.57299813038247,12.594435942240295,13.360492916299805,-0.7660569740595093,456.6947718769142,434.3890609727416,474.22132566480974,443.01171266526836,0.87470486805044,6.90404755324817,-0.008165006394638801,0.00973684653647732,0.04817597978619755,0.9150240367604547,-0.0035719605897366127,0.008800772012571678,0.023244082789938815,0.04726714713271198,1
MSFT,2025-06-16,0.0,0.0,0.0,0.0,0,0,0,73.89957810450092,12.514007342121545,13.191195801464154,-0.6771884593426094,458.3857471464492,435.96007866820395,476.3439518825071,443.35174819073507,0.9425943264302717,6.816180945968112,0.008800772012571678,0.013516660321367663,0.05474730242507147,0.8698159487683189,0.005002765552660013,-0.002295781157999426,0.022895097620870383,0.026944039465926637,1
MSFT,2025-06-17,0.0,0.0,0.0,0.0,0,0,0,72.2243634769015,12.221493297798418,12.997255300731007,-0.7757620029325896,459.81194063808204,437.4267727913565,478.0901752081813,443.50375789728747,0.8632585631210234,6.687203252222714,-0.002295781157999426,0.015119310379761547,0.04177647594312957,0.8723950779664099,-0.00920259439514915,0.004602127794275656,0.029767354780961177,0.027298991186045903,1
MSFT,2025-06-18,0.0,0.0,0.0,0.0,0,0,0,73.51738014412828,12.026820177947855,12.803168276174377,-0.7763480982265225,461.3097792064046,438.9213795683805,479.99024167853486,443.78908571404327,0.8770482335582894,6.672116792937496,0.004602127794275656,0.0161228836465491,0.0481698277184193,0.9861334218568184,-0.006518638458309841,-0.005913760783752511,0.03583629552952773,0.0387306376973612,1
MSFT,2025-06-20,0.0,0.0,0.0,0.0,0,0,0,69.04869811701327,11.512903658742744,12.54511535268805,-1.0322116939453068,462.3971354975729,440.24709096819583,480.6479954816611,445.590023317167,0.7740606564229234,6.661643517343445,-0.005913760783752511,-0.00306969692913175,0.054864346489583854,2.010399169863,-0.012775307319142488,0.01801428363095686,0.03883541714021512,0.04256387489502314,1
MSFT,2025-06-23,0.0,0.0,0.0,0.0,0,0,0,74.16897119263982,11.658387487885022,12.367769779727446,-0.7093822918424237,464.19196629653914,441.85476814147125,482.8579212492695,446.4636180573711,0.9556232096535844,7.263727250495617,0.01801428363095686,0.023244082789938815,0.06846065962109249,1.3063739584768606,0.008248370931189863,0.008456712844384486,0.023477354764928408,0.02185179797336177,1
MSFT,2025-06-24,0.0,0.0,0.0,0.0,0,0,0,76.19568761167339,11.96416246711874,12.287048317205706,-0.3228858500869656,466.2034544161768,443.5589965105404,484.78866024800277,448.4867914121535,1.0144326262402834,7.158655403639885,0.008456712844384486,0.022895097620870383,0.0886977946691011,1.155494681396049,0.009779392916648866,0.0044072326481445975,0.003958315817989159,0.02734085225530244,1
MSFT,2025-06-25,0.0,0.0,0.0,0.0,0,0,0,77.20783375199913,12.238009371295675,12.2772405280237,-0.03923115672802524,468.22707561947243,445.28027025721656,487.8086637776837,448.59387528481625,0.9908915299398485,7.012992681756178,0.0044072326481445975,0.029767354780961177,0.06854932852452542,0.9145383319789595,0.019053032978921094,0.010522757110364425,-0.0023970109204329106,0.01870923150028079,0
MSFT,2025-06-26,0.0,0.0,0.0,0.0,0,0,0,79.46301921456885,12.72227489566626,12.366247401552213,0.35602749411404666,470.54647894589175,447.13519340583065,491.1774472276688,449.194855018425,1.0334272670018034,6.920175687269796,0.010522757110364425,0.03583629552952773,0.08765534623946669,1.114923008006302,0.027180615977931866,-0.0030355207222799636,0.0027942081005704273,0.011800156224366342,1
MSFT,2025-06-27,0.0,0.0,0.0,0.0,0,0,0,77.06908987545981,12.837423671736076,12.460482655588986,0.3769410161470894,472.50258297857465,448.85873763654564,493.55312390509084,450.50870775994827,0.9426742691152334,6.86935001009296,-0.0030355207222799636,0.03883541714021512,0.08123312199693246,1.6945242638035571,0.03471419102488364,0.002964039281397116,0.0035890745476044707,0.014275822880243044,1
MSFT,2025-06-30,0.0,0.0,0.0,0.0,0,0,0,77.77115638597027,12.897460516748708,12.54787822782093,0.34958228892777754,474.4110196675571,450.5717741297357,495.80930825610506,451.9212581501449,0.9255346265025658,6.762744444530385,0.002964039281397116,0.023477354764928408,0.08048050874655847,1.4140131801432985,0.029492649999213374,-0.010775863003698545,-0.0015882684497108323,0.016907679619350902,0
MSFT,2025-07-01,0.0,0.0,0.0,0.0,0,0,0,69.4245799046534,12.374123531124383,12.513127288481623,-0.1390037573572407,475.63221894308,452.0094932642773,496.67370696785974,454.03541168448396,0.7786005550978615,6.779746494004344,-0.010775863003698545,0.003958315817989159,0.06511235512428935,0.9859951455105934,0.017914196508998646,-0.0019509358548099858,0.023290345892759533,0.02757860912955052,1
MSFT,2025-07-02,0.0,0.0,0.0,0.0,0,0,0,68.01666797037645,11.747257753838198,12.35995338155294,-0.6126956277147411,476.64658385679706,453.3535543338001,497.0792088323862,456.41438857972315,0.7345086433876513,6.6349791714843445,-0.0019509358548099858,-0.0023970109204329106,0.06073835857225069,0.8056081972639229,0.02195618926766555,0.01578120662915357,0.021156955874989166,0.04196780788480459,1
MSFT,2025-07-03,0.0,0.0,0.0,0.0,0,0,0,72.81063540183989,11.734433288461673,12.234849362934686,-0.5004160744730122,478.295212426425,454.94585353003896,498.477752743256,458.47861932705644,0.8869833289054565,6.800446002892184,0.01578120662915357,0.0027942081005704273,0.07538760587369589,0.6906553269495042,0.022014588781298992,-0.0022452752192034728,0.008980853749499026,0.022472089904422895,1
MSFT,2025-07-07,0.0,0.0,0.0,0.0,0,0,0,71.15079861546637,11.502187088431754,12.088316908034098,-0.5861298196023448,479.68120305378187,456.4322166862599,499.59070192139257,460.3402612133731,0.8282162496498269,6.570034646573808,-0.0022452752192034728,0.0035890745476044707,0.06423184866779973,0.7011452232547464,0.009383519809463364,-0.0022100792667480596,0.010648529964772604,0.024793049656131803,1
MSFT,2025-07-08,0.0,0.0,0.0,0.0,0,0,0,69.47566286595861,11.102258346214569,11.891105195670194,-0.7888468494556253,480.8314580596345,457.81757605602365,500.39432961652693,462.13494894792615,0.7742919814596055,6.390031603391239,-0.0022100792667480596,-0.0015882684497108323,0.05578468955918802,0.5992471093833119,0.0040300961254185015,0.013873813101749384,0.018525371331867317,0.017417822005832834,1
MSFT,2025-07-09,0.0,0.0,0.0,0.0,0,0,0,73.65892856358516,11.206653061107204,11.754214768757597,-0.5475617076503934,482.52193361738506,459.41615940347435,502.33494052973424,463.2402273169455,0.9039898542473317,6.652211620841293,0.013873813101749384,0.023290345892759533,0.06506606499324617,0.9386717991485634,0.010378092853212697,-0.004031702002207557,0.004190661285922457,0.004687125956777887,1
MSFT,2025-07-10,0.0,0.0,0.0,0.0,0,0,0,70.58941223779667,11.000380248984072,11.603447864802893,-0.6030676158188211,483.85997037573674,460.8732245084392,503.1855744106886,465.41567681001453,0.8248802551560943,6.650233502346955,-0.004031702002207557,0.021156955874989166,0.06489417385871864,0.8273173599642292,0.00865491843487581,0.0036692040247426672,0.020379680018908962,0.018744504628879347,1
MSFT,2025-07-11,0.0,0.0,0.0,0.0,0,0,0,71.7390091022393,10.858756480416275,11.454509587925571,-0.5957531075092959,485.24410091751923,462.3446016282829,504.09458886519985,467.54661291702666,0.8440064695010367,6.6865911947794405,0.0036692040247426672,0.008980853749499026,0.06495706420161378,0.8255571363327521,-0.002750537806523073,-0.000596153913273444,0.013371151796180022,0.020642931421542356,1
MSFT,2025-07-14,0.0,0.0,0.0,0.0,0,0,0,71.2499199086455,10.600349362993768,11.28367754293921,-0.6833281799454429,486.46811244192963,463.74662595359837,505.2170963012362,468.81546595462316,0.8043803447921491,6.416922144088042,-0.000596153913273444,0.010648529964772604,0.050431213354394794,0.6154692616259267,0.006654054205610822,0.0055665440501391494,0.013995488314668823,0.018846233188782705,1
MSFT,2025-07-15,0.0,0.0,0.0,0.0,0,0,0,73.09342389548705,10.498273958299023,11.126596826011175,-0.6283228677121517,487.83961568406727,465.20240126853076,505.9940197136777,471.0943408820254,0.8531469801190705,6.348288133505108,0.0055665440501391494,0.018525371331867317,0.0649740045323035,0.7655567174684986,0.0029016334521091707,-0.0003954309868738847,-0.0010874047492662898,0.013344607686154773,0
MSFT,2025-07-16,0.0,0.0,0.0,0.0,0,0,0,72.73464499614312,10.282862316073647,10.95784992402367,-0.6749876079500226,489.0616368000936,466.5933203326019,506.8052547897504,472.905188325484,0.8190440896665246,6.236461069570661,-0.0003954309868738847,0.004190661285922457,0.05526572772827913,0.7781501373173435,0.00025631517273091357,0.012024760236845317,0.0004943928379294821,0.01507053951418452,1
MSFT,2025-07-17,0.0,0.0,0.0,0.0,0,0,0,76.50919460255379,10.47717245535955,10.861714430290846,-0.38454197493129527,490.7406508362454,468.16578950307587,508.20921737416666,474.8342762781771,0.9545187753256723,6.33915241067661,0.012024760236845317,0.020379680018908962,0.07041247788839544,0.8939569255468865,0.0035472591696200863,-0.0032245474683887383,-0.0016025166142070895,0.04260307915433475,0
MSFT,2025-07-18,0.0,0.0,0.0,0.0,0,0,0,73.53403315612846,10.379676146948668,10.76530677362241,-0.38563062667374126,492.1041540025107,469.61252066303496,508.97618357965564,477.0191289203443,0.8773745096536115,6.396316357806539,-0.0032245474683887383,0.013371151796180022,0.062073085974174824,1.0731744833846242,0.006350058320194343,1.957736812739211e-05,0.00717583050639763,0.027565901106979318,1
MSFT,2025-07-21,0.0,0.0,0.0,0.0,0,0,0,73.54073882602981,10.185792004692132,10.649403819836355,-0.46361181514422256,493.33874140963763,471.00290502045885,508.4642205289953,480.7651221223719,0.8773642845054007,6.402009652707962,1.957736812739211e-05,0.013995488314668823,0.06841221281498464,0.7567659751196231,0.006337864923050088,-0.009390970877059798,0.004783793350181625,0.05015091800953302,1
MSFT,2025-07-22,0.0,0.0,0.0,0.0,0,0,0,65.02912885154561,9.539446314057557,10.427412318680597,-0.8879660046230402,494.0040278722986,472.1527616576008,508.17539785682266,482.96208383263047,0.6886110020399797,6.364150269131512,-0.009390970877059798,-0.0010874047492662898,0.039650230706802035,0.7688429187376461,0.010801337150646281,0.0011874623542776977,0.014447722957981655,0.04449110607897405,1
MSFT,2025-07-23,0.0,0.0,0.0,0.0,0,0,0,65.56672771873578,8.971732364557624,10.136276327856002,-1.164543963298378,494.6625362157478,473.28082455253866,508.23088025153083,484.4671788305004,0.6922821641520973,6.340309918299707,0.0011874623542776977,0.0004943928379294821,0.032156128230366586,0.9241256676989578,0.016004026438778615,0.009903684595914012,0.014568943894737285,0.03769742257461317,1
MSFT,2025-07-24,0.0,0.0,0.0,0.0,0,0,0,69.74863082314275,8.820444570908876,9.873109976466576,-1.0526654055577005,495.73079971696376,474.55919625551815,509.10741635645843,485.4334253183463,0.8636430430025107,6.439116787294312,0.009903684595914012,-0.0016025166142070895,0.037804431405619926,0.911368597588406,0.010158550981709617,0.00553953804787975,0.04427654967501582,0.019495793270209612,1
MSFT,2025-07-25,0.0,0.0,0.0,0.0,0,0,0,71.82988747887126,8.824944663685244,9.66347691391031,-0.8385322502250663,496.9642131367767,475.89733132883117,510.69159463686094,485.45933004575625,0.9203419096766478,6.540063517539864,0.00553953804787975,0.00717583050639763,0.03268667746161178,1.0897362849237926,0.015169344601831992,-0.0023554637255466604,0.020244797366046573,0.016215275777995353,1
MSFT,2025-07-28,0.0,0.0,0.0,0.0,0,0,0,69.62428097742796,8.632319804976248,9.457245492123498,-0.8249256871472497,497.9660461211462,477.1360030207459,511.71753493324263,486.073178567734,0.8348925042126945,6.418075950631704,-0.0023554637255466604,0.004783793350181625,0.03339110155598857,0.8650962561666434,0.012993587513907329,0.00013662698991618246,0.04515113097921983,0.018088042384193894,1
MSFT,2025-07-29,0.0,0.0,0.0,0.0,0,0,0,69.68229590424261,8.38855994994816,9.24350838368843,-0.8549484337402706,498.87906986295667,478.3288184085659,512.6486251508875,486.64325106981556,0.8040470510116505,6.388261969416229,0.00013662698991618246,0.014447722957981655,0.030477913656909106,1.032926686238432,0.010177295534099485,0.0013070987626484457,0.02961550648799356,0.032522161273584024,1
MSFT,2025-07-30,0.0,0.0,0.0,0.0,0,0,0,70.26743812026886,8.15490640502378,9.025787987955502,-0.8708815829317214,499.7683219751528,479.5008732568973,512.8829287849381,488.50720793381186,0.8085508210229241,6.392406650511518,0.0013070987626484457,0.014568943894737285,0.04306477316236818,1.6218163575948656,0.0003940829179650726,0.03947468686102857,0.02279635979304674,0.014301430671493198,1
MSFT,2025-07-31,0.0,0.0,0.0,0.0,0,0,0,81.74272169520867,9.479272724786256,9.116484935321653,0.362787789464603,502.4835192219388,481.41369756315254,518.3360287773482,487.2535921943315,1.3198547276853505,8.921294240953394,0.03947468686102857,0.04427654967501582,0.08635884488038958,2.8627221852315503,-0.003688271283699722,-0.017600766235274203,-0.023730070748517816,-0.020656117837557428,0
MSFT,2025-08-01,0.0,0.0,0.0,0.0,0,0,0,68.53940838398034,9.667127332615394,9.226613414780402,0.4405139178349913,504.0545933306381,482.8868779474713,520.5395212828348,487.5523610413839,0.9527172418560101,9.340756367460012,-0.017600766235274203,0.020244797366046573,0.050657454419374685,1.5429633473248732,-0.024140594768136514,0.021999149708366434,-0.003949563475799324,-0.007517495367792294,0
MSFT,2025-08-04,0.0,0.0,0.0,0.0,0,0,0,74.07642416037807,10.61490712475586,9.504272156775494,1.1106349679803653,506.56338554877675,484.7500165229075,525.2038251617938,486.6429369231671,1.1346723765065656,9.673670327845915,0.021999149708366434,0.04515113097921983,0.07618736186617578,1.3101033627047647,-0.009058969726764033,-0.014729880461766327,-0.025893947576433343,-0.03461279676705113,0
MSFT,2025-08-05,0.0,0.0,0.0,0.0,0,0,0,65.57181039304278,10.613268057480923,9.726071336916581,0.8871967205643418,508.089180117048,486.2337111108572,526.8971896490903,488.03210722590967,0.8890273514281076,9.694231544264145,-0.014729880461766327,0.02961550648799356,0.06268386625133308,0.9724320514646144,-0.011475766560067767,-0.005324561260076477,0.0028230487665293937,-0.03406923833394456,1
MSFT,2025-08-06,0.0,0.0,0.0,0.0,0,0,0,62.80613470045852,10.269066620437002,9.834670393620666,0.43439622681633594,509.20465789421905,487.5501027056214,528.217765323703,488.83355608742977,0.7863085559019429,9.544279741005571,-0.005324561260076477,0.02279635979304674,0.04256124109924415,1.0758585112323777,-0.002647874857444382,-0.007810431388453685,-0.008305591861191619,-0.036613694163670205,0
MSFT,2025-08-07,0.0,0.0,0.0,0.0,0,0,0,58.902450200932755,9.558502018326749,9.779436718561882,-0.22093470023513362,509.82724488420416,488.65566029712886,528.6136720177377,490.3546995642935,0.6635599467722649,9.608036090907275,-0.007810431388453685,-0.023730070748517816,0.03860573688628608,0.8108772564183238,0.0002688794317876606,0.0023039287737129633,0.0031486710989011247,-0.030280071489484982,1
MSFT,2025-08-08,0.0,0.0,0.0,0.0,0,0,0,59.69210295020365,8.987650833594216,9.62107954156835,-0.633428707974133,510.5037028677026,489.76446003884683,529.092241099994,491.7298017466856,0.6744809065048492,9.293077157179217,0.0023039287737129633,-0.003949563475799324,0.037192938025404264,0.7850743371524084,0.02486641942518788,-0.000516920833184759,-0.0035820795425215205,-0.026772083252355368,0
MSFT,2025-08-11,0.0,0.0,0.0,0.0,0,0,0,59.41562532106516,8.416663332940175,9.380196299842714,-0.9635329669025392,511.0902875276238,490.81929853916165,529.3123034581058,493.3664013758785,0.6480972536926516,9.185930406183573,-0.000516920833184759,-0.025893947576433343,0.0372751670376777,1.0002367553222893,0.007525693304165662,0.014316236590083124,-0.008950615971356895,-0.031970274320012135,0
MSFT,2025-08-12,0.0,0.0,0.0,0.0,0,0,0,64.33938558976747,8.46343961055129,9.19684496198443,-0.7334053514331398,512.3254515037876,492.12283621516883,530.6119532693945,494.38581284388664,0.8191238725658736,9.18119436074839,0.014316236590083124,0.0028230487665293937,0.04630076444304063,0.916099390428086,0.02344066003741386,-0.01636278531423305,-0.0367884315641243,-0.049834845276560936,0
MSFT,2025-08-13,0.0,0.0,0.0,0.0,0,0,0,55.87590441121785,7.719586810322198,8.901393331651985,-1.1818065213297864,512.6263071734418,493.0389773845801,530.5511503795373,495.92797559702524,0.5648372964344354,9.468218992066296,-0.01636278531423305,-0.008305591861191619,0.029587500461721827,0.9523952844312205,0.01913778353734772,0.0036495507712388923,-0.02854518697509513,-0.02498562285623081,0
MSFT,2025-08-14,0.0,0.0,0.0,0.0,0,0,0,57.20592266904302,7.198897802021179,8.560894225725825,-1.361996423704646,513.0776800765664,493.99296739523385,530.9016435400484,496.64492628417025,0.604868126076039,9.202855265077956,0.0036495507712388923,0.0031486710989011247,0.0210669470935226,0.9773822640876948,0.020087039249260853,-0.004421153964126788,-0.03332381684936743,-0.022971455267019956,0
MSFT,2025-08-15,0.0,0.0,0.0,0.0,0,0,0,55.0338483726127,6.526444904789344,8.15400436153853,-1.6275594567491858,513.268221892191,494.81984589505316,530.9333807292288,497.61528260084935,0.5241321540169502,9.042025930322412,-0.004421153964126788,-0.0035820795425215205,0.01984117920530629,1.2041695779934676,0.009824650506321893,-0.005901971834724407,-0.02327337077517311,-0.02431323974611342,0
MSFT,2025-08-18,0.0,0.0,0.0,0.0,0,0,0,52.19721721587777,5.682713534067091,7.6597461960442415,-1.9770326619771508,513.1510951513425,495.49508296243465,530.7809802380665,498.46479002560534,0.42002479247822716,9.018584788169607,-0.005901971834724407,-0.008950615971356895,0.013802257709736879,1.1091153348122211,0.011605249743006443,-0.014175127010954632,-0.023227559312008948,-0.02156179399866758,0
MSFT,2025-08-19,0.0,0.0,0.0,0.0,0,0,0,46.089005956446385,4.37790772357323,7.003378501550039,-2.625470777976809,512.3538653164304,495.8592044888006,530.3173024933542,499.3740610320364,0.17471087699352406,8.979133635452765,-0.014175127010954632,-0.0367884315641243,0.008906089648284118,0.9852024707796565,-0.004481182758013442,-0.007944736348424792,-0.0135447020571215,-0.007040901750035382,0
MSFT,2025-08-20,0.0,0.0,0.0,0.0,0,0,0,43.08869010695561,2.985819684736555,6.1998667381873425,-3.2140470534507877,511.25062446970196,496.0517782902508,530.3367289135587,499.3397817065585,0.04613534067315543,8.801751661565454,-0.007944736348424792,-0.02854518697509513,-0.0002965134899625584,1.239295912911226,-0.010513499982009721,-0.0012874464645681644,0.0036641581997834635,0.006100348669705689,1
MSFT,2025-08-21,0.0,0.0,0.0,0.0,0,0,0,42.608474949893896,1.8096957776933777,5.32183254608855,-3.5121367683951723,510.1910528126173,496.21151726201794,530.8941771534527,498.2069153758442,0.05868361527248935,8.520907643213695,-0.0012874464645681644,-0.03332381684936743,-0.011374612233241535,0.8201843083319773,-0.014574693858804753,0.0059297905187300545,0.010709234139406032,-0.018324576979637665,1
MSFT,2025-08-22,0.0,0.0,0.0,0.0,0,0,0,45.611212097520884,1.1041829123066123,4.478302619332163,-3.3741197070255504,509.51483438068647,496.4812914586974,531.1878052038771,497.35419919065407,0.16955213359308138,8.501707946176646,0.0059297905187300545,-0.02327337077517311,-0.010990924187448405,1.069350719004924,0.0029061269492466953,-0.005855345599874021,-0.001064646892821583,-0.017802611517985928,0
MSFT,2025-08-25,0.0,0.0,0.0,0.0,0,0,0,43.193769379697656,0.3038571658296405,3.6434135286316582,-3.3395563628020177,508.6224681552565,496.624965872618,531.6898706140266,496.11828673460633,0.11319997143549088,8.18278551955094,-0.005855345599874021,-0.023227559312008948,-0.014460511612752927,0.93619974360964,-0.001290155848984711,-0.004402531956218018,0.0017053770601554688,-0.011601250150179229,1
MSFT,2025-08-26,0.0,0.0,0.0,0.0,0,0,0,41.42632703233569,-0.5022919203725564,2.814272438830815,-3.3165643592033716,507.60538401826034,496.67665680768386,532.3522443152772,494.49494196401974,0.09108263237521995,8.056672442176412,-0.004402531956218018,-0.0135447020571215,-0.018933420878105327,1.2939021394108383,0.008361779665422715,0.009361816148083311,0.0065931019080630714,-0.0033263672165994886,1
MSFT,2025-08-27,0.0,0.0,0.0,0.0,0,0,0,46.424554323015364,-0.7562964386259523,2.100158663339462,-2.8564551019654143,507.1291318572951,496.9091305143678,532.5328393080657,493.75319889994205,0.22825217910810502,8.00474643927687,0.009361816148083311,0.0036641581997834635,-0.011041522337800074,0.7391162808004734,0.01335203570600667,0.0057228723995941064,0.002427296471652315,-0.011307548712299062,1
MSFT,2025-08-28,0.0,0.0,0.0,0.0,0,0,0,49.29938506150302,-0.7172322195630727,1.536680486758955,-2.2539127063220277,506.9721744519872,497.24528536092447,530.3524662182356,493.65389059328777,0.32227922492541017,7.829005905976218,0.0057228723995941064,0.010709234139406032,-0.04315307201768164,0.8303518403672,0.021036750227382207,-0.0057884141639705945,-0.028726175776721055,0.0005101546740673105,0
MSFT,2025-08-29,0.0,0.0,0.0,0.0,0,0,0,46.562293078038586,-0.9118605909032453,1.046972271226515,-1.9588328621297604,506.551505005481,497.4535151610322,529.6783534221057,492.68553817945684,0.26679794493814035,7.634647826054267,-0.0057884141639705945,-0.001064646892821583,-0.03164796044673829,0.9843185511331201,-0.0004027965094411887,-0.0030986061403616904,-0.01675580363944581,0.017111043922455115,0
MSFT,2025-09-02,0.0,0.0,0.0,0.0,0,0,0,45.12631425002238,-1.1781783476169494,0.6019421474578222,-1.7801204950747715,506.0225926054054,497.59251161764615,526.4563676058262,492.9676253140956,0.23979101456356658,7.78927324187882,-0.0030986061403616904,0.0017053770601554688,-0.05542827677210981,0.8659392070356291,-0.0034243045708078467,0.0004553899382945415,-0.013283973027465933,0.007760573074978528,0
MSFT,2025-09-03,0.0,0.0,0.0,0.0,0,0,0,45.392033867421034,-1.3552053735771779,0.21051264325082214,-1.565718016828,505.5657813304859,497.73500426866985,524.6776648015867,492.61051268864765,0.2686724876521223,7.620422512105612,0.0004553899382945415,0.0065931019080630714,-0.0408702619241721,0.7860802369235734,-0.0022008784383165773,0.005184552333097258,-0.009854497418926831,0.009241133314694144,0
MSFT,2025-09-04,0.0,0.0,0.0,0.0,0,0,0,48.453762533006255,-1.271159481539371,-0.08582178170721647,-1.1853376998321545,505.3999647305586,497.97381614171223,523.1511127632924,492.53936575233257,0.3686604777857653,7.430335007729409,0.005184552333097258,0.002427296471652315,-0.030736701794448873,0.7565292382852444,0.003850630504002373,-0.025533019878216726,-0.013701587369273904,0.0009449203504830724,0
MSFT,2025-09-05,0.0,0.0,0.0,0.0,0,0,0,37.303567264512324,-2.2170267095647205,-0.5120627672787172,-1.7049639422860032,504.0247814963611,497.6987857350366,523.1190808564573,490.09326960740987,0.02626040455250052,8.28817249212773,-0.025533019878216726,-0.028726175776721055,-0.04804977896816465,1.5023399225551715,-0.002588871873618394,0.006464652241031167,0.03010101757263814,0.04632337744234061,1
MSFT,2025-09-08,0.0,0.0,0.0,0.0,0,0,0,40.91615585088715,-2.6796377761867802,-0.9455777690603299,-1.7340600071264505,503.082843252102,497.5590070760799,522.1178816740118,488.8149064119258,0.1597311795072823,8.135403566493228,0.006464652241031167,-0.01675580363944581,-0.04409808177267243,0.7852089868056774,0.005859932011701113,0.00042144797146357503,0.03444398419767738,0.03261744202944244,1
MSFT,2025-09-09,0.0,0.0,0.0,0.0,0,0,0,41.15574203763601,-2.9949324700010607,-1.3554487092484762,-1.6394837607525845,502.2504469314033,497.43287667642056,520.8417610936191,487.85901100110743,0.19657763120032354,7.876650253818444,0.00042144797146357503,-0.013283973027465933,-0.04320062932043505,0.6839523575600294,0.015712144211261773,0.0039326187087160075,0.021327864884300954,0.021709131906969117,1
MSFT,2025-09-10,0.0,0.0,0.0,0.0,0,0,0,43.46062860886268,-3.0527461312506716,-1.6949081936489154,-1.3578379376017562,501.6824751440375,497.38793026417125,517.0885571886835,488.834938294715,0.2637469167158012,7.775238454060678,0.0039326187087160075,-0.009854497418926831,-0.05299544349758816,1.018622603242533,0.013157419201332739,0.001279029983660392,0.019285681431510035,0.01954548439694105,1
MSFT,2025-09-11,0.0,0.0,0.0,0.0,0,0,0,44.228774632274664,-3.012616031018922,-1.9584497611229168,-1.0541662698960053,501.229049776897,497.3696392259317,515.1505474940179,488.9166552647712,0.30513404013176293,7.594638517153517,0.001279029983660392,-0.013701587369273904,-0.036010645420975915,0.8914905280071486,0.013110259965364317,0.017744138041324256,0.014849975962843494,0.012015691829160055,1
MSFT,2025-09-12,0.0,0.0,0.0,0.0,0,0,0,53.64908314689824,-2.243457428676493,-2.015451294633632,-0.22800613404286096,501.65856433497527,497.69784759498214,512.6965322891645,490.2079934676715,0.690616642207268,7.869722369977228,0.017744138041324256,0.03010101757263814,-0.022473019588227245,1.106677097190735,0.01571275364772952,0.010707966556227732,0.015748319429806347,0.0030593672938792017,1
MSFT,2025-09-15,0.0,0.0,0.0,0.0,0,0,0,58.307016835546385,-1.183273247743955,-1.8490156852556967,0.6657424375117418,502.5629285342857,498.2255550786195,511.647007591839,490.86512009370784,0.9762957448331433,7.907660163423219,0.010707966556227732,0.03444398419767738,-0.007618220736851236,0.8185493545322049,0.01861805663018777,-0.012263286316427105,-0.001765723612044223,-0.0014748493791488908,0
MSFT,2025-09-16,0.0,0.0,0.0,0.0,0,0,0,51.816048413250925,-0.8392059273274413,-1.6470537336700457,0.8078478063426044,502.7841692272629,498.4867472641853,510.217435883543,491.5794482717305,0.7139455082791726,7.954223646124866,-0.012263286316427105,0.021327864884300954,-0.013968552801643344,0.9503516830109069,0.014869370976557755,0.0019252177044594076,0.0003733052193884431,0.017503578163167867,1
MSFT,2025-09-17,0.0,0.0,0.0,0.0,0,0,0,52.69545636836837,-0.48253422508270205,-1.4141498319525772,0.9316156068698751,503.07691227146705,498.7758148691743,510.3724076719945,491.532255413943,0.7603821657726272,7.765798775885457,0.0019252177044594076,0.019285681431510035,0.002135165652931021,0.7731076664086938,0.010686740777298712,-0.003078314527175932,0.0002548872903484167,0.018999208130041866,1
MSFT,2025-09-18,0.0,0.0,0.0,0.0,0,0,0,51.0868483716952,-0.32181189842100366,-1.1956822452462625,0.8738703468252589,503.1934712218035,498.99248021744205,510.6603488049933,491.59740876336605,0.6663910424569306,7.5943742251172965,-0.003078314527175932,0.014849975962843494,0.007051033363791808,0.944834412819387,0.007040281577481008,0.01864504341562033,-0.002792810958087079,0.014337732666671831,0
MSFT,2025-09-19,0.0,0.0,0.0,0.0,0,0,0,59.18822263011982,0.557851253521676,-0.8449755454926748,1.4028267990143508,504.19442550648296,499.56938260934385,512.7817605043621,490.8338339780599,1.0419962544284462,7.820599309622204,0.01864504341562033,0.015748319429806347,0.027149944166803962,2.4159852335753738,0.01236697836076826,-0.006719168188079679,-0.012492220654669782,-0.0011200593879796847,0
MSFT,2025-09-22,0.0,0.0,0.0,0.0,0,0,0,55.55088430499454,0.9653426421118638,-0.4829119079717672,1.448254550083631,504.77132127297864,499.9883021562201,513.7350428201172,490.596658840039,0.8494617528852189,7.643849891656372,-0.006719168188079679,-0.001765723612044223,0.014234154862295923,0.93050065569763,0.011769910628532202,-0.010146751793009685,0.00029138874488245526,0.027446762343291825,1
MSFT,2025-09-23,0.0,0.0,0.0,0.0,0,0,0,50.534354621409044,0.8605893606529662,-0.21421165424682054,1.0748010148997866,504.80018899679465,500.1877582431545,514.008805309777,490.8158406863167,0.614780900942143,7.613619221978905,-0.010146751793009685,0.0003733052193884431,0.009856028686993902,0.9247029098368779,0.007649694430177569,0.0018066160697351387,0.01712388050980893,0.02896513104099333,1
MSFT,2025-09-24,0.0,0.0,0.0,0.0,0,0,0,51.36790096789687,0.8415004904604757,-0.0030692253053613006,0.844569715765837,504.9132098503365,500.4151758790694,514.3206900865199,491.30833823379254,0.6378561313128962,7.463688910026293,0.0018066160697351387,0.0002548872903484167,0.01615410172181102,0.6586783797921041,0.005693222085840866,-0.0061158567709069965,0.018739544368007125,0.02881494825839938,1
MSFT,2025-09-25,0.0,0.0,0.0,0.0,0,0,0,48.38979678363933,0.5700969062392574,0.11156400100356244,0.4585329052356949,504.7207483885857,500.51232053094725,514.3347057504972,491.32308538719815,0.50275812533422,7.292589295982311,-0.0061158567709069965,-0.002792810958087079,0.0005722750961907912,0.7711196365014518,-0.0036021793292102294,0.008737116838221672,0.01717851998361286,0.030313839431166525,1
MSFT,2025-09-26,0.0,0.0,0.0,0.0,0,0,0,52.592479386885095,0.7014668446833525,0.22954456973952048,0.47192227494383204,504.96507652754485,500.7779626217986,514.534562174249,491.30374043805574,0.6879848500881952,7.29028091760825,0.008737116838221672,-0.012492220654669782,0.0035710827184711733,0.7954595353604946,-0.002832621105934132,0.006139175253390624,0.01151602195400353,-0.0009775756772915005,1
MSFT,2025-09-29,0.0,0.0,0.0,0.0,0,0,0,55.366781787282726,1.044833777526037,0.39260241129682383,0.6522313662292132,505.4827371149513,501.1553175266423,515.3725110587237,491.250328296745,0.7938827338938804,7.334184471801781,0.006139175253390624,0.00029138874488245526,0.015610958330800602,0.8715269679016548,-0.0047387652742306155,0.006510091239335301,0.027147463133200246,-0.0010686522843556194,1
MSFT,2025-09-30,0.0,0.0,0.0,0.0,0,0,0,58.17882853041634,1.567009506291356,0.6274838302957303,0.9395256759956258,506.2675494470095,501.6481782746784,516.7719388560872,491.1234346790691,0.8811364501616269,7.412500241172924,0.006510091239335301,0.01712388050980893,0.025399989035555258,0.9720779260769175,0.004478066207344515,0.0033979490169828543,0.011641896093570487,-0.00845643769955525,1
MSFT,2025-10-01,0.0,0.0,0.0,0.0,0,0,0,59.618231095784516,2.0975144650101356,0.9214899572386114,1.1760245077715243,507.1438658873241,502.19016626666405,518.3528532031098,490.9668001172027,0.8946916109542848,7.507895273912262,0.0033979490169828543,0.018739544368007125,0.02841591565993935,1.0981630322517562,0.011117935534703312,-0.007638794985508159,0.00989006851269596,-0.012083618595687472,1
MSFT,2025-10-02,0.0,0.0,0.0,0.0,0,0,0,55.018223683732344,2.1751415214297367,1.1722202700768365,1.0029212513529002,507.5617178061653,502.55648566935,519.052620335141,491.03769338556214,0.7315249362055604,7.74525066501692,-0.007638794985508159,0.01717851998361286,0.015296201032531428,1.0156973673720864,0.01697425076934213,0.0031216109813124535,0.012913484889324322,-0.008007942794885866,1
MSFT,2025-10-03,0.0,0.0,0.0,0.0,0,0,0,56.48455222765097,2.338552699915226,1.4054867560445143,0.9330659438707118,508.09185066205134,502.971059282041,518.986562140735,493.32050878211663,0.7717432724887922,7.580960536699439,0.0031216109813124535,0.01151602195400353,0.0451514331205737,0.7537013522662193,0.011166281482462325,0.021687525447268263,-0.012351359108638172,-0.007286943843001104,0
MSFT,2025-10-06,0.0,0.0,0.0,0.0,0,0,0,65.03830445025042,3.3276731426309993,1.7899240333618116,1.5377491092691877,509.63134981774886,503.8057860473286,521.5256263033853,493.7936608059897,1.0984771704604286,8.008636632239016,0.021687525447268263,0.027147463133200246,0.06095944755236247,1.054578372775673,0.01194847810529037,-0.00868393907854081,-0.027470364704485287,-0.022286487329761497,0
MSFT,2025-10-07,0.0,0.0,0.0,0.0,0,0,0,59.85481913645919,3.701531503443107,2.1722455273780708,1.5292859760650361,510.5906478819811,504.4292446137937,522.3209319243948,495.5344849457224,0.9023031149188636,8.028859922535167,-0.00868393907854081,0.011641896093570487,0.05130307079843401,0.7202481581928547,0.00441320649248421,0.0016603972128627347,-0.019867043734284773,-0.012061426945693572,0
MSFT,2025-10-08,0.0,0.0,0.0,0.0,0,0,0,60.49746203738598,4.0210943077260595,2.5420152834476686,1.4790790242783909,511.54076661048293,505.0620936301645,523.1270349417817,497.1563970650542,0.9014217354735864,7.728833187076781,0.0016603972128627347,0.00989006851269596,0.048923634776923644,0.6722209716299489,0.0069712506914078355,-0.004667856650417729,-0.021758494110893603,-0.008211896210655264,0
MSFT,2025-10-09,0.0,0.0,0.0,0.0,0,0,0,57.69656616420594,4.0317988889494245,2.83997200454802,1.1918268844014044,512.1689757800202,505.57483360116294,523.1166639549435,499.2883134620487,0.7910178018489622,7.704568601306781,-0.004667856650417729,0.012913484889324322,0.04269377301309012,0.9239909684255448,0.002899008920579202,-0.021898996790729253,-0.020654703482890408,-0.003522258278679294,0
MSFT,2025-10-10,0.0,0.0,0.0,0.0,0,0,0,46.80050017268326,3.0890910058457735,2.889795804807571,0.1992952010382023,511.65671934412546,505.62249829143593,523.0812966112458,499.4288138623871,0.31123452953762926,8.142540316005402,-0.021898996790729253,-0.012351359108638172,0.0020788008535333035,1.2140947639648145,-0.02419284978471151,0.006047449842543621,0.00512774994664741,0.024757287867452415,1
MSFT,2025-10-13,0.0,0.0,0.0,0.0,0,0,0,49.570748631753496,2.559783470339198,2.8237933379138966,-0.26400986757469846,511.4851338848263,505.78848157496725,523.0320937508377,499.3480850821701,0.44363211846034917,7.947038540552616,0.006047449842543621,-0.027470364704485287,-0.002541925562346402,0.723798887663403,-0.012760368297489572,-0.0009337442047255717,0.005330302734835021,0.03398511671593065,1
MSFT,2025-10-14,0.0,0.0,0.0,0.0,0,0,0,49.142664953888065,2.077935082103636,2.674621686751845,-0.5966866046482089,511.28454949605566,505.9292861329189,522.9359733449278,499.8935096872988,0.4116525149555828,8.036842875493228,-0.0009337442047255717,-0.019867043734284773,0.008899122545356493,0.7536725645998988,-0.010297088638399997,-0.00027259659520262347,0.007963834639670138,0.05549389680187877,1
MSFT,2025-10-15,0.0,0.0,0.0,0.0,0,0,0,49.00972456805459,1.6656616161598095,2.4728296726334382,-0.8071680564736288,511.08984409855185,506.0591236501482,522.8707730003536,500.296927194959,0.39617598633412493,7.97216326759301,-0.00027259659520262347,-0.021758494110893603,0.006686010349690884,0.7563840347461165,-0.011795988102344414,-0.003544781944462506,0.013847907514337248,0.05476880172395143,1
MSFT,2025-10-16,0.0,0.0,0.0,0.0,0,0,0,47.22129634801534,1.179673248689653,2.2141983878446814,-1.0345251391550283,510.7417634756987,506.1130794896951,522.7009611157692,500.78016071040264,0.3035854861650894,8.020495282466161,-0.003544781944462506,-0.020654703482890408,0.006214974128782891,0.8078771081405536,-0.015674406889242192,0.003850699107449468,0.01749377391726903,0.02765769986462292,1
MSFT,2025-10-17,0.0,0.0,0.0,0.0,0,0,0,49.374813889013154,0.9413425698639912,1.9596272242485433,-1.018284654384552,510.6129266733256,506.24154606071806,522.4920405254887,500.55762988466756,0.40262523168404873,8.026410779213581,0.003850699107449468,0.00512774994664741,-0.008398841421119756,1.1269604518998495,0.017411468502946,0.0062501879681455255,0.019529396061194162,0.008236090147545559,1
MSFT,2025-10-20,0.0,0.0,0.0,0.0,0,0,0,52.75726864820354,0.997865205181995,1.7672748204352338,-0.7694096152532388,510.79957688598506,506.48982872132717,522.600865130431,500.68089756488155,0.542512497147045,7.8264538628278375,0.0062501879681455255,0.005330302734835021,0.004548583092323581,0.84467779725749,0.012457784890383189,0.0016833785981220273,0.028502884975360777,0.0004642776511337472,1
MSFT,2025-10-21,0.0,0.0,0.0,0.0,0,0,0,53.660902140228075,1.099609296353151,1.6337417156188174,-0.5341324192656665,511.05062745971566,506.7622122189283,522.6155830669752,501.5022971820484,0.5652038623048858,7.667701256815862,0.0016833785981220273,0.007963834639670138,0.016554343283276374,0.908726778526834,0.013681015505875757,0.005563395425819077,0.04715453127264216,-0.006432675961103307,1
MSFT,2025-10-22,0.0,0.0,0.0,0.0,0,0,0,56.619112360314304,1.39465675115855,1.585924722726764,-0.19126797156821418,511.54981086570996,507.1359314739765,522.8984738467074,502.24992092868337,0.6800540623704237,7.656306485870522,0.005563395425819077,0.013847907514337248,0.02036642668333074,1.0883629472063656,0.003953889667641416,3.853915785319867e-05,0.040361965445034474,-0.025703904123086978,1
MSFT,2025-10-23,0.0,0.0,0.0,0.0,0,0,0,56.63987719091563,1.611513024586202,1.5910423830986518,0.02047064148755018,512.0033479912228,507.49577536454973,522.6704837901277,503.8198696034269,0.6626882793548474,7.487745264863457,3.853915785319867e-05,0.01749377391726903,0.026684807980592248,0.8089707579867027,0.01683225140375112,0.00585902659276733,0.009989177533955413,-0.045066852813870725,1
MSFT,2025-10-24,0.0,0.0,0.0,0.0,0,0,0,59.791084581596635,2.004367200290858,1.673707346537093,0.33065985375376483,512.701794480898,507.9601385319326,523.2127837208267,504.48265390124374,0.7930741737859199,7.2922546312172045,0.00585902659276733,0.019529396061194162,0.02375551006770599,0.8977770302270033,0.019356103225263835,0.01510679861762233,-0.011076979199696127,-0.051163980708013736,0
MSFT,2025-10-27,0.0,0.0,0.0,0.0,0,0,0,66.57560052851821,2.915170590787966,1.9219999953872677,0.9931705954006982,514.0809146400833,508.7139588307723,525.5530531883655,503.82058877940784,1.0749801280386113,7.548561193351435,0.01510679861762233,0.028502884975360777,0.03288014615896246,1.0793867533179622,0.0207657427811686,0.01984865975815061,-0.02726157382134979,-0.04801334528297365,0
MSFT,2025-10-28,0.0,0.0,0.0,0.0,0,0,0,73.09593144008893,4.430266121481964,2.423653220606207,2.0066129008757567,516.3252488019652,509.84856528210844,530.6340739902319,501.1318836513696,1.237689109488754,8.582146863405466,0.01984865975815061,0.04715453127264216,0.04656817842131289,1.6780728298831247,0.023492114946741593,-0.0009593816364750745,-0.05117411579035916,-0.06159721660126426,0
MSFT,2025-10-29,0.0,0.0,0.0,0.0,0,0,0,72.34671812704016,5.52567233088871,3.0440570426627076,2.4816152882260027,518.3067122717185,510.91844959396207,534.3775739918411,499.5545579661667,1.0790580930871725,8.645006846341818,-0.0009593816364750745,0.040361965445034474,0.0420233778172889,1.9430656887049738,0.029335197804730533,-0.029157028790225113,-0.06350277284489204,-0.05615351801996921,0
MSFT,2025-10-30,0.0,0.0,0.0,0.0,0,0,0,54.18643691319287,5.071604808134566,3.4495665957570796,1.6220382123774866,518.6079284764953,511.33221558721357,534.7927690782133,500.1331800184665,0.615595942774412,9.40403797779766,-0.029157028790225113,0.009989177533955413,0.01942827579138303,2.100595669985565,0.012013267884981249,-0.015120984260318295,-0.05451150524429771,-0.04273805338073793,0
MSFT,2025-10-31,0.0,0.0,0.0,0.0,0,0,0,47.69491821276151,4.029044467974586,3.565462170200581,0.46358229777400517,518.1294924869184,511.4205346067714,534.7938838608451,500.17768901513153,0.3872944912218185,9.739748662462302,-0.015120984260318295,-0.011076979199696127,0.0008891303781533946,1.6609573861442828,0.007102206382798919,-0.0015063165468070486,-0.040536018138071526,-0.014735043970182181,0
MSFT,2025-11-03,0.0,0.0,0.0,0.0,0,0,0,47.098749950838446,3.104595327322045,3.473288801624874,-0.3686934743028294,517.6229436767803,511.47505207240664,534.0442443057952,499.78274238854084,0.3802515027914435,9.778721561749267,-0.0015063165468070486,-0.02726157382134979,-0.021832556796617233,1.0902107265500007,-0.002772857483747014,-0.005221979194921715,-0.02133335221797093,-0.018451560487990144,0
MSFT,2025-11-04,0.0,0.0,0.0,0.0,0,0,0,45.001857855157844,2.1313111964113887,3.2048932805821773,-1.0735820841707886,516.9096007568563,511.4224164231977,533.7607739654104,499.1090990814646,0.31813019061946857,9.731309028967038,-0.005221979194921715,-0.05117411579035916,-0.018416515655626714,1.005673820460731,-0.01720377173804779,-0.013940508492654926,-0.010985261874034348,-0.039935491871785606,0
MSFT,2025-11-05,0.0,0.0,0.0,0.0,0,0,0,39.919075440253806,0.7771781615417694,2.7193502567740957,-1.9421720952323263,515.5869084740233,511.0929621237433,533.7146547885653,497.4006619838957,0.15477972453888106,9.620694545673455,-0.013940508492654926,-0.06350277284489204,-0.03370472254087482,1.0797617651881353,-0.014271429414273076,-0.019836009251469527,0.007847599129843027,-0.03951421958729244,1
MSFT,2025-11-06,0.0,0.0,0.0,0.0,0,0,0,34.099599907072246,-1.0885696999503125,1.957766265429214,-3.0463359653795266,513.439907285649,510.3851360010904,534.8803337880038,493.725626295004,-0.016577211708437338,9.737603303483398,-0.019836009251469527,-0.05451150524429771,-0.04843037399713234,1.2585271973707344,-0.014003585106076738,-0.0005632566285092281,0.012452242337017362,-0.035756521119090647,1
MSFT,2025-11-07,0.0,0.0,0.0,0.0,0,0,0,33.951247517808255,-2.560086115952572,1.0541957891528568,-3.614281905105429,511.4709338332211,509.69417717889695,536.0281515399313,491.1753488262795,0.03545680788399647,9.476344546892944,-0.0005632566285092281,-0.040536018138071526,-0.027673374239394397,1.1032961591694328,-0.016259605096034493,0.018477487941063284,0.026891029424387744,-0.047937671928796936,1
MSFT,2025-11-10,0.0,0.0,0.0,0.0,0,0,0,42.74607171952354,-2.9574782906968267,0.2518609731829202,-3.209339263879747,510.5566313783087,509.3873764290045,536.1594877001187,490.2455812696078,0.2531951143087148,9.51004433651285,0.018477487941063284,-0.02133335221797093,-0.015659967710407136,1.167235568139982,-0.0027804775425600207,0.005296467361710193,0.002944610135138299,-0.061487837772017676,1
MSFT,2025-11-11,0.0,0.0,0.0,0.0,0,0,0,45.04664588693423,-3.023076457010916,-0.403126512855847,-2.619949944155069,509.98256173718255,509.19684794733706,536.1744425050285,489.745616699073,0.3184074374225305,9.344386615356683,0.005296467361710193,-0.010985261874034348,-0.009521589380739019,0.7981676769166409,0.011492287619251076,0.00483607857853453,-0.02927178825727875,-0.06054352776181418,0
MSFT,2025-11-12,0.0,0.0,0.0,0.0,0,0,0,47.146041832500174,-2.845380817504804,-0.8915773737856384,-1.9538034437191656,509.6955407672351,509.1094751475487,536.154590453219,489.53833862392935,0.3739147238314252,9.56604496552245,0.00483607857853453,0.007847599129843027,-0.004460177190555806,1.1494033136238653,0.008559931234998073,-0.01535784661476353,-0.046993036207088036,-0.0483846510624171,0
MSFT,2025-11-13,0.0,0.0,0.0,0.0,0,0,0,41.67474830144178,-3.2948359960309404,-1.372229098234699,-1.9226068977962414,508.69433610804157,508.7201973710058,536.393609041639,488.4741094642203,0.22347442014042146,9.747781137195329,-0.01535784661476353,0.012452242337017362,-0.016262389769317695,1.0706091768795971,0.002580948665727945,0.013689913784275755,-0.04761583948377552,-0.020582831134254128,0
MSFT,2025-11-14,0.0,0.0,0.0,0.0,0,0,0,47.4401837143277,-3.0642811500362654,-1.7106395085950123,-1.353641641441253,508.439319583243,508.6141763995019,536.3554429056906,488.1750441548563,0.3703086505171567,10.054686111596732,0.013689913784275755,0.026891029424387744,-0.006620312973103092,1.1858512553464704,0.0014307277468821665,-0.005272733128224971,-0.07286917424444643,-0.04415898917530107,0
MSFT,2025-11-17,0.0,0.0,0.0,0.0,0,0,0,45.5471364634944,-3.0615655822871872,-1.9808247233334475,-1.0807408589537397,507.95448645887166,508.4076821005938,536.2042259208533,487.4038429268029,0.3267336826533672,9.847290936533705,-0.005272733128224971,0.002944610135138299,-0.017995849484019513,0.7870225047591445,-0.023142111595313056,-0.026995476946809958,-0.06424327650404767,-0.03265653861353099,0
MSFT,2025-11-18,0.0,0.0,0.0,0.0,0,0,0,37.368750710215394,-4.108502134929211,-2.4063602056526,-1.7021419292766105,506.2217198448571,507.67641758730457,536.8198147848863,484.4207369729262,0.10190446591359234,10.611122967678343,-0.026995476946809958,-0.02927178825727875,-0.046111275754330446,1.3434161085498684,-0.03355785972728855,-0.013507829718346983,-0.03221472202646109,-0.030713270486220804,0
MSFT,2025-11-19,0.0,0.0,0.0,0.0,0,0,0,34.15335789454063,-5.409671251291286,-3.0070224147803373,-2.4026488365109486,504.0239214239927,506.7143947966566,537.598113694794,480.32771638333105,0.04918981139818871,10.728839295300704,-0.013507829718346983,-0.046993036207088036,-0.06420245399860905,0.9157060969990221,-0.030363819205170804,-0.01600132392688336,-0.0014602357676280929,-0.011044556835056776,0
MSFT,2025-11-20,0.0,0.0,0.0,0.0,0,0,0,30.816363257146975,-6.984171589950563,-3.8024522498143827,-3.1817193401361803,501.29915551642495,505.4869236044164,538.8171333003936,475.01888964882517,0.006191232283184862,11.245071529626376,-0.01600132392688336,-0.04761583948377552,-0.07921194005855126,1.0299123195992363,-0.029030979289723816,-0.013188998946102292,0.028384563152403314,0.009886533641983669,1
MSFT,2025-11-21,0.0,0.0,0.0,0.0,0,0,0,28.39325716475929,-8.638352316707824,-4.769632263193071,-3.8687200535147523,498.2367260615497,504.06169704111517,539.7197326131302,469.09695134683074,0.0006611874039279999,11.197772442116516,-0.013188998946102292,-0.07286917424444643,-0.09664897051505861,1.1838321055000265,-0.019198343499924258,0.003982072607125045,0.03096670315728998,0.040032267173550025,1
MSFT,2025-11-24,0.0,0.0,0.0,0.0,0,0,0,30.155395161621925,-9.686892763549452,-5.753084363264348,-3.9338084002851037,495.64387694166254,502.76562305137475,538.1330153448455,465.06659403015453,0.08136728425461394,11.028218951728844,0.003982072607125045,-0.06424327650404767,-0.10654894626933997,1.246224911717289,0.004596864003715728,0.006307974250548218,0.03375528820408556,0.038016821826194765,1
MSFT,2025-11-25,0.0,0.0,0.0,0.0,0,0,0,32.98015040876332,-10.160993622343256,-6.634666215080129,-3.5263274072631265,493.5809306304402,501.63689040911805,532.8667623829559,463.9664987254425,0.14537595963601763,11.25263768445633,0.006307974250548218,-0.03221472202646109,-0.11841143156972932,1.0180921572549329,0.022633743704950117,0.017841128140260745,0.0015514304406285225,0.0032915744694659676,1
MSFT,2025-11-26,0.0,0.0,0.0,0.0,0,0,0,40.37189519655879,-9.742061516972512,-7.256145275458606,-2.485916241513906,492.51982590893994,500.88404494423844,525.8184316745392,465.5457010158905,0.2802864554863654,11.252354511959194,0.017841128140260745,-0.0014602357676280929,-0.10182120070706295,0.9519711695562397,0.025730812967084488,0.013408864507180028,-0.009598336902283141,-0.0041812758293411955,0
MSFT,2025-11-28,0.0,0.0,0.0,0.0,0,0,0,45.33849816276749,-8.786775031245611,-7.562271226616008,-1.2245038046296033,492.175870553587,500.41440767888537,521.8708514362708,466.2371624797448,0.40750726085601746,10.954689917189407,0.013408864507180028,0.028384563152403314,-0.06244121437924959,0.560352928048023,0.04729277163906841,-0.010711244753378271,-0.0179874632245703,-0.027397878486920577,0
MSFT,2025-12-01,0.0,0.0,0.0,0.0,0,0,0,42.26912943699899,-8.35594875111775,-7.721006731516357,-0.634942019601394,491.365928431482,499.7578222119285,519.2060940780747,465.9106326064956,0.33325249795351003,10.694614706295994,-0.010711244753378271,0.03096670315728998,-0.05824334849830639,0.9520012823648946,0.03222920981254154,0.006697668936617682,0.008793265571523459,-0.024489387212917046,1
MSFT,2025-12-02,0.0,0.0,0.0,0.0,0,0,0,44.760416752316864,-7.66476293278447,-7.70975797176998,0.04499503898551005,490.94164474343904,499.2540232901678,516.3181254239455,466.208623233281,0.41314173098305357,10.44033713290957,0.006697668936617682,0.03375528820408556,-0.05050553500396518,0.7815190657738572,0.019140758546148256,-0.025040836477469457,0.004122381448236795,-0.027775448323789677,1
MSFT,2025-12-03,0.0,0.0,0.0,0.0,0,0,0,38.09675953373053,-8.00852150089537,-7.769510677595059,-0.23901082330031098,489.3965635522856,498.2918377586447,513.9617135258607,465.02358005324095,0.1981013883275963,10.745077806395456,-0.025040836477469457,0.0015514304406285225,-0.069422212794148,1.3461339157289758,0.013140261955545142,0.006510015802057771,0.0017374484983480837,-0.0033701113729751706,1
MSFT,2025-12-04,0.0,0.0,0.0,0.0,0,0,0,40.51409497830824,-7.940053295412099,-7.803619201158467,-0.13643409425363195,488.29295900638346,497.48857807478856,512.3789878910834,464.08504409133843,0.2841696214722174,10.320398535036665,0.006510015802057771,-0.009598336902283141,-0.050122359378324446,0.8691175525666274,0.006929680771462326,0.004824857333882784,0.0054695597501308695,0.006530182726573875,1
MSFT,2025-12-05,0.0,0.0,0.0,0.0,0,0,0,42.323467121409394,-7.612021903623827,-7.765299741651539,0.15327783802771222,487.5140176445404,496.8072250015432,511.87453708290883,463.29656277060684,0.3461962375850964,9.904048223744981,0.004824857333882784,-0.0179874632245703,-0.02622349552607117,0.8887326125048887,0.0033655237201747987,0.016267915759461158,-0.009582785259799885,0.005712359568273786,0
MSFT,2025-12-08,0.0,0.0,0.0,0.0,0,0,0,48.08489410859176,-6.645214298553469,-7.541282653031925,0.896068354478456,487.5531140621362,496.45888402223943,511.517377801685,463.16960645124476,0.5120178838983178,9.845357979867215,0.016267915759461158,0.008793265571523459,-0.0098244584455785,0.8669644050008883,0.0049391335939879665,0.0020364877816049488,-0.03299254061295155,-0.012423075833338494,0
MSFT,2025-12-09,0.0,0.0,0.0,0.0,0,0,0,48.78580699222105,-5.732749300793955,-7.179575982584332,1.4468266817903768,487.68312056793724,496.163170232075,509.95498403210365,463.4367426524667,0.5477730663252137,9.399059112684126,0.0020364877816049488,0.004122381448236795,-0.025808588118879674,0.5933911390457905,0.002215643106733101,-0.027356502652071787,-0.0317668745975172,-0.010507668403297175,0
MSFT,2025-12-10,0.0,0.0,0.0,0.0,0,0,0,40.80063604933774,-6.019483465721407,-6.947557479211747,0.92807401349034,486.5269272586396,495.35453966690784,507.4694968621217,463.0236488898314,0.2816785482028902,9.930066610397521,-0.027356502652071787,0.0017374484983480837,-0.057451236822620405,1.3937265117404924,0.0053810088667234305,0.010259907912648188,-0.005098701140682849,0.01976756632848596,0
MSFT,2025-12-11,0.0,0.0,0.0,0.0,0,0,0,44.37719098996861,-5.786324401685533,-6.715310863706505,0.9289864620209718,485.9455169616858,494.7689545482301,503.84647302289136,463.9920004878509,0.41225281901118094,9.942626126008708,0.010259907912648188,0.0054695597501308695,-0.0523636173197599,0.9651554666656631,0.006984320527726598,-0.010217836182271754,0.0010548533927835476,0.00876990602238327,1
MSFT,2025-12-12,0.0,0.0,0.0,0.0,0,0,0,41.65070369685338,-5.929300031632863,-6.558108697291777,0.628808665658914,484.9519672157068,494.01382866904095,501.6838025961429,463.78770619291953,0.3094128300504682,9.738515025246048,-0.010217836182271754,-0.009582785259799885,-0.04741678371484161,0.8379060806658901,-0.005731359283233205,-0.0077528533943009,0.015443133055886751,0.01790905155035889,1
MSFT,2025-12-15,0.0,0.0,0.0,0.0,0,0,0,39.67904463483488,-6.267834115232176,-6.500053780879858,0.2322196656476816,483.701937971949,493.14374362932364,497.2355262502095,464.81698229471243,0.21622432738374023,9.62492951749223,-0.0077528533943009,-0.03299254061295155,-0.06756694980337316,0.9445864535637035,-0.0042419539526275234,0.0033065525131403153,0.021271257610206342,0.02666269361203186,1
MSFT,2025-12-16,0.0,0.0,0.0,0.0,0,0,0,40.95291815479133,-6.337185075116793,-6.467480039727246,0.13029496461045298,482.71954195415924,492.36896073347395,492.4036666275505,466.65266271815267,0.26150891400959986,9.434992952063434,0.0033065525131403153,-0.0317668745975172,-0.05952493693662669,0.8216406861658362,-0.0061050688108648605,-0.0005668537354906911,0.021956701993006936,0.015176569168855627,1
MSFT,2025-12-17,0.0,0.0,0.0,0.0,0,0,0,40.7933444486573,-6.340707364212221,-6.442125504624241,0.10141814041201958,481.80515117002057,491.6140383016006,490.9551849317572,466.4369445848444,0.27251116072446935,9.11595624065923,-0.0005668537354906911,-0.005098701140682849,-0.0339798747170291,0.9915622688705911,-0.023517657150754025,0.01650845683246851,0.024993702890607036,-0.006678967396615332,1
MSFT,2025-12-18,0.0,0.0,0.0,0.0,0,0,0,47.23762861104493,-5.648151954015532,-6.283330794502499,0.6351788404869669,481.7216981103013,491.19501303655625,490.72098825533385,466.4495470229865,0.5965590127662111,9.421603705489218,0.01650845683246851,0.0010548533927835476,-0.004586497082749851,1.1428337164639117,-0.01842795811112514,0.004008419781918714,0.007706922955771905,-0.022996713386404966,1
MSFT,2025-12-19,0.0,0.0,0.0,0.0,0,0,0,48.721186570782706,-4.887403342584378,-6.004145304118875,1.1167419615344976,481.82978961746755,490.8680187580853,491.1376849891629,466.777128243259,0.6600641709468138,9.12907665963868,0.004008419781918714,0.015443133055886751,0.015655368645304302,2.603884979434975,0.001233686956560986,-0.0020578619459043967,0.0024284161408932624,-0.015249351119344806,1
MSFT,2025-12-22,0.0,0.0,0.0,0.0,0,0,0,47.97243617839761,-4.314944038057547,-5.66630505090661,1.351361012849063,481.83295313883224,490.514881026074,490.95857958861876,468.2281696789593,0.5998500232520373,8.90570914436545,-0.0020578619459043967,0.021271257610206342,0.02711186744933405,0.6409913657179616,0.008995665843808011,0.003979939564349819,0.00527914201212475,-0.0029902429351512795,1
MSFT,2025-12-23,0.0,0.0,0.0,0.0,0,0,0,49.582886992408625,-3.664277135083182,-5.265899467741924,1.6016223326587422,482.01846162430803,490.25079911275066,491.0167974731856,469.44684998775193,0.6645330155882858,8.488909655035622,0.003979939564349819,0.021956701993006936,0.027109685265400706,0.5763512525596983,0.01638432542420082,0.002403212761824943,-0.006634461920870796,-0.017952151357048456,0
MSFT,2025-12-24,0.0,0.0,0.0,0.0,0,0,0,50.581571625075846,-3.019991962076176,-4.816717966608775,1.7967260045325988,482.2970291277221,490.04266661460974,491.35077285342567,470.2089225811447,0.6969351139682377,8.18989609812693,0.002403212761824943,0.024993702890607036,0.023124207214602246,0.24030485094966755,0.03130772603168647,-0.0006352172658270354,-0.030900355970872387,-0.017909111950655688,0
MSFT,2025-12-26,0.0,0.0,0.0,0.0,0,0,0,50.29728778933147,-2.5053676136869854,-4.354447896024417,1.8490802823374315,482.5197288276117,489.830616001353,491.57227486286376,470.2070250638941,0.6753186154352478,7.758216847755713,-0.0006352172658270354,0.007706922955771905,0.004551960796965089,0.3758594210440486,0.02347452265080332,-0.0012507137670198958,-0.03046881552834628,-0.021590712452202482,0
MSFT,2025-12-29,0.0,0.0,0.0,0.0,0,0,0,49.70530786887213,-2.121973760599701,-3.9079530689394737,1.7859793083397726,482.6634914002052,489.6031108969801,490.79419887524494,470.49719516772376,0.6667013943100185,7.50003884984315,-0.0012507137670198958,0.0024284161408932624,-0.009979496954754417,0.46651437948950975,0.010667119131339952,0.000780105758457871,-0.017634942281757326,-0.03373022703328422,0
MSFT,2025-12-30,0.0,0.0,0.0,0.0,0,0,0,50.09931639784898,-1.7672904657924278,-3.4798205483100646,1.7125300825176368,482.8295236319937,489.39933516901954,490.8797601248288,470.48516907438994,0.6826153427231804,7.261010437930233,0.000780105758457871,0.00527914201212475,0.0015203533711103962,0.6102720633074998,0.003183243566426242,-0.007918267467680897,-0.008225958941836168,-0.05764338948744736,0
MSFT,2025-12-31,0.0,0.0,0.0,0.0,0,0,0,46.144691917815265,-1.775243433413948,-3.1389051253308415,1.3636616919168936,482.61444204725024,489.0531324954183,490.154580615246,470.5763703124884,0.5105061456149201,7.085903581558093,-0.007918267467680897,-0.006634461920870796,-0.013020415167616019,0.6887640117092493,-0.008779558744136726,-0.022083453247643603,-0.011393277703253803,-0.05574624717952652,0
MSFT,2026-01-02,0.0,0.0,0.0,0.0,0,0,0,37.35798978164939,-2.607838526059254,-3.0326918054765244,0.42485327941727036,481.40911386120257,488.30432322476463,490.657582109881,469.5973892035955,0.017146418922245523,7.608952551575443,-0.022083453247643603,-0.030900355970872387,-0.010026569905607439,1.151904228106393,-0.010443595739656414,-0.00019019974544793371,0.013405478064365308,-0.02765682225512351,1
MSFT,2026-01-05,0.0,0.0,0.0,0.0,0,0,0,37.293577656957886,-3.2375681670575887,-3.0736670777927375,-0.16390108926485114,480.31006588465203,487.5813736907512,491.14208164236413,468.3189290998233,0.06792142341900931,7.53178374856786,-0.00019019974544793371,-0.03046881552834628,-0.016616703400354964,1.1299685581588446,-0.0037520048439803836,0.01196992518707453,0.009157109351755325,-0.038765003162047174,1
MSFT,2026-01-06,0.0,0.0,0.0,0.0,0,0,0,43.85338766763818,-3.2453887708371667,-3.1080114164016237,-0.137377354435543,479.8513365816495,487.10733582849133,491.05679616529056,467.94214792650627,0.32668722442197495,7.631893190599099,0.01196992518707453,-0.017634942281757326,-0.009624101327847577,1.0299644975488824,0.005757098917410635,0.010365466381806316,-0.01638421951704156,-0.0718898851470589,0
MSFT,2026-01-07,0.0,0.0,0.0,0.0,0,0,0,48.8984127365482,-2.821358015013857,-3.0506807361240704,0.22932272111021357,479.9056968253615,486.84517046818286,490.0322758794944,468.21642712343527,0.5594873778999643,7.920752668479328,0.010365466381806316,-0.008225958941836168,-0.015376170753746284,1.1337988862118007,0.0037408215499330102,-0.011086568869234769,-0.04982730793486563,-0.06687075574916061,0
MSFT,2026-01-08,0.0,0.0,0.0,0.0,0,0,0,44.26914408427318,-2.8818726348796986,-3.0169191158751962,0.13504648099549765,479.4476196258479,486.38441422356664,488.4897836857226,468.3766897029493,0.3340707567554936,7.895130939934776,-0.011086568869234769,-0.011393277703253803,-0.02827118450675996,0.7993852304788014,0.011130319951820832,0.0024471442660821837,-0.04486411884114162,-0.025433419523274176,0
MSFT,2026-01-09,0.0,0.0,0.0,0.0,0,0,0,45.48241996886564,-2.803697253273981,-2.974274743354953,0.170577490080972,479.1438953190335,485.98732011300706,488.48920317373035,468.4488125733399,0.38969808456751365,7.872047088954572,0.0024471442660821837,0.013405478064365308,0.0015044348194614044,0.8459815760755047,0.0159550733759851,-0.004381573056430271,-0.040519122116765185,-0.018778115318050917,0
MSFT,2026-01-12,0.0,0.0,0.0,0.0,0,0,0,43.645785148874644,-2.8769630718905432,-2.9548124090620713,0.07784933717152809,478.67035794861965,485.52396453719064,488.30262155318536,468.0103575727912,0.30363272244286243,7.686652457870438,-0.004381573056430271,0.009157109351755325,-0.013010154948981329,1.0788952377714578,0.010818393687175127,-0.01364259483088187,-0.04748726642235703,0.007125204181324601,0
MSFT,2026-01-13,0.0,0.0,0.0,0.0,0,0,0,38.46085702494645,-3.417619410309669,-3.047373809311591,-0.37024560099807813,477.62583050820047,484.82509611707405,488.84714427349775,466.68479237201007,0.045934991770451405,7.934690034990339,-0.01364259483088187,-0.01638421951704156,-0.016425251857669722,1.2878848375824954,0.0028331579258264834,-0.023987115487032685,-0.056430230920821424,0.023285939696271997,0
MSFT,2026-01-14,0.0,0.0,0.0,0.0,0,0,0,31.477020245179716,-4.6972136521916354,-3.3773417778876,-1.3198718743040354,475.6123207713704,483.71367973097256,491.28057170636794,462.71709675066336,-0.21821989407259187,8.326133658516827,-0.023987115487032685,-0.04982730793486563,-0.03251762390807833,1.2589189599640611,0.0011311263970572205,-0.0059210190728521276,-0.017937210737189506,-0.05633675795141177,0
MSFT,2026-01-15,0.0,0.0,0.0,0.0,0,0,0,30.060789014678093,-5.861827246149176,-3.8742388715399154,-1.9875883746092602,473.53315954835296,482.53985417013786,493.4921660081287,458.5449372633557,-0.13631436611066586,8.32407882575424,-0.0059210190728521276,-0.04486411884114162,-0.0414157147868951,1.0316291717353419,0.003959344371300574,0.00700736406738626,0.02034338747099768,-0.05774531759642221,1
MSFT,2026-01-16,0.0,0.0,0.0,0.0,0,0,0,33.832587663943656,-6.453812321320072,-4.390153561495947,-2.0636587598241247,471.954852686605,481.5367593987599,494.54129868324935,455.88005446616467,0.027957792247091842,8.205765363083827,0.00700736406738626,-0.040519122116765185,-0.034151070637602886,1.4890073494478342,-0.0034722977351428143,-0.011612163089193208,0.022659135059239884,-0.07935014842026979,1
MSFT,2026-01-20,0.0,0.0,0.0,0.0,0,0,0,30.843320863753206,-7.267365553435809,-4.96559595988392,-2.3017695935518887,470.02149838962924,480.36491128776385,495.41585749437974,452.0780695075734,-0.009770617257690309,8.370586519134509,-0.011612163089193208,-0.04748726642235703,-0.060870248881311456,1.1421697553618633,-0.025289130990863155,-0.022903320641961905,0.05733516065297826,-0.09528738155513929,1
MSFT,2026-01-21,0.0,0.0,0.0,0.0,0,0,0,26.017300986905,-8.647139402307744,-5.701904648368686,-2.945234753939058,467.28709299054253,478.8333556176248,497.08835214834596,446.2509331299743,-0.09718611853544552,8.89698405081017,-0.022903320641961905,-0.056430230920821424,-0.08604296216586683,1.7886029160710835,-0.01206450262283909,0.015829424735219647,0.0844835996546262,-0.06737070991796197,1
MSFT,2026-01-22,0.0,0.0,0.0,0.0,0,0,0,33.57591947829637,-9.072353099363283,-6.375994338567606,-2.696358760795677,465.4784107014507,477.63580947399555,496.88605536059794,443.09652215405055,0.09666205469867685,8.881124610576354,0.015829424735219647,-0.017937210737189506,-0.06966103887936474,1.1706539885143101,-0.001998921524509631,0.03282796772527477,-0.03910090844908913,-0.1273883897770699,0
MSFT,2026-01-23,0.0,0.0,0.0,0.0,0,0,0,46.07520280328873,-8.1281317724509,-6.726421825344265,-1.4017099471066343,465.24356903866374,477.06234922961096,495.2345386046715,442.6712170105629,0.3869876487011145,9.706782139891786,0.03282796772527477,0.02034338747099768,-0.0429289862835135,1.6652234805784847,-0.004348278531633425,0.009292844527509761,-0.07653178922535966,-0.13909218009285002,0
MSFT,2026-01-26,0.0,0.0,0.0,0.0,0,0,0,49.09145461410524,-6.952493310916623,-6.771636122458737,-0.18085718845788534,465.4408745682776,476.6801111068658,493.3106274536136,442.832313830566,0.4850194372948469,9.882924416010155,0.009292844527509761,0.022659135059239884,-0.03635092789925331,1.220891689585595,0.001546984440466338,0.021901801392504285,-0.09974905614430418,-0.12052397092742259,0
MSFT,2026-01-27,0.0,0.0,0.0,0.0,0,0,0,55.47183943269074,-5.1357074163476,-6.44445038123651,1.3087429648889097,466.5941554176157,476.71423708253104,492.2041572940876,443.2302787410687,0.700782657189479,10.070616836575308,0.021901801392504285,0.05733516065297826,-0.014619346505520093,1.168078022472737,0.02643227895569107,0.0021848922402072702,-0.1443464171889096,-0.14005990017234385,0
MSFT,2026-01-28,0.0,0.0,0.0,0.0,0,0,0,56.07620549638103,-3.570539215314909,-5.86966814805219,2.299128932737281,467.7369710428353,476.78794227468364,491.3150466892437,443.5758377101704,0.7335245497595435,9.758701652900218,0.0021848922402072702,0.0844835996546262,-0.011229727369650841,1.4016092390032733,0.014619123398690377,-0.09993145889009568,-0.14002453298597506,-0.16041361617067726,0
MSFT,2026-01-29,0.0,0.0,0.0,0.0,0,0,0,33.578713431339025,-6.1188027730162275,-5.919495073044998,-0.19930769997122955,464.2160357891278,474.9832053572022,492.19532919889195,437.3315873050143,-0.1196498124171983,13.363644658108617,-0.09993145889009568,-0.03910090844908913,-0.11073270575780586,4.019835363548808,0.00734411849337632,-0.007404831808259049,-0.09188007575850962,-0.07303353831544575,0
MSFT,2026-01-30,0.0,0.0,0.0,0.0,0,0,0,32.638221211622366,-8.300029267881428,-6.395601912012284,-1.904427355869144,460.7266411976037,473.12415387566983,492.9521888701109,431.2753501923891,-0.05995699023399926,13.342462487127944,-0.007404831808259049,-0.07653178922535966,-0.11027248002775832,1.7123228195777076,0.003975464382848215,-0.016082172281265326,-0.0677450399889914,-0.06732672150795069,0
MSFT,2026-02-02,0.0,0.0,0.0,0.0,0,0,0,30.64551001779496,-10.462922775473544,-7.209066084704537,-3.253856690769007,456.9146772061281,471.06834467611844,495.1113010283429,424.1904903534931,-0.04920235729371271,12.992034331302998,-0.016082172281265326,-0.09974905614430418,-0.10481239772461623,1.2050590336182283,0.003868839280012181,-0.02872199844895347,-0.023076804223210554,-0.06261666670656357,0
MSFT,2026-02-03,0.0,0.0,0.0,0.0,0,0,0,27.471464514763227,-13.00217775023765,-8.36768841781116,-4.63448933242649,452.3149598782751,468.61929764033624,498.0602295172638,415.11641538019717,-0.07835147423755942,13.115222011433136,-0.02872199844895347,-0.1443464171889096,-0.1303585690698983,1.667129199452325,-0.00856945838397441,0.007246902312043624,0.00500964070352303,-0.028233664931910128,1
MSFT,2026-02-04,0.0,0.0,0.0,0.0,0,0,0,29.40125112304152,-14.607227512714871,-9.615596236791902,-4.99163127592297,448.4353310729037,466.38241763176916,498.25636997162513,408.52881984771085,0.033992208301151995,12.927950796878326,0.007246902312043624,-0.14002453298597506,-0.13441732246674276,1.186317254553034,-0.01327247439478482,-0.04954245008532904,-0.02370891259897961,-0.035781918903897016,0
MSFT,2026-02-05,0.0,0.0,0.0,0.0,0,0,0,24.556117301892712,-17.324883565792845,-11.157453702592091,-6.167429863200754,442.9832264394724,463.4336260549106,499.5361271209229,398.325674026538,-0.07052079490254753,13.556820052295786,-0.04954245008532904,-0.09188007575850962,-0.1857405876281692,1.658091378470701,-0.023658565113502814,0.018975296244727134,0.020753357502650865,0.011346218296493743,1
MSFT,2026-02-06,0.0,0.0,0.0,0.0,0,0,0,29.134413075073013,-18.66452552476403,-12.65886806702648,-6.00565745773755,438.7573139232875,460.8915679750918,498.6966258422896,391.5167011840776,0.06619190914788621,13.218052679502778,0.018975296244727134,-0.0677450399889914,-0.16098800984741593,1.281900157508564,-0.0019509093706342074,0.031061447638092772,0.0004487168199520889,-0.03936902498834378,1
MSFT,2026-02-09,0.0,0.0,0.0,0.0,0,0,0,36.100063967619384,-18.513708256292375,-13.82983610487966,-4.683872151412714,436.11305395235684,458.93474508306923,495.39665041743615,388.29008359135287,0.21196179944808108,13.26902279984134,0.031061447638092772,-0.023076804223210554,-0.13703887322080893,1.0553218800763184,-0.002099463981098648,-0.0007978522959694166,-0.04047387005885692,-0.05733101514360042,0
MSFT,2026-02-10,0.0,0.0,0.0,0.0,0,0,0,35.99914135218991,-18.210722320964237,-14.706013348096578,-3.5047089728676593,433.689398609424,457.04180107399054,491.70592357985845,385.63010242111807,0.23600637880503125,13.100575529895808,-0.0007978522959694166,0.00500964070352303,-0.13393265137736313,1.0157296012993127,0.003756160156048388,-0.021535581637642624,-0.03307759875035856,-0.028445468637834353,0
MSFT,2026-02-11,0.0,0.0,0.0,0.0,0,0,0,33.2955625583043,-18.471307081539294,-15.459072094785121,-3.012234986754173,430.6542911479238,454.87627045397807,488.9701358754199,381.77768516950204,0.18698224513177686,13.261433141022021,-0.021535581637642624,-0.02370891259897961,-0.14086305826701656,0.947180915767762,0.00840875438283833,-0.0062566915141442575,-0.012366195349644027,-0.00428591077464693,0
MSFT,2026-02-12,0.0,0.0,0.0,0.0,0,0,0,32.54725671576816,-18.665522186184376,-16.100362113064975,-2.565160073119401,427.66880643480306,452.69707167774976,487.3867578136374,377.6433355701517,0.1974001324830243,12.895500111152613,-0.0062566915141442575,0.020753357502650865,-0.1252558234964451,0.8969256713273144,0.005386547196624819,-0.001293975565864969,-0.009215878779152281,-0.02041502292563053,0
MSFT,2026-02-13,0.0,0.0,0.0,0.0,0,0,0,32.38615786542982,-18.64619019831889,-16.609527730115758,-2.036662468203133,424.91844473100485,450.5830692019526,485.6017768337198,373.9292046115927,0.22262229156751884,12.50602169004095,-0.001293975565864969,0.0004487168199520889,-0.12118423618817041,0.7405633382740122,-0.012843544696793618,-0.011113329498388795,-0.03979988293139242,-0.0046356046362474495,0
MSFT,2026-02-17,0.0,0.0,0.0,0.0,0,0,0,30.970161963036887,-18.772092523051697,-17.042040688702947,-1.7300518343487497,422.0079379736993,448.37816938145625,483.0385200318217,370.2321800414205,0.2138704592306537,12.094676053069547,-0.011113329498388795,-0.04047387005885692,-0.13699817333008496,0.6984844628205983,-0.015995472862596515,0.006904251842566745,-0.017568198049778497,0.0201379364568007,0
MSFT,2026-02-18,0.0,0.0,0.0,0.0,0,0,0,32.91086202488323,-18.43960771032448,-17.321554093027256,-1.1180536172972246,419.6339316506833,446.3665106442239,480.4843534503674,367.328970524242,0.26292961314277985,11.673674367862308,0.006904251842566745,-0.03307759875035856,-0.12083073448398254,0.5072720187605269,-0.00842341363948669,-0.0005769491188825678,0.004790591371694033,0.016328420927075076,1
MSFT,2026-02-19,0.0,0.0,0.0,0.0,0,0,0,32.82723442938321,-17.987251352803924,-17.45469354498259,-0.532557807821334,417.46420255281316,444.4247563492758,478.8421682892975,364.5253091276947,0.28277952379407323,11.391887582432648,-0.0005769491188825678,-0.012366195349644027,-0.1007419755430765,0.6233546943183909,-0.010810007463769858,-0.0030868870817751318,0.008181458083907623,0.030668010146693653,1
MSFT,2026-02-20,0.0,0.0,0.0,0.0,0,0,0,32.35380742945357,-17.52558189884735,-17.46887121575554,-0.05671068309180782,415.38444416701697,442.511108629773,475.91412842451876,362.18643004716097,0.29403839110358565,10.9310364901702,-0.0030868870817751318,-0.009215878779152281,-0.11748754795942562,0.7438768296795064,0.01197765561576392,-0.03212251686356348,-0.011303314119203508,0.029529469418030706,0
MSFT,2026-02-23,0.0,0.0,0.0,0.0,0,0,0,27.864309054622154,-17.977938929285415,-17.570684758461518,-0.40725417082389725,412.29242214069393,440.174132326277,470.2172465628877,359.8738758736357,0.2088420615850729,11.155461897160583,-0.03212251686356348,-0.03979988293139242,-0.17298528156743517,0.9401913464637087,0.0009388208496531196,0.01178254028064954,0.036621822545177256,0.0648685662696462,1
MSFT,2026-02-24,0.0,0.0,0.0,0.0,0,0,0,31.498493636059095,-17.767561288718866,-17.61006006451299,-0.15750122420587687,409.92456880902813,438.10573349615646,461.9059693071263,360.19662163525646,0.26775651546606755,10.902865894191425,0.01178254028064954,-0.017568198049778497,-0.1709452244686161,0.7331414116487037,0.006590004037318735,0.029820000385969457,0.038380409135503245,0.04308482545318919,1
MSFT,2026-02-25,0.0,0.0,0.0,0.0,0,0,0,39.854529373814366,-16.47863644056696,-17.383775339723783,0.9051388991568246,408.88252642524424,436.57151350726,447.9784591083155,366.26741186336415,0.40038297169118847,11.011207280760976,0.029820000385969457,0.004790591371694033,-0.16452129931240758,0.9294066980638993,0.009995855065331896,0.0027958037549529104,0.011482820056694727,0.010683975276197676,1
MSFT,2026-02-26,0.0,0.0,0.0,0.0,0,0,0,40.60784040771611,-15.192020265519886,-16.945424324883003,1.7534040593631168,408.04596222235637,435.14120326363894,427.6074531630129,378.78890608991674,0.4365082019564831,10.847169886309834,0.0027958037549529104,0.008181458083907623,-0.1640120084993782,0.7349236718263983,0.00704189431385456,-0.022353879899142903,0.022304072230729867,0.00034850112860515417,1
MSFT,2026-02-27,0.0,0.0,0.0,0.0,0,0,0,36.64481089280282,-14.724321239019616,-16.501203707710328,1.7768824686907116,406.437284505123,433.41624808433573,422.5979298851648,379.83719889901494,0.26467384984735387,10.914671910379255,-0.022353879899142903,-0.011303314119203508,-0.09195757988202653,1.196221671003132,-0.004989715564674729,0.014793449697371425,0.04129960595635826,0.007154826398755063,1
MSFT,2026-03-02,0.0,0.0,0.0,0.0,0,0,0,40.67858718729655,-13.728488349013617,-15.946660635970986,2.218172286957369,405.53291224105624,431.98586093328026,417.3612670172284,382.01026008238097,0.4223674781756356,10.886293609958715,0.014793449697371425,0.036621822545177256,-0.07165022608183254,0.8489537677258698,0.005847132906885665,0.013498988042953877,0.027248841486971414,0.003512807551333035,1
MSFT,2026-03-03,0.0,0.0,0.0,0.0,0,0,0,44.22019679806614,-12.364384101375038,-15.230205329051797,2.8658212276767596,405.2249856102116,430.8216970777472,413.66789959882914,383.863493833788,0.618572600599341,11.10679921038171,0.013498988042953877,0.038380409135503245,-0.04373970070503631,0.9185685180496077,-0.010212987650163886,0.0031441550485353524,0.0045305326220499275,-0.011190090904980795,1
MSFT,2026-03-04,0.0,0.0,0.0,0.0,0,0,0,45.05413706572041,-11.053833683444623,-14.394930999930363,3.3410973164857403,405.06685128498316,429.7527903372596,412.90102376875444,384.12506265702683,0.6755469422136214,11.076080265301394,0.0031441550485353524,0.011482820056694727,-0.012366255170157279,0.8884308234482201,-0.011570448536573642,0.013524118716237533,-0.0007897759256576147,-0.033094741955613446,0
MSFT,2026-03-05,0.0,0.0,0.0,0.0,0,0,0,48.62338336722386,-9.465695090983843,-13.40908381814106,3.9433887271572168,405.4435731073583,428.9398350463836,412.34570090151055,384.42474282407534,0.8809757719498016,10.797852454545605,0.013524118716237533,0.022304072230729867,-0.006211269009216249,0.9749297667755823,-0.011591367508973596,-0.0041881400272643565,-0.021476556436106447,-0.052741779414478135,0
MSFT,2026-03-06,0.0,0.0,0.0,0.0,0,0,0,47.57869905465021,-8.250208813691245,-12.377308817251098,4.127100003559853,405.62126968827954,428.0915821899385,413.25772452214824,385.1248346819533,0.7885628760889581,10.349552580138916,-0.0041881400272643565,0.04129960595635826,0.04121073552072106,0.8137828972738778,-0.0198398958411506,0.00110034574802457,-0.03279054305052165,-0.06624117367016331,0
MSFT,2026-03-09,0.0,0.0,0.0,0.0,0,0,0,47.89412437320599,-7.168132933987977,-11.335473640598474,4.1673407066104975,405.82472670457435,427.2941698828576,414.1963583790332,385.1008431590527,0.7787016325032612,10.087649467493652,0.00110034574802457,0.027248841486971414,0.02294572907487469,0.8126892356885327,-0.011815625747572635,-0.008915233433622225,-0.023106411004834824,-0.06450738695046926,0
MSFT,2026-03-10,0.0,0.0,0.0,0.0,0,0,0,45.5025162841049,-6.528656326354451,-10.374110177749671,3.84545385139522,405.66259220443635,426.3854696699269,413.0684762557703,385.54169830477656,0.6750014906004526,9.884294282241322,-0.008915233433622225,0.0045305326220499275,-0.016716286470927398,0.8713404047889669,-0.004630215452300113,-0.0021688108090147616,-0.015649721951204777,-0.08137820677406006,0
MSFT,2026-03-11,0.0,0.0,0.0,0.0,0,0,0,44.920100773888294,-6.023158671711656,-9.503919876542069,3.4807612048304133,405.43242624300194,425.47803358912097,411.82516513856905,386.04312709775905,0.6672367205566146,9.706135059350157,-0.0021688108090147616,-0.0007897759256576147,-0.018065404045283152,0.7202578937760075,-0.01284418508573164,-0.0074590042350433945,-0.03233049988042586,-0.08358027662492166,0
MSFT,2026-03-12,0.0,0.0,0.0,0.0,0,0,0,42.89117390401375,-5.7984129745218524,-8.762818496138026,2.9644055216161735,404.9377225159899,424.4882298056015,411.69349953888025,386.01651938201815,0.5538625508325672,9.326568586085886,-0.0074590042350433945,-0.021476556436106447,-0.003938903290783841,0.7866228613682376,-0.022383419539795106,-0.01570202058711399,-0.031951429660693864,-0.08930964544414792,0
MSFT,2026-03-13,0.0,0.0,0.0,0.0,0,0,0,38.934187039223886,-6.057582679738232,-8.221771332858067,2.164188653119835,403.8916052488421,423.29078907639905,411.59905251339444,385.5756453625821,0.3219350102699317,9.410914153254705,-0.01570202058711399,-0.03279054305052165,-0.013406262471834957,0.7905373433785312,-0.015006424506572344,0.011123808473237573,-0.0345846810939411,-0.09804069511447303,0
MSFT,2026-03-16,0.0,0.0,0.0,0.0,0,0,0,42.89070134022374,-5.8420213380713335,-7.745821333900721,1.9037999958293872,403.36247659605056,422.3121602653454,411.5764313504938,385.5528411104437,0.49120483246830204,9.154164945375053,0.011123808473237573,-0.023106411004834824,-0.0011390810718856195,0.8243327934121549,-0.013622902484812781,-0.001350222245784884,-0.04238023098116507,-0.10248787489084606,0
MSFT,2026-03-17,0.0,0.0,0.0,0.0,0,0,0,42.526522054933274,-5.64946326400252,-7.326549719921081,1.6770864559185608,402.832518120013,421.35081721955373,411.61168351202616,385.8615678307473,0.46354528712222676,8.973378400528848,-0.001350222245784884,-0.015649721951204777,0.008722500212229577,0.786425352662285,-0.009436252312489358,-0.019078035958764075,-0.06677347107895779,-0.07320789606968661,0
MSFT,2026-03-18,0.0,0.0,0.0,0.0,0,0,0,37.666545439611305,-6.039623825937326,-7.069164541124331,1.0295407151870046,401.63025065304004,420.1295581017986,411.78299943388623,385.0030357223638,0.194386895012605,8.930710149207,-0.019078035958764075,-0.03233049988042586,-0.017306705905662554,0.7737219149335113,-0.02203074371632714,-0.007070190974615995,-0.052962066840137996,-0.05722457816177381,0
MSFT,2026-03-19,0.0,0.0,0.0,0.0,0,0,0,36.053529267891484,-6.496556766001959,-6.954642986099857,0.4580862200978979,400.27973722124005,418.8480012985571,412.13147938333793,383.7143641225215,0.13145231183159206,8.679093467202916,-0.007070190974615995,-0.031951429660693864,-0.023691254694022373,0.7542216602456996,-0.00939849139201698,-0.018379473087377345,-0.05925138215260181,-0.03999793004970007,0
MSFT,2026-03-20,0.0,0.0,0.0,0.0,0,0,0,32.21830501197665,-7.348584717414951,-7.033431332362876,-0.31515338505207513,398.3796418050803,417.33744184965536,413.29491743855027,381.0211256522701,-0.021453639699129695,8.692305442316913,-0.018379473087377345,-0.0345846810939411,-0.03866777096424015,1.4881242138270703,-0.018041526278676834,0.0029591709988243237,-0.06572923878236761,-0.02354209534887229,0
MSFT,2026-03-23,0.0,0.0,0.0,0.0,0,0,0,33.42369611148246,-7.842603322503521,-7.1952657303910055,-0.6473375921125157,396.7676943108093,415.9302556247761,413.4904778398742,380.6791632734071,0.02362081044504583,8.464832155833802,0.0029591709988243237,-0.04238023098116507,-0.003823322386101287,0.8861113412462434,-0.017727426306770596,-0.02678861083223309,-0.06276775590302038,-0.027963458672037124,0
MSFT,2026-03-24,0.0,0.0,0.0,0.0,0,0,0,28.472703002383696,-8.955441741707489,-7.547300932654303,-1.4081408090531857,394.3360629655462,414.17752266637495,415.80754931208855,376.74265210392707,-0.140972773818784,8.653416999966469,-0.02678861083223309,-0.06677347107895779,-0.041799547155424784,1.2591956559785218,-0.023593215080031094,-0.0045607570856762225,-0.006894815772294913,0.00426572180845034,0
MSFT,2026-03-25,0.0,0.0,0.0,0.0,0,0,0,27.739515039248346,-9.860330701470389,-8.009906886417522,-1.8504238150528671,391.97476648798676,412.4271276579356,417.48145455238034,372.1246794808228,-0.05693150638635689,8.56388752867871,-0.0045607570856762225,-0.052962066840137996,-0.07378927095776242,0.9359506324549747,-0.004257771381323378,-0.013664275998505926,-0.004500887633311193,0.0054711442991908525,0
MSFT,2026-03-26,0.0,0.0,0.0,0.0,0,0,0,25.620548148549986,-10.859732359445388,-8.579871981023095,-2.2798603784222937,389.3574477674047,410.5473548055411,419.0950685602086,366.9504972356899,-0.04713007032928358,8.630148063590026,-0.013664275998505926,-0.05925138215260181,-0.08899226882777538,1.1016869568438894,-0.019624535211925136,-0.025138767672072248,0.020466096614584553,0.013389062555468555,1
MSFT,2026-03-27,0.0,0.0,0.0,0.0,0,0,0,22.292758122229884,-12.249925538369098,-9.313882692492296,-2.936042845876802,386.1167400838275,408.38196901276865,422.05979110447015,360.40329178127206,-0.0822828857803723,8.686696971096056,-0.025138767672072248,-0.06572923878236761,-0.09158733286927528,1.156308994928277,-0.02232606771328178,0.006138384709554399,0.045155157567505315,0.07736080719690222,1
MSFT,2026-03-30,0.0,0.0,0.0,0.0,0,0,0,24.796799074126113,-13.025512878612801,-10.056208729716397,-2.969304148896404,383.39240002190047,406.3870356959383,423.25599885464936,355.26406340120997,0.03304959650578843,8.712171347553044,0.006138384709554399,-0.06276775590302038,-0.09933508752034965,1.348151757281117,-0.035719747820619575,0.031229219885810632,0.03713518975706718,0.09513598293322553,1
MSFT,2026-03-31,0.0,0.0,0.0,0.0,0,0,0,36.140502485300985,-12.59408897331383,-10.563784778435885,-2.030304194877946,381.99083472033556,404.9081701531748,422.1498523764102,353.0078380532773,0.2266078947160405,9.081570313662295,0.031229219885810632,-0.006894815772294913,-0.08357878396268523,1.347332836718531,-0.0043479596882277476,-0.0021612025851985976,0.011238021669803607,0.11089496418027521,1
MSFT,2026-04-01,0.0,0.0,0.0,0.0,0,0,0,35.72633006155691,-12.176117482353618,-10.886251319219433,-1.2898661631341852,380.6468676906087,403.45605292788184,420.5641988039981,351.02495219697846,0.24237002172990624,8.844787369648657,-0.0021612025851985976,-0.004500887633311193,-0.08842548746960452,0.8844305710784769,-0.002405511023892445,0.011072891697944323,0.01001711785437422,0.13777512689070995,1
MSFT,2026-04-02,0.0,0.0,0.0,0.0,0,0,0,39.54101345746899,-11.384937291097344,-10.985988513595016,-0.39894877750232816,379.81884859972484,402.220626038017,417.4910212799934,350.39115340262384,0.32133466899084956,8.888139558927346,0.011072891697944323,0.020466096614584553,-0.0906301474604612,0.7411444158446783,0.016648839555621155,-0.0015530665248895546,-0.006935099639854957,0.1320891735370723,0
MSFT,2026-04-06,0.0,0.0,0.0,0.0,0,0,0,39.18583172070877,-10.681405612628055,-10.925071933401625,0.24366632077357053,379.0146725426082,401.01099364436925,414.31657785130415,349.97215811060994,0.332629340285339,8.554196588140842,-0.0015530665248895546,0.045155157567505315,-0.08822381299247141,0.5082789795762584,0.0391742708016176,-0.0015821890251598789,0.03081422829539717,0.12119186642754964,1
MSFT,2026-04-07,0.0,0.0,0.0,0.0,0,0,0,38.80401279712856,-10.055353072880393,-10.75112816129738,0.6957750884169869,378.23112416243424,399.8257552485423,410.56089022167674,350.03083035937794,0.3429136570924088,8.392787519422138,-0.0015821890251598789,0.03713518975706718,-0.09066699597347583,0.6843729424494917,0.043119062627389355,0.005479523310443275,0.05592404321922982,0.13932685550786084,1
MSFT,2026-04-08,0.0,0.0,0.0,0.0,0,0,0,40.94667710036694,-9.288189162347294,-10.458540361507364,1.17035119916007,377.7156983214435,398.766672800836,407.0823054225205,350.37909899642483,0.3957457655389161,8.760098820620055,0.005479523310443275,0.011238021669803607,-0.0774596217569784,1.0529959691965198,0.0394717020686613,-0.0033659290381612204,0.09854944174855429,0.15651971123079222,1
MSFT,2026-04-09,0.0,0.0,0.0,0.0,0,0,0,40.01477212976657,-8.681391118769,-10.103110512959692,1.421719394190692,377.1298480069757,397.6999119074515,403.29713449756053,350.99611196240045,0.39326493173825755,8.652277841517874,-0.0033659290381612204,0.01001711785437422,-0.07856641207971206,0.9617165689473165,0.03765026570186814,-0.005897045998749283,0.1264909344385548,0.11440198603448358,1
MSFT,2026-04-10,0.0,0.0,0.0,0.0,0,0,0,38.37258010465606,-8.281837438174193,-9.738855898002592,1.457018459828399,376.39111376133366,396.5890580455018,399.68169954248424,351.52505704931264,0.37062553480451876,8.43335610005518,-0.005897045998749283,-0.006935099639854957,-0.07711635531833778,0.887087434492407,0.0360306705625972,0.036400848374358113,0.1399951535156551,0.14492946283256272,1
MSFT,2026-04-13,0.0,0.0,0.0,0.0,0,0,0,51.52044549033752,-6.801841743389502,-9.151453067079975,2.349611323690473,377.00325854913075,396.0490414175685,397.8850320068697,352.20823886715374,0.6701520194821566,8.803460867168564,0.036400848374358113,0.03081422829539717,-0.028264395229771817,1.1123946212898097,0.041233476297918084,0.02273847493355695,0.08767597075333854,0.1052371530079915,1
MSFT,2026-04-14,0.0,0.0,0.0,0.0,0,0,0,57.79782477928488,-4.8703941176542,-8.29524127719482,3.4248471595406205,378.38612401561977,395.8715631638312,396.3149958855228,353.097034143774,0.8891282757180926,8.908810224085261,0.02273847493355695,0.05592404321922982,-0.01710217667409861,1.1496463805500874,0.05345725656568432,0.046068584303426564,0.07898561721765343,0.09193357432598172,1
MSFT,2026-04-15,0.0,0.0,0.0,0.0,0,0,0,67.25831407885036,-1.8628054877547697,-7.008754119306811,5.1459486315520415,381.35509051096994,396.4083752835553,399.8274007246627,350.76086526654825,1.1983606831267435,9.784909954174822,0.046068584303426564,0.09854944174855429,0.029568681098227377,1.3425953305574725,0.03539882367509564,0.021983356619898066,0.052769831997699634,0.03219678355551009,1
MSFT,2026-04-16,0.0,0.0,0.0,0.0,0,0,0,70.77958270937216,1.2330246027721046,-5.360398374891028,6.593422977663133,384.8987753897615,397.2772147523681,407.1060423684827,346.31773082487666,1.1884858960357771,9.768934018291603,0.021983356619898066,0.1264909344385548,0.0726664252114304,1.2122584756404493,0.03198959231465698,0.006020124096113754,-0.010731509712589364,-0.029695895839873986,0
MSFT,2026-04-17,0.0,0.0,0.0,0.0,0,0,0,71.69700739675656,3.84549110395011,-3.5192204791228012,7.364711583072911,388.3449479856399,398.21079800311776,414.21537064075176,342.57177535534197,1.0958664480526332,9.876460641542057,0.006020124096113754,0.1399951535156551,0.08680794996391371,1.3672494324729505,0.045153551524915146,-0.011163955067039462,0.0043283599072246855,-0.01974979538800616,1
MSFT,2026-04-20,0.0,0.0,0.0,0.0,0,0,0,67.44275456545766,5.47346686564083,-1.7206830101700752,7.194149875810906,391.0152033579153,398.92341884199675,419.6688792696172,340.72365613077346,0.9583730370955275,9.671115231968312,-0.011163955067039462,0.08767597075333854,0.0947966606037322,0.8027646896692301,0.03296888730886072,0.014566961393946332,0.016145601012487076,-0.010644218942414798,1
MSFT,2026-04-21,0.0,0.0,0.0,0.0,0,0,0,69.92258843848585,7.1704227011177295,0.057538132087485705,7.112884569030244,394.00880866497397,399.8459537533706,425.8120991492402,338.6798228478301,0.9613915737083236,9.690299890302779,0.014566961393946332,0.07898561721765343,0.10746733606992477,0.9295501433833875,0.013852482677457591,0.020652574215955784,0.012000120207085602,-0.03013015162130029,1
MSFT,2026-04-22,0.0,0.0,0.0,0.0,0,0,0,73.09688908726217,9.114214954519127,1.868873496573814,7.2453414579453135,397.5482267897012,401.0744535659682,433.3739216427286,337.111713733248,0.97713305443618,9.711672509746661,0.020652574215955784,0.052769831997699634,0.1614531025848921,0.8689291758624994,0.016101449606057656,-0.039660995619756625,-0.019541829388434167,-0.04379570981466263,0
MSFT,2026-04-23,0.0,0.0,0.0,0.0,0,0,0,59.7796798443943,9.16910193787055,3.328919184833161,5.840182753037389,399.12191570965524,401.5841597182526,436.59869357464254,338.33989285113876,0.7707408093773392,10.548211464815259,-0.039660995619756625,-0.010731509712589364,0.1204990401073831,1.1212316337876482,0.009677095549218036,0.021335007823376675,-0.019170110352726318,0.012074606196350172,0
MSFT,2026-04-24,0.0,0.0,0.0,0.0,0,0,0,63.48111607277148,9.812338151852487,4.625602978237026,5.18673517361546,401.38708459110177,402.42031772792285,440.6408158625474,340.1390974675307,0.8235390679789311,10.449261619151375,0.021335007823376675,0.0043283599072246855,0.16025899503202692,0.8148312136612549,0.005351038518877622,0.00047099862243546773,-0.023974385526119243,-0.022372975777522966,0
MSFT,2026-04-27,0.0,0.0,0.0,0.0,0,0,0,63.56254009917758,10.220366290728407,5.744555640735303,4.475810649993104,403.4554934107364,403.23149653064223,443.2502693322433,344.307180008577,0.7963992000585411,10.417132599133732,0.00047099862243546773,0.016145601012487076,0.19073919130869585,0.9256607230168786,0.009100979724275007,0.010427920827257483,-0.026364154829985494,-0.02862391273944472,0
MSFT,2026-04-28,0.0,0.0,0.0,0.0,0,0,0,65.40265573921818,10.77553818681946,6.750752149952135,4.024786036867326,405.7471118070725,404.1838882969804,445.8899301015688,348.6681509531187,0.8110254339076652,10.243598099438639,0.010427920827257483,0.012000120207085602,0.19581574821727427,0.9328745085933303,0.010808356158371215,-0.01115905446633078,-0.04163069844276775,-0.050040784807193546,0
MSFT,2026-04-29,0.0,0.0,0.0,0.0,0,0,0,61.770236395059605,10.707135830621837,7.542028886086076,3.1651069445357614,407.366129316332,404.91184544824773,447.9396061259607,352.0255580586096,0.7373397226027476,10.149329880734436,-0.01115905446633078,-0.019541829388434167,0.14666220889489365,1.1861129100132213,0.000520196862591711,-0.03929690432105472,-0.02473729237331969,-0.045351666590026235,0
MSFT,2026-04-30,0.0,0.0,0.0,0.0,0,0,0,51.12255162743303,9.206300725377162,7.874883253944294,1.331417471432868,407.24879845510395,404.95977916688264,447.57557184026444,356.21508978082926,0.546396695456719,11.306034651990203,-0.03929690432105472,-0.019170110352726318,0.10398787523336402,2.06401408582859,0.014411675002865491,0.016332331545263357,0.031855387849479916,0.004046301063614594,1
MSFT,2026-05-01,0.0,0.0,0.0,0.0,0,0,0,54.495386454367164,8.454655249816142,7.990837653118663,0.4638175966974787,407.77436745454344,405.2659553936409,447.6893844548539,360.1827377375289,0.6009204692936646,11.162198192212117,0.016332331545263357,-0.023974385526119243,0.10973064399873812,0.9036152212806842,0.0093985361960296,-0.001978624467840809,0.0016407456165579268,0.018048423584446572,1
MSFT,2026-05-04,0.0,0.0,0.0,0.0,0,0,0,54.00127358748569,7.704259105370454,7.933521943569021,-0.22926283819856685,408.1721002230096,405.52809681049575,447.1800238313693,364.74965451335726,0.5726154983969759,11.074879045255113,-0.001978624467840809,-0.026364154829985494,0.10925765472484013,0.7947527881757088,0.003971084352194137,-0.005415520021193001,-0.0023209477348942824,0.023983472303752126,0
MSFT,2026-05-05,0.0,0.0,0.0,0.0,0,0,0,52.59833160299135,6.850578425806816,7.716933240016581,-0.8663548142097648,408.31948448841496,405.6924708575259,445.8438074425495,369.9790929480755,0.5238343322913951,10.85151646221538,-0.005415520021193001,-0.04163069844276775,0.10499876460518971,0.7234058782689241,0.016973756457879314,0.0062714825968387625,-0.008775412933991564,0.014682296101959131,0
MSFT,2026-05-06,0.0,0.0,0.0,0.0,0,0,0,54.078160167818375,6.308649329260049,7.435276457865275,-1.1266271286052252,408.6975511628814,405.9511655129293,444.2480706319881,375.521832932465,0.5349827499447511,11.02328719587983,0.0062714825968387625,-0.02473729237331969,0.10586910956279103,0.8558073214914551,0.03126842176367531,0.016450908711927528,-0.021137252614602694,0.017151432446684253,0
MSFT,2026-05-07,0.0,0.0,0.0,0.0,0,0,0,57.82125595819593,6.353224228987813,7.218866012089783,-0.86564178310197,409.68556689104446,406.4656969166809,441.9493584510472,382.5712897423122,0.6147122558890507,11.233299059792916,0.016450908711927528,0.031855387849479916,0.12785795116028048,0.9811410077117101,0.01797796014379439,-0.013427766767923023,-0.026950566051530782,-0.001835474756960713,0
MSFT,2026-05-08,0.0,0.0,0.0,0.0,0,0,0,53.89612465486353,5.866852938593752,6.948463397390577,-1.081610458796825,410.04356233408487,406.739376215751,436.69976998478955,392.22801627009324,0.4770781676159585,10.912539980010084,-0.013427766767923023,0.0016407456165579268,0.11931398369363741,0.9304893738945967,0.023548182484361187,-0.005926002472735325,0.016380801240058314,0.010494805410492518,1
MSFT,2026-05-11,0.0,0.0,0.0,0.0,0,0,0,52.23352526530756,5.223486649721963,6.603468047856855,-1.379981398134892,410.13412266424643,406.9062416896737,432.86145601548174,398.88391141615887,0.3564275914411935,10.817442699456645,-0.005926002472735325,-0.0023209477348942824,0.07360094118389844,0.9939959499106386,0.029651394830609783,-0.011849964945150037,0.026365613248995765,0.010350128227537385,1
MSFT,2026-05-12,0.0,0.0,0.0,0.0,0,0,0,48.99784435842178,4.271386280065144,6.137051694298513,-1.8656654142333693,409.7522229843554,406.87557244793715,430.27441759282686,402.93103284662624,0.11677936760217938,10.675070027517762,-0.011849964945150037,-0.008775412933991564,0.0372923613093856,1.0742164069740276,0.019909573878506504,-0.006278011135810768,0.023665382539979893,0.014208577371131398,1
MSFT,2026-05-13,0.0,0.0,0.0,0.0,0,0,0,47.34437067686135,3.273370879595234,5.564315531357858,-2.290944651762624,409.1638706930626,406.7461195647154,430.81496623777275,401.79190937257886,0.06142063399738592,10.39204887642987,-0.006278011135810768,-0.021137252614602694,-0.014615060827596886,0.8438232542248707,0.011555784371410159,0.010414365037775071,0.03911547881820856,0.056032177055472754,1
MSFT,2026-05-14,0.0,0.0,0.0,0.0,0,0,0,50.3205389735331,2.7894264604825594,5.009337717182799,-2.2199112567002395,409.0318350401891,406.7865657126831,430.6952160124068,400.83303105790577,0.2325504744735078,10.4294565239798,0.010414365037775071,-0.026950566051530782,-0.025769753311181264,0.7864573939191511,0.02267693605077602,0.030505791288209978,0.025810704388015825,0.10205692194156092,1
MSFT,2026-05-15,0.0,0.0,0.0,0.0,0,0,0,57.904292134574604,3.37081017663877,4.681632209073993,-1.3108220324352233,410.0970956585714,407.31325221544864,430.59481613578646,400.8467793231979,0.6511452279031821,11.017663137844753,0.030505791288209978,0.016380801240058314,-0.0020578244764284737,1.4699306829843926,0.0021013576114109443,0.003839669976186072,-0.005791132440109507,0.09385059470911183,0
MSFT,2026-05-18,0.0,0.0,0.0,0.0,0,0,0,58.783170192186994,3.9166082896920784,4.528627425197611,-0.6120191355055322,411.2145690631122,407.88255865430364,431.1033856377741,400.8830035223821,0.6931600932073839,10.907231955704004,0.003839669976186072,0.026365613248995765,0.013083968031136851,0.9360470873583481,-0.0008791906612106411,-0.014449655577149908,-0.015604074040205624,0.04421255595207366,0
MSFT,2026-05-19,0.0,0.0,0.0,0.0,0,0,0,54.18111934210569,3.8133589131374492,4.385573722785579,-0.5722148096481297,411.64511105803155,408.19050772706686,430.47469024665213,400.84041900627756,0.5026221459158041,11.281329425164525,-0.014449655577149908,0.023665382539979893,-0.015890235327042014,0.9477928431357024,-0.0060283026242568035,0.008720151997975748,-0.009238180102743831,0.02598237236318226,0
MSFT,2026-05-20,0.0,0.0,0.0,0.0,0,0,0,56.36900002020247,3.9782041445466234,4.304099807137788,-0.3258956625911642,412.37991330659696,408.62854799925907,428.2104127400641,401.9234800822015,0.6633354607294478,11.243836450229805,0.008720151997975748,0.03911547881820856,-0.02739543652631915,0.8015705766291715,-0.0014279408000573749,-0.002522921993251735,0.016279902072581617,0.018802824065833352,1
MSFT,2026-05-21,0.0,0.0,0.0,0.0,0,0,0,55.53553899290245,3.977620761101889,4.238803997930608,-0.26118323682871925,412.94397115853565,409.0079194797569,428.4870897808446,402.0698590716945,0.614472495583579,11.198564629825444,-0.002522921993251735,0.025810704388015825,0.010216968804515817,0.9121766804593929,-0.007284493648601045,-0.001240685646982984,0.07432776556863141,-0.005774375412975197,1
MSFT,2026-05-22,0.0,0.0,0.0,0.0,0,0,0,55.105128815972776,3.8904344145710184,4.1691300812586904,-0.2786956666876721,413.4048823642331,409.352061414604,427.8217078346924,402.2229760031982,0.607864597261688,10.97401317437691,-0.001240685646982984,-0.005791132440109507,-0.012112970394269217,0.6554024238439597,0.008753053328125588,-0.006068328613197539,0.10022212675871048,-0.016317540241802535,1
MSFT,2026-05-26,0.0,0.0,0.0,0.0,0,0,0,52.94638688296659,3.575548598528769,4.050413784712706,-0.474865186183937,413.5804450929371,409.5832861048401,426.8830400967657,402.3759351229609,0.5252499594065935,10.671392015814119,-0.006068328613197539,-0.015604074040205624,-0.01857004567913443,0.8904131056339938,0.016164684385910497,-0.00807629624359955,0.06076480856415325,-0.030334340276695806,1
MSFT,2026-05-27,0.0,0.0,0.0,0.0,0,0,0,50.14776240608387,3.02056710631598,3.844444449033361,-0.8238773427173811,413.41989058910826,409.6739267596595,424.61795924631565,403.07872959645783,0.40929473103671266,10.36899894541146,-0.00807629624359955,-0.009238180102743831,-0.03654321579870729,0.8484873928360707,0.02280130456154526,0.03470076935085323,0.03554896016237134,-0.037099975750100225,1
MSFT,2026-05-28,0.0,0.0,0.0,0.0,0,0,0,59.88083567104577,3.691517276380921,3.8138590145028735,-0.12234173812195248,414.63587082876165,410.32152504773046,425.4432420003913,402.5975355874993,1.0325856023719777,10.827525617056095,0.03470076935085323,0.016279902072581617,0.008139357853313397,1.3691634050975894,0.01801008846955277,0.05445096201890999,0.0024825070220384528,-0.0858333480125551,1
MSFT,2026-05-29,0.0,0.0,0.0,0.0,0,0,0,70.09100711499777,6.026339069378082,4.256355025477916,1.7699840439001662,417.946170030896,411.8537794557086,434.88064180629516,397.48612149936895,1.3881149036210139,11.718142114773796,0.05445096201890999,0.07432776556863141,0.10651617603697688,2.27924323575651,0.018526536246684332,0.02283226048424178,-0.07456024460022154,-0.13215176986315733,0
MSFT,2026-06-01,0.0,0.0,0.0,0.0,0,0,0,73.32367826377548,8.605455049612715,5.126175030304876,3.479280019307839,421.91841037114546,413.72832510856375,445.04605330790804,392.00945206318573,1.2754445034703519,12.027546356657519,0.02283226048424178,0.10022212675871048,0.11359287358052067,1.4871896765895134,0.017300532598057278,-0.04171374717707816,-0.10592376227139022,-0.1319377650924033,0
MSFT,2026-06-02,0.0,0.0,0.0,0.0,0,0,0,60.224294792226594,8.998518649013022,5.900643754046505,3.097874894966517,423.68625451920605,414.77744074845464,447.9331066931052,391.975419918223,0.8668220007502335,12.600740975974125,-0.04171374717707816,0.06076480856415325,0.06925639886698043,1.014454486390505,0.011963900083050255,-0.03165569625585281,-0.08588062886829784,-0.1075887539097807,0
MSFT,2026-06-03,0.0,0.0,0.0,0.0,0,0,0,52.83234352457674,8.091607249676201,6.338836453172444,1.7527707965037571,423.9577586926001,415.2386018304699,448.5026151257846,393.0876528185513,0.6036166791171185,12.91696776291881,-0.03165569625585281,0.03554896016237134,0.04104614934960899,1.050062426220371,0.005036879659085146,0.0016614000692291764,-0.0701549986599189,-0.11332900615206694,0
MSFT,2026-06-04,0.0,0.0,0.0,0.0,0,0,0,53.14708993214977,7.345382461270503,6.540145654792057,0.8052368064784465,424.2708956763034,415.70946830854894,449.09870775942466,393.9872114300284,0.6034763671208111,12.688733575394583,0.0016614000692291764,0.0024825070220384528,0.03627675187928964,0.7268845406211771,0.0032998159119212215,-0.026585667543834148,-0.08809715323307087,-0.1136549626796082,0
MSFT,2026-06-05,0.0,0.0,0.0,0.0,0,0,0,47.657649590161654,5.770925240894599,6.386301572012566,-0.6153763311179672,423.4724375129352,415.71643366746616,449.03140809361395,393.73604796107355,0.4005948590762217,12.85680193294609,-0.026585667543834148,-0.07456024460022154,-0.007599251449628179,0.9400961740260019,-0.025023781943842256,-0.011831927529251262,-0.06223152282674195,-0.11839104042416862,0
MSFT,2026-06-08,0.0,0.0,0.0,0.0,0,0,0,45.46670009731851,4.0790724763475055,5.924855752879554,-1.8457832765320488,422.28138052230594,415.53015544957844,449.07044631234396,393.4491917491795,0.31493621457703486,12.551590856721203,-0.011831927529251262,-0.10592376227139022,-0.005993984240925615,0.8687648407820314,-0.025470023194608834,-0.020231172880646076,-0.0290959559411861,-0.0918055076487696,0
MSFT,2026-06-09,0.0,0.0,0.0,0.0,0,0,0,41.95688643548465,2.0438101695466457,5.148646636212972,-3.1048364666663266,420.4119164779569,415.0251300616201,449.49421674478174,392.19117754232764,0.18255280452672717,12.617522502283707,-0.020231172880646076,-0.08588062886829784,-0.020298176360719976,0.9566762115865389,-0.029648386824682908,-0.014997232475331211,-0.023747582347596097,-0.09407302551344726,0
MSFT,2026-06-10,0.0,0.0,0.0,0.0,0,0,0,39.56780503311381,-0.05577677247606516,4.107761954475165,-4.16353872695123,418.14538560245205,414.30309916842543,450.2684994140446,390.4658114990413,0.10279689760521034,12.278070772204654,-0.014997232475331211,-0.0701549986599189,-0.023418536254881224,0.8896715512662062,-0.038197381506661604,-0.017666513340103503,-0.04643140247022482,-0.11206461014143644,0
MSFT,2026-06-11,0.0,0.0,0.0,0.0,0,0,0,36.93947289505483,-2.2590616705728053,2.8343972294655706,-5.093458900038376,415.42740291486734,413.3346077258524,451.68412258667263,387.6533926721164,0.030503708349138632,12.353555624926056,-0.017666513340103503,-0.08809715323307087,-0.03461060031018585,1.2595239562151366,-0.025531977146670274,0.0010247028424420293,-0.02802689950705856,-0.044499690912901985,0
MSFT,2026-06-12,0.0,0.0,0.0,0.0,0,0,0,37.195461153036135,-3.927690256035646,1.4819797323653272,-5.409669988400974,413.00629771724607,412.41975245581284,452.97846322174496,384.58188223723937,0.07930098295166395,12.146316458542625,0.0010247028424420293,-0.06223152282674195,-0.04358185078295977,0.9203541691823923,0.00569453100680264,0.023084483137723783,-0.059886335448926464,-0.05673845494146581,0
MSFT,2026-06-15,0.0,0.0,0.0,0.0,0,0,0,42.831464092524335,-4.472065743976373,0.2911706370969872,-4.76323638107336,411.67321037419737,411.8938359130451,452.97303341078555,382.4664929564019,0.23462203012974478,12.0636748127336,0.023084483137723783,-0.0290959559411861,-0.0504696081018046,0.8730609802506094,0.021116933098614284,-0.01483396627217265,-0.06458882532348868,-0.06689021251157673,0
MSFT,2026-06-16,0.0,0.0,0.0,0.0,0,0,0,40.272733279552256,-5.319768752447658,-0.8310172408119418,-4.488751511635716,409.90338046597765,411.1564304395096,453.0587893949017,379.5066799654499,0.18467609532625698,11.848624362399992,-0.01483396627217265,-0.023747582347596097,-0.0681329717597571,0.8537289878962334,0.01801782130491697,-0.03788437231212754,-0.07203612702436414,-0.024249010521340607,0
MSFT,2026-06-17,0.0,0.0,0.0,0.0,0,0,0,34.6620823355518,-7.111262627023336,-2.087066318054221,-5.024196308969115,406.88382314202295,409.86394409146817,454.7595196000916,374.0522266157287,0.05136836827779183,12.179363800426994,-0.03788437231212754,-0.04643140247022482,-0.09029119022627706,1.1240697795042285,0.02140801815012589,0.0012931709583142395,-0.06882903636008444,0.030561310916756214,0
MSFT,2026-06-18,0.0,0.0,0.0,0.0,0,0,0,34.98244403156794,-8.394800157517182,-3.348613085946813,-5.046187071570369,404.1984212495907,408.64132288284134,455.5246044200907,369.2197986560812,0.10969614648447763,11.886180334442235,0.0012931709583142395,-0.02802689950705856,-0.09698917288124838,1.5332608310219338,0.014779536179954216,-0.031786989559602734,-0.016947785280774907,0.019346321354191724,0
MSFT,2026-06-22,0.0,0.0,0.0,0.0,0,0,0,30.958970084818603,-10.264995782021572,-4.731889625161765,-5.533106156859807,400.62236020424274,406.99459572168826,457.1870754463403,362.39205358197995,0.04491508739298373,12.075213164052458,-0.031786989559602734,-0.059886335448926464,-0.12348178152420194,1.1396838104121119,0.006144566346170028,0.01796696958145156,0.0033484041623454562,0.058528862912609725,1
MSFT,2026-06-23,0.0,0.0,0.0,0.0,0,0,0,35.341810106324985,-11.087763363310785,-6.0030643727915685,-5.084698990519216,398.0142654917107,405.67078278054976,457.3730212565748,357.7514904621752,0.15544707190297086,11.91708515808523,0.01796696958145156,-0.06458882532348868,-0.10662500782509422,1.002465495517,-0.025648307191134166,-0.022677392646850324,-0.0024602947349692673,0.0251377691463505,0
MSFT,2026-06-24,0.0,0.0,0.0,0.0,0,0,0,32.488103174763225,-12.2812204562008,-7.258695589473415,-5.022524866727384,394.84846072389894,404.06696053149636,458.04792865007164,352.02908551008466,0.12020721545485456,12.071115724717785,-0.022677392646850324,-0.07203612702436414,-0.12155372262335987,1.0789435250211157,-0.02025914917347493,-0.03455925143471555,0.051496742378329866,0.05171560154647093,1
MSFT,2026-06-25,0.0,0.0,0.0,0.0,0,0,0,28.76292184352593,-14.081938447679534,-8.62334416111464,-5.458594286564894,390.78356186496364,402.031668852029,459.7062892882887,344.3979648621019,0.06737638311576967,12.368139344798449,-0.03455925143471555,-0.06882903636008444,-0.14500699157284494,1.5348666770256965,-0.006435293517203424,0.057081360705363494,0.1067369485924767,0.09146052590645132,1
MSFT,2026-06-26,0.0,0.0,0.0,0.0,0,0,0,40.48241121567506,-13.728687319537585,-9.64441279279923,-4.084274526738355,389.0202888832186,400.8645130365236,457.28572864513086,341.426676750377,0.26620724321377076,13.180080641650504,0.057081360705363494,-0.016947785280774907,-0.12651348146887884,3.7192226731605924,-0.023769987187145167,-0.011797171738171124,0.03691981574481554,0.048314889424673504,1
MSFT,2026-06-29,0.0,0.0,0.0,0.0,0,0,0,38.973884626635666,-13.645808265980747,-10.444691887435534,-3.2011163785452137,387.00668726803855,399.57090358112373,449.93205569987185,340.62869564290156,0.2492949554956422,13.707310532907481,-0.011797171738171124,0.0033484041623454562,-0.18139213756480743,1.0531720316595574,-0.004554083990552379,0.012073639219654491,0.05499630888069451,0.044387752435603674,1
MSFT,2026-06-30,0.0,0.0,0.0,0.0,0,0,0,41.35409507726559,-13.071049493224734,-10.969963408593374,-2.10108608463136,385.6078686517373,398.50220507978065,437.68072726661364,344.1464638954957,0.30120115224084415,13.205887820252784,0.012073639219654491,-0.0024602947349692673,-0.19000263245864665,0.9323040983609725,0.01798031862118026,0.030186099320729774,0.02766613071705992,0.060613425144211315,1
MSFT,2026-07-01,0.0,0.0,0.0,0.0,0,0,0,46.988350704468125,-11.575234761508625,-11.091017679176424,-0.48421708233220073,385.4126385783204,397.91615597394065,428.98447534695055,347.1504337106666,0.44489455051001947,13.389774378944086,0.030186099320729774,0.051496742378329866,-0.12922884360558512,0.9857483646670956,0.017074927306198976,0.0161600174787187,0.0002081406050255931,0.043770155167388886,1
MSFT,2026-07-02,0.0,0.0,0.0,0.0,0,0,0,49.849928829317854,-9.776937096259758,-10.828201562593092,1.0512644663333344,385.82631643786283,397.5961599005907,423.1778777873975,349.2789520465868,0.5477387343747977,13.039363953672149,0.0161600174787187,0.1067369485924767,-0.08623117822821103,0.8612619585500244,0.014272152632611826,-0.009603310738029648,-0.013803119797756464,0.008527793805175933,0
MSFT,2026-07-06,0.0,0.0,0.0,0.0,0,0,0,48.15932960422798,-8.555179278528158,-10.373597105780105,1.8184178272519471,385.84412493559614,397.14193032268764,415.97540225969124,352.358188438551,0.5290253251287119,12.768878484976417,-0.009603310738029648,0.03691981574481554,-0.09650744675691485,0.6944686111326427,0.030576605112689694,0.005430044263193496,0.010989348941772255,0.04020797407897803,1
MSFT,2026-07-07,0.0,0.0,0.0,0.0,0,0,0,49.19836434739902,-7.333258884235988,-9.765529461471282,2.4322705772352933,386.05986303696795,396.787712466896,411.1670784569637,354.3887412451848,0.5938996351555664,12.486346792310757,0.005430044263193496,0.05499630888069451,-0.0667914704866263,0.5978187344626614,0.009055360286985493,-0.014144606893393454,-0.01005553892064898,0.022914286756713233,0
MSFT,2026-07-08,0.0,0.0,0.0,0.0,0,0,0,46.5659630044037,-6.730265104125294,-9.158476590002085,2.4282114858767905,385.73223041049334,396.232104937174,406.63897052449227,356.08218731242175,0.5249054916181207,12.12988542164742,-0.014144606893393454,0.02766613071705992,-0.06897552416005738,0.5320153163110394,-0.0018345609509704882,0.0026607787100694762,0.03206030970794205,0.01826055101249569,1
MSFT,2026-07-09,0.0,0.0,0.0,0.0,0,0,0,47.13092460339967,-6.0999226274246325,-8.546765797486595,2.446843170061962,385.53275959665916,395.7382101108234,403.7712423982888,357.0484933194847,0.5690866669874951,12.069090429053135,0.0026607787100694762,0.0002081406050255931,-0.04722246707070076,0.6410664531647096,0.007978454367513217,0.0019252976861188049,0.0435529494251193,-0.007232812742745371,1
MSFT,2026-07-10,0.0,0.0,0.0,0.0,0,0,0,47.564093797096476,-5.477628764129918,-7.932938390815259,2.4553096266853416,385.4226304739863,395.2926490793634,402.0442016978083,357.5518401723089,0.6029026717521203,11.94918706139896,0.0019252976861188049,-0.013803119797756464,-0.030853572414022347,0.512466850009776,0.013655015588639552,0.015294738983264004,0.022643464049848648,-0.00882880731348955,1
MSFT,2026-07-13,0.0,0.0,0.0,0.0,0,0,0,51.004992462508305,-4.458678459415523,-7.238086404535313,2.7794079451197895,385.8828885789564,395.09510756943433,402.13556976244604,357.5253494270071,0.7336881751100353,11.772970128363841,0.015294738983264004,0.010989348941772255,0.0016652008658825182,0.6129326805111825,-0.002808601725635577,-0.015499120378526961,0.02890102172469932,-0.004833871303367007,1
MSFT,2026-07-14,0.0,0.0,0.0,0.0,0,0,0,47.547861033519375,-4.092054979132229,-6.608880119454696,2.5168251403224673,385.7232540546957,394.6681122166808,401.4563560709812,357.62465589190947,0.6064576567577771,11.811816079089414,-0.015499120378526961,-0.01005553892064898,-0.01486919499738257,0.5950699397622797,0.005510150989173405,0.02779727786697778,0.033304722611826855,0.0218740959861906,1
MSFT,2026-07-15,0.0,0.0,0.0,0.0,0,0,0,53.53629235965344,-2.9062233311557293,-5.868348761794903,2.9621254306391736,386.59595625875,394.67668143160574,400.58131592330204,358.08747069779173,0.8659879167014585,11.968374269434268,0.02779727786697778,0.03206030970794205,-0.010331232256316252,0.770962538340675,0.012624058004194673,0.013826036185691339,-0.013371077800047837,-0.012865577069540933,0
MSFT,2026-07-16,0.0,0.0,0.0,0.0,0,0,0,56.28404365495468,-1.5085006336325364,-4.996379136162429,3.4878785025298926,387.90551699545387,394.8990211399405,402.0883309439432,357.3060904427755,0.9611009424649674,12.107333917597023,0.013826036185691339,0.0435529494251193,0.018459761692873555,0.7832269842216184,-0.001317065411650536,-0.018150101813851516,-0.048666205385976755,0.12465723152766361,0
MSFT,2026-07-17,0.0,0.0,0.0,0.0,0,0,0,51.886152030174955,-0.9758778671564414,-4.192278882361232,3.2164010152047906,388.39832652825294,394.82768764777984,403.56095376414567,357.3216664751121,0.7733326508951696,12.077381180367695,-0.018150101813851516,0.022643464049848648,0.039349725279846114,0.7053772804178281,-0.015444776463544117,0.021507329792772704,-0.03077540948504423,0.1800314989092769,0
MSFT,2026-07-20,0.0,0.0,0.0,0.0,0,0,0,56.17659885623588,0.12694155164575704,-3.3284347955598346,3.4553763472055916,389.6493543495949,395.0906849420765,406.43650634261667,356.7308154347271,0.9013717020983048,12.179323692479885,0.021507329792772704,0.02890102172469932,0.060332171820702676,0.6167308325979759,-0.009450400064329005,-0.011285452294400063,-0.03278730637424976,0.2121851693372662,0
MSFT,2026-07-21,0.0,0.0,0.0,0.0,0,0,0,53.42650303306697,0.6280405203822284,-2.537139732371422,3.1651802527536503,390.3496657936067,395.16566296441545,407.8277202575438,358.3748859436281,0.7811026224076519,11.735000560768908,-0.011285452294400063,0.033304722611826855,0.08278429681764685,0.5457033882030154,-0.004721795768024684,-0.018629743664800212,-0.011062203022496303,0.2389944117072343,0
MSFT,2026-07-22,0.0,0.0,0.0,0.0,0,0,0,49.19354446585999,0.423483411298605,-1.9450151036374168,2.3684985149360216,390.2788945163882,394.94765921611736,408.3680849735894,359.4714413935981,0.6163025472273068,11.89775966961198,-0.018629743664800212,-0.013371077800047837,0.04385734967468346,0.6456675119171982,-0.009803824059031567,-0.02244202619517072,0.0005123514212210146,0.24880869090882887,1
MSFT,2026-07-23,0.0,0.0,0.0,0.0,0,0,0,44.68608022790966,-0.43910018070039314,-1.6438321190500123,1.2047319383496191,389.38214328547474,394.3953198975166,407.608371421315,361.8401240620835,0.4156349352948614,12.073844384859603,-0.02244202619517072,-0.048666205385976755,0.0441087395418615,0.7078514612241191,-0.016703935577468115,0.0003145803337291896,0.1821899294389741,0.3099742879054278,1
MSFT,2026-07-24,0.0,0.0,0.0,0.0,0,0,0,44.760771265139326,-1.1003518922354374,-1.5351360736870974,0.43478418145166,388.5822076014786,393.8693394546146,403.66317154095225,368.6669035322899,0.35192081247569795,11.808874022263968,0.0003145803337291896,-0.03077540948504423,0.08182423123294329,0.6753972073695894,-0.0058657932710645365,0.019386905446111418,0.21750057773742404,0.3099029200871993,1
MSFT,2026-07-27,0.0,0.0,0.0,0.0,0,0,0,49.30535727735389,-1.0166841783868108,-1.4314456946270402,0.4147615162402294,388.5618922569925,393.65363580872287,403.27784904516136,370.6621961208542,0.54288964886319,11.856561677438165,0.019386905446111418,-0.03278730637424976,0.04324747016379122,0.8432196617456473,-0.0040426361916116775,0.010922616185104091,0.25327673770822606,0.30059110148048823,1
MSFT,2026-07-28,0.0,0.0,0.0,0.0,0,0,0,51.76004112523652,-0.6011528932905321,-1.2653871343597385,0.6642342410692064,388.94751212574624,393.6127442428477,402.1094485166946,374.3039395448288,0.6583933188419898,11.809586484261299,0.010922616185104091,-0.011062203022496303,0.06723279037918194,1.0085721229945381,-0.009916132537019303,-0.007143759919297782,0.2528537340710205,0.28081859459183833,1
MSFT,2026-07-29,0.0,0.0,0.0,0.0,0,0,0,50.03495882705601,-0.49248163835471814,-1.1108060351587346,0.6183243968040164,389.02929029103973,393.4634673259254,400.9240672326463,377.2380299353225,0.5306144192986498,11.857937694314158,-0.007143759919297782,0.0005123514212210146,0.046968021382028685,1.465864672766503,-0.024016205050563205,0.15506739165511707,0.2481691896505871,0.26089516235164506,1
MSFT,2026-07-30,0.0,0.0,0.0,0.0,0,0,0,71.82742650724047,4.420193308728983,-0.004606166381190935,4.424799475110174,394.8600636812904,395.69048472054294,421.3650681845734,363.4664747841766,1.498929956800998,15.869653796661195,0.15506739165511707,0.1821899294389741,0.17388365306175546,3.1197885263530343,0.004754951096550031,0.03019282193805273,0.10809122568578781,0.10148523055406951,1
MSFT,2026-07-31,0.0,0.0,0.0,0.0,0,0,0,74.5191435993134,9.303235421404281,1.8569621511759036,7.446273270228378,401.43022921238776,398.3632814671025,438.5729960036069,353.66760153057277,1.2976702000039888,15.984472012055793,0.03019282193805273,0.21750057773742404,0.1900945642155879,1.6786879384338513,0.010961845778870402,0.04934151053480508,0.07589511170622498,0.06601823027485682,1
MSFT,2026-08-03,0.0,0.0,0.0,0.0,0,0,0,78.28138720206064,14.848696650045952,4.455309050949913,10.393387599096037,409.5543696315205,401.82878821793304,458.7975632960815,343.5150740330201,1.2423276986451317,16.762680146104167,0.04934151053480508,0.25327673770822606,0.2609246792049006,1.762786699616637,0.02513896193909929,0.010581411460949045,0.0377525269149912,-0.014969694575746005,1
MSFT,2026-08-04,0.0,0.0,0.0,0.0,0,0,0,79.03167741208469,19.435067817544223,7.451260804268776,11.983807013275447,417.39528997167326,405.3603664526465,475.8222447757977,336.8678583736164,1.1155903663295597,17.01048176127615,0.010581411460949045,0.2528537340710205,0.26738508494705904,1.2960255652665775,0.04112792206454802,-0.010856147912626684,0.022320930017863196,-0.02268623461787203,1
MSFT,2026-08-05,0.0,0.0,0.0,0.0,0,0,0,76.0963980843754,22.380916127581543,10.437191868931329,11.943724258650214,423.9808878203532,408.54404099892747,488.3063380361796,334.7761998056173,0.9885216630840217,16.69090432580119,-0.010856147912626684,0.2481691896505871,0.2716126257140175,0.8494827944806352,0.055287411016198586,0.02543793932864649,0.010195711291848574,-0.0064620528685932375,1
MSFT,2026-08-06,0.0,0.0,0.0,0.0,0,0,0,78.12435796508854,25.42117714701243,13.43398892454755,11.987188222464878,431.11801715647283,412.0882255028758,501.75237042945463,332.85846331077977,0.983234299992506,16.503946612678558,0.02543793932864649,0.10809122568578781,0.30049948918319663,0.9208703230921672,0.036228067020911796,0.0002600828754204862,-0.005961598628876356,-0.03561838648914726,0
MSFT,2026-08-07,0.0,0.0,0.0,0.0,0,0,0,78.14529257650396,27.523799290991633,16.251950997836367,11.271848293155266,437.58777805507515,415.49851103577464,513.1466934194619,332.93155059909276,0.9217813408625959,15.784940579075881,0.0002600828754204862,0.07589511170622498,0.2983380396063721,0.7250891524688264,0.035112350829374785,0.012140302810139886,-0.009180152715541911,-0.031681194886260755,0
MSFT,2026-08-10,0.0,0.0,0.0,0.0,0,0,0,79.14864556594505,29.34080035059992,18.86972086838908,10.47107948221084,444.0183830840561,419.0126529896413,524.2784214084888,333.2852016383862,0.8996336593927899,15.637030222250477,0.012140302810139886,0.0377525269149912,0.29430421147762725,0.7821561886159915,0.020272739758967234,-0.004446145272404488,-0.050804233305476704,-0.03523819351770265,0
MSFT,2026-08-11,0.0,0.0,0.0,0.0,0,0,0,77.7242042310069,30.25085735889553,21.14594816649037,9.10490919240516,449.62266491273226,422.3009153149556,533.0967319909454,336.3325526770234,0.8463470850679884,14.984227621581235,-0.004446145272404488,0.022320930017863196,0.30883534347083796,0.5812316038914913,-0.0009983010050032954,-0.02258787051155899,-0.04402449692089236,-0.02217968559687425,0
MSFT,2026-08-12,0.0,0.0,0.0,0.0,0,0,0,70.78538226772321,29.7130257638824,22.859363685968777,6.853662077913622,453.61143303767295,425.01479040945185,539.1118753553859,339.9792196153173,0.7609274834715257,14.790133209377741,-0.02258787051155899,0.010195711291848574,0.24467301846379866,0.7380602971707825,0.0035074660415172912,0.009036841595797544,-0.01648964054612714,0.009898714281660689,0
MSFT,2026-08-13,0.0,0.0,0.0,0.0,0,0,0,71.84391787474885,29.3073574426669,24.148962437308402,5.158395005358496,457.6433328069645,427.7964213979139,545.077498479604,343.57360015320853,0.7561778294492987,14.368928097336118,0.009036841595797544,-0.005961598628876356,0.23879332996355007,0.5969612472677028,0.012126583941168768,-0.002978616125570274,-0.02983465006921655,0.018376214243268994,0
MSFT,2026-08-14,0.0,0.0,0.0,0.0,0,0,0,70.92350010052093,28.537697138014266,25.026709377449578,3.5109877605646886,461.15055318044557,430.41103807754536,549.5239869264007,349.2660246702791,0.7250803934204015,13.776758472567794,-0.002978616125570274,-0.009180152715541911,0.257935090135854,0.4295804335562486,0.003983158382621264,-0.030379444496047434,-0.022709519023450628,0.038548173722201116,0
MSFT,2026-08-17,0.0,0.0,0.0,0.0,0,0,0,62.19737396985539,26.41115891500334,25.30359928496033,1.10755963004301,462.8931146614002,432.33403457373845,551.7163038890558,354.8650407154364,0.6328758373531637,14.003993957156172,-0.030379444496047434,-0.050804233305476704,0.19403912758303837,0.7832246710562932,-0.00046575989686485717,0.0026647089144137305,0.01639918795885614,0.05807218265146175,1
MSFT,2026-08-18,0.0,0.0,0.0,0.0,0,0,0,62.61862698144519,24.54600168978817,25.1520797659259,-0.6060780761377309,464.59139294327576,434.2317209285367,553.0506938151824,361.90289200024733,0.6216244366539319,13.511324164571848,0.0026647089144137305,-0.04402449692089236,0.21088629379301163,0.6366278251520965,-0.004036006750176536,0.005564422635842492,0.02285080658830484,0.04221738175990729,1
MSFT,2026-08-19,0.0,0.0,0.0,0.0,0,0,0,63.534867700933916,23.018356561633254,24.72533512506737,-1.7069785634341166,466.3826882721528,436.1598884959072,553.0484065180972,371.28452194869965,0.6168192994630844,13.254895687177651,0.005564422635842492,-0.01648964054612714,0.2407388231254173,0.5333526775508528,-0.004440177502805678,-0.00465453046836781,0.026830784825124614,0.027761716171242127,1
MSFT,2026-08-20,0.0,0.0,0.0,0.0,0,0,0,62.154865365182076,21.37967896479813,24.056203893013524,-2.676524928215393,467.78909833161293,437.9242063547534,550.3010702753946,384.060556921871,0.5840299396101176,12.640974828244202,-0.00465453046836781,-0.02983465006921655,0.2633151174279668,0.5424124822492198,-0.019643170156015174,0.0043437521862263,0.049693451034841796,0.06020991704914329,1
MSFT,2026-08-21,0.0,0.0,0.0,0.0,0,0,0,62.959669565436826,20.01889504021716,23.248742122454253,-3.229847082237093,469.2606118461617,439.70129591866015,545.5737673023802,399.01357705797136,0.5746882085506626,12.297332809960016,0.0043437521862263,-0.022709519023450628,0.2684036303938347,0.6141560531165773,-0.013679645239161277,0.008422331360127638,0.0626811515491694,0.034061796012935554,1
MSFT,2026-08-24,0.0,0.0,0.0,0.0,0,0,0,64.54106407824216,19.0492911816915,22.408851934301705,-3.3595607526102036,470.9796009616314,441.56830382610855,539.7587513290034,414.72270313877,0.58053093864089,12.043951894962872,0.008422331360127638,0.01639918795885614,0.25476062055911675,0.47701737073741524,-0.011906780916194851,0.009029147603226267,0.04100061785398881,0.013625853525894696,1
MSFT,2026-08-25,0.0,0.0,0.0,0.0,0,0,0,66.22011957100955,18.423540763686503,21.611789700178665,-3.188248936492162,472.9539238657692,443.53464451744065,531.3864070965741,433.00495642881657,0.5967083695941161,11.765099234496773,0.009029147603226267,0.02285080658830484,0.252410440857161,0.5501482122224984,-0.0020066962512270458,0.009477138441542337,0.018933919831572707,-0.00012201818070892563,1
MSFT,2026-08-26,0.0,0.0,0.0,0.0,0,0,0,67.95102130386087,18.095063768053876,20.908444513753707,-2.813380745699831,475.1840258897138,445.6066190507641,512.8060267222454,462.24171802873116,0.6749479617197631,11.645449027596333,0.009477138441542337,0.026830784825124614,0.2733764033028922,0.607749064796888,-0.0038748348350064314,0.017507106648045147,0.0009066063852731612,-0.007917466233738447,1
MSFT,2026-08-27,0.0,0.0,0.0,0.0,0,0,0,70.94128216506114,18.324718011609946,20.39169921332496,-2.066981201715013,478.0293565248452,447.93812409028686,510.0839232971396,470.44458012082913,0.8732591073419123,11.985061555201058,0.017507106648045147,0.049693451034841796,0.12172635913652763,0.953641256997306,0.011146079559560823,0.016770347640328837,0.010018606864636358,-0.018671034572852394,1
MSFT,2026-08-28,0.0,0.0,0.0,0.0,0,0,0,73.53333540949251,18.971489902217797,20.107657351103526,-1.136167448885729,481.41037297932417,450.5103556670158,511.10101780147244,474.39580837040256,1.0661762058588466,12.051131028378661,0.016770347640328837,0.0626811515491694,0.1071112862065254,1.0247637887061627,0.004740642822047903,-0.012151228547426833,-0.026931272371315464,,0
MSFT,2026-08-31,0.0,0.0,0.0,0.0,0,0,0,68.67328292392976,18.76424126761259,19.83897413440534,-1.0747328667927505,483.8751001760478,452.7370087210513,512.9503968102063,474.6020598548327,0.8523954696686992,11.700337001240007,-0.012151228547426833,0.04100061785398881,0.04223316523807643,1.0258282786026132,0.004689139360054592,-0.012359832493516918,-0.026296587973719834,,0
MSFT,2026-09-01,0.0,0.0,0.0,0.0,0,0,0,64.08962728245208,17.88785697569847,19.448750702663965,-1.5608937269654959,485.507946732012,454.6304589286051,513.6390152296248,474.827037016469,0.6748677393703288,11.615313627267506,-0.012359832493516918,0.018933919831572707,0.018573393714477728,0.8400814180743735,-0.005392205340662025,-0.00838286252355196,-0.018701838893960397,,0
MSFT,2026-09-02,0.0,0.0,0.0,0.0,0,0,0,61.14553053365933,16.662339609647518,18.891468484060677,-2.22912887441316,486.58528583603163,456.28495102255073,513.8531294306805,475.64051680955396,0.5542539246048653,11.300647757825407,-0.00838286252355196,0.0009066063852731612,0.021120265625027442,0.6350150813025447,-0.00120097630115393,0.026770233881280345,-0.00881607990467695,,0
MSFT,2026-09-03,0.0,0.0,0.0,0.0,0,0,0,66.40799091806957,16.57325990623025,18.427826768494594,-1.8545668622643454,488.8266867199512,458.3961292223404,515.4953780617113,475.11819310528085,0.8668707848176089,11.838459852969574,0.026770233881280345,0.010018606864636358,0.022446950464060148,1.0251079403700385,0.0026844863049642932,-0.02042653299203164,-0.02840506228548497,,0
NVDA,2024-11-20,0.0,0.0,0.0,0.0,0,0,0,57.61604870915401,3.2492598381957123,3.7162086417814764,-0.46694880358576407,141.9427147406347,135.25108985223912,151.10804770905614,133.22002998869775,0.6864683508235893,4.704269473575823,-0.0076185401405918516,-0.002598035898249626,0.04535686659369804,1.506164305841809,-0.011202716229737612,0.005346464109076635,-0.07231469983464879,-0.005620493859709562,0
NVDA,2024-11-21,0.0,0.0,0.0,0.0,0,0,0,58.54345196758664,3.2141298485468894,3.615792883134559,-0.4016630345876697,142.3555510832305,135.68349794971564,151.5361361070759,133.41626410044364,0.7097860422380194,5.236634576992212,0.005346464109076635,-0.0006133028228297102,0.0445835511718824,1.846274293252371,0.0005392747264075706,-0.03218117837671161,-0.05740774314391095,-0.02877334468825869,0
NVDA,2024-11-22,0.0,0.0,0.0,0.0,0,0,0,51.23729358827852,2.7744604234535473,3.447526391198357,-0.6730659677448099,142.2807475644221,135.91434564328532,151.54645865631127,133.44683052825903,0.44880942028267684,5.294287818210219,-0.03218117837671161,-0.00021131693229452903,0.002896615358406562,1.080815616754247,0.016662510521074318,-0.04177511837488908,-0.023388383993470964,-0.022052958097698208,0
NVDA,2024-11-25,0.0,0.0,0.0,0.0,0,0,0,43.83558392596786,1.9265915763516261,3.143339428229011,-1.2167478518773849,141.64981978298903,135.90421467136727,151.75642095770388,132.78807061944457,0.151195817706181,5.359933249207649,-0.04177511837488908,-0.029468281026037386,-0.032024037081701776,1.5175809135003873,0.015948486990688154,0.006616498424359351,0.031171994089772823,-0.006915811657401192,1
NVDA,2024-11-26,0.0,0.0,0.0,0.0,0,0,0,45.131076578335865,1.3119522536001114,2.777061993303231,-1.4651097397031196,141.1644630044566,135.92967972772144,151.84977077405637,132.26287723619754,0.2190595646985858,5.235673037358928,0.006616498424359351,-0.0686349248308688,-0.030655029988557424,0.8311978002541964,0.01753357043185078,-0.011539387708922889,0.06003514290423419,0.017525749580268573,1
NVDA,2024-11-27,0.0,0.0,0.0,0.0,0,0,0,43.24519322267942,0.6897457795817843,2.3595987505589417,-1.6698529709771575,140.5752597639838,135.89235224739872,152.0482694109225,131.6654497663236,0.16250839044471002,5.247803131321445,-0.011539387708922889,-0.07231469983464879,-0.02870670707798724,0.9787761174733789,0.014106959049164758,0.021501356503069724,0.07189313656587165,0.01484754474583556,1
NVDA,2024-11-29,0.0,0.0,0.0,0.0,0,0,0,47.589168366210735,0.4259167662250718,1.972862353692168,-1.546945587467096,140.31857172935588,135.97030060633958,151.55715431220068,132.70409751885398,0.2745410433051496,5.158622111056602,0.021501356503069724,-0.05740774314391095,0.04135295931038258,0.6308655644066868,0.014957988201316686,0.0027486397348592414,0.03037835102863999,-0.02886619523940954,1
NVDA,2024-12-02,0.0,0.0,0.0,0.0,0,0,0,48.14729365626892,0.24459159668793973,1.6272082022913223,-1.3826166056033826,140.12242374983018,136.06005422743746,151.33002884137096,133.25335891497667,0.27691267527379876,4.977502783431226,0.0027486397348592414,-0.023388383993470964,0.02385526588765341,0.7695381877993623,0.013635362826063877,0.011758047699891722,0.0013674073438051646,-0.047759488168063746,1
NVDA,2024-12-03,0.0,0.0,0.0,0.0,0,0,0,50.578494213249165,0.2294223191169067,1.3476510256564393,-1.1182287065395327,140.09978092339546,136.2100393193915,151.10085935449538,133.9024029746062,0.3478376759820568,4.806471569644245,0.011758047699891722,0.031171994089772823,0.030944592256255486,0.7407945751059725,0.010677102200437513,0.034792323562784194,-0.03693642376390813,-0.07030545574019126,0
NVDA,2024-12-04,0.0,0.0,0.0,0.0,0,0,0,57.06836893585056,0.6031668175835989,1.1987541840418714,-0.5955873664582725,140.54281006536374,136.54500197016293,151.30219934349432,134.22266180152522,0.6164642975059966,4.857092691436241,0.034792323562784194,0.06003514290423419,0.03738105691825946,1.025488994747825,0.011670593886479185,-0.0004820564932682861,-0.040101871724271695,-0.11176173569853391,0
NVDA,2024-12-05,0.0,0.0,0.0,0.0,0,0,0,56.95289378961903,0.8835465139405585,1.1357126500216088,-0.2521661360810503,140.93700038977477,136.86409242120283,151.24745411031435,134.2235541904669,0.6143277586482958,4.694674920754184,-0.0004820564932682861,0.07189313656587165,-0.003708354172883507,0.7775520281029917,0.01307524983003486,-0.018061738263150075,-0.05321947671276132,-0.09913163726088965,0
NVDA,2024-12-06,0.0,0.0,0.0,0.0,0,0,0,52.655787842096764,0.8846875158575642,1.0855076231888,-0.20082010733123568,141.0447721160462,137.0681908954939,150.50976080153666,134.3199495866469,0.4786129885104319,4.672094774888129,-0.018061738263150075,0.03037835102863999,-0.043190401205891876,0.852715350652673,0.008729350841172913,-0.025484372234337437,-0.05749785620874598,-0.054338664027096834,0
NVDA,2024-12-09,0.0,0.0,0.0,0.0,0,0,0,47.327837275309896,0.5866824120661533,0.9857425809642707,-0.39906016889811735,140.7974675660247,137.1223039717812,149.9288655751049,134.0221582896412,0.2782421259001681,4.71666954513516,-0.025484372234337437,0.0013674073438051646,-0.05967921241878463,0.8537134634395394,0.0017392793883267575,-0.02694324125434391,-0.04905981076634132,0.0061955182290785536,0
NVDA,2024-12-10,0.0,0.0,0.0,0.0,0,0,0,42.550675763339754,0.04894779810749128,0.7983836243929149,-0.7494358262854236,140.2184548904658,137.0280110502469,149.89889131382716,133.0367898385166,0.0996936613506349,4.9518415130429805,-0.02694324125434391,-0.03693642376390813,-0.07008586114401688,0.9412406109387742,-0.0018377997809039008,0.03139111378718087,-0.03464883606822528,0.03812833083471177,0
NVDA,2024-12-11,0.0,0.0,0.0,0.0,0,0,0,48.8536774189267,-0.035560491466412714,0.6315948012210494,-0.6671552926874621,140.09734274315954,137.103256787247,148.97642819080204,133.06461490001828,0.3696726662283493,4.96147434916704,0.03139111378718087,-0.040101871724271695,-0.060492187324281084,0.8312381199846195,-0.00032904539012021226,-0.014141090900784713,-0.07465361361104571,0.00445046439628483,0
NVDA,2024-12-12,0.0,0.0,0.0,0.0,0,0,0,46.311334939713284,-0.2581063316745258,0.45365457464193437,-0.7117609063164602,139.80063565666444,137.09849841656913,148.38893647894565,132.7624398638278,0.27002075865495007,4.857143121834894,-0.014141090900784713,-0.05321947671276132,-0.06098679549666804,0.7210304308758302,-0.0038405706776920806,-0.0224989910603997,-0.04849292884555811,-0.0024029638484938647,0
NVDA,2024-12-13,0.0,0.0,0.0,0.0,0,0,0,42.56926006530884,-0.6753781821020937,0.22784802329312878,-0.9032262053952225,139.23866686830652,136.97306566999413,147.80707355926066,132.09757274200885,0.1147325212853394,5.013176105924191,-0.0224989910603997,-0.05749785620874598,-0.08517820236491153,1.0397523150514856,-0.005922790764406276,-0.016759716056535253,0.0033519204199803357,0.02413407772845228,1
NVDA,2024-12-16,0.0,0.0,0.0,0.0,0,0,0,40.032697718260714,-1.1736225023102804,-0.05244608182755306,-1.1211764204827275,138.51649269158165,136.76454693833534,148.05346040527547,130.85676603515424,0.046466603426379434,4.938636293594163,-0.016759716056535253,-0.04905981076634132,-0.07022737313979677,1.071589117658587,0.00348951600026783,-0.012197102129216568,0.05810599827519006,0.017348352152831002,1
NVDA,2024-12-17,0.0,0.0,0.0,0.0,0,0,0,38.27517489072944,-1.6787098234161704,-0.37769883014527655,-1.3010109932708938,137.71016179814976,136.5012320901868,148.4902402831952,129.44749470215635,0.0316405849054912,4.9520632942811575,-0.012197102129216568,-0.03464883606822528,-0.06957552653900695,1.1582643816097797,0.00247182347536872,-0.011350402055248893,0.0753893190603544,0.06074100095295554,1
NVDA,2024-12-18,0.0,0.0,0.0,0.0,0,0,0,36.68099688957299,-2.1730560737686915,-0.7367702788699596,-1.436285794898732,136.84004146646214,136.1903562558826,147.93155358121714,128.20191199495474,0.018854185406690663,5.198204831771178,-0.011350402055248893,-0.07465361361104571,-0.12306038351841801,1.225217232517401,-0.03486640000090235,0.01373035758980392,0.08548591010986066,0.12070431589779473,1
NVDA,2024-12-19,0.0,0.0,0.0,0.0,0,0,0,39.90471956616537,-2.3947733322742977,-1.0683708895508273,-1.3264024427234704,136.22091979499103,135.9609016543192,147.10206242056378,127.51537074594015,0.14417407579525504,5.191664276536636,0.01373035758980392,-0.04849292884555811,-0.10419496236207143,0.9470806720766524,-0.030165842561038495,0.030762192173791496,0.04843890959333002,0.143480255127832,1
NVDA,2024-12-20,0.0,0.0,0.0,0.0,0,0,0,46.55954027598803,-2.221344703207194,-1.2989656522821007,-0.9223790509250933,136.04262128121957,135.8976814090671,145.66499669738732,127.7595653753666,0.36800118950054944,5.323801799267854,0.030762192173791496,0.0033519204199803357,-0.08154850360540439,1.4144212517151642,-0.018322067820702167,0.036896846473274104,0.020712729886212814,0.04038601280545964,1
NVDA,2024-12-23,0.0,0.0,0.0,0.0,0,0,0,53.42630021506641,-1.6647191930864267,-1.372116360442966,-0.29260283264346065,136.3534032457872,136.0313343698558,145.35837287407185,127.83976097602579,0.6545079598705403,5.306153724941031,0.036896846473274104,0.05810599827519006,-0.015994069372519047,0.823838708830546,-0.016642260836983943,0.003937873368744364,-0.038519435849336224,0.003150320601887476,0
NVDA,2024-12-24,0.0,0.0,0.0,0.0,0,0,0,54.1287495292115,-1.1658849584084692,-1.3308700800360669,0.1649851216275977,136.68683156854706,136.18125853710717,145.66848677382998,127.94948655380675,0.6718727881444355,5.158680327420204,0.003937873368744364,0.0753893190603544,0.030948830822446625,0.5213283076630472,-0.001599151956750124,-0.0020681909482714415,-0.013621409333131707,-0.030737336912844235,0
NVDA,2024-12-26,0.0,0.0,0.0,0.0,0,0,0,53.66910823284443,-0.7848477008103316,-1.22166560419092,0.43681790338058835,136.960957612428,136.31396036033033,145.89859765217656,128.02053381755,0.64574225254678,5.0124799907173285,-0.0020681909482714415,0.08548591010986066,0.02205421170107859,0.5868802525018687,0.029139453920505348,-0.020867667802760868,0.03244482996962131,-0.047881046192101887,1
NVDA,2024-12-27,0.0,0.0,0.0,0.0,0,0,0,49.14398656192458,-0.7096982521865414,-1.1192721337900444,0.40957388160350305,136.93160505289245,136.327246453545,145.9377827250023,128.1488414205055,0.47804499274217677,5.026330713886794,-0.020867667802760868,0.04843890959333002,0.012408902784078557,0.8738136392095035,0.018619220025840218,0.0035034768456872318,0.09065034182236403,-0.03831816138928668,1
NVDA,2024-12-30,0.0,0.0,0.0,0.0,0,0,0,49.89192357436592,-0.6045410874635309,-1.0163259245247418,0.41178483706121094,136.9506441433722,136.35878641626599,145.892254298192,128.11951785756972,0.5070686596556782,5.11257164974616,0.0035034768456872318,0.020712729886212814,-0.005428776510589849,0.8535691349743955,-0.004956428959986894,-0.023274486814417766,0.01927406442892112,-0.009091413857560172,1
NVDA,2024-12-31,0.0,0.0,0.0,0.0,0,0,0,45.127122428745984,-0.769869445112846,-0.9670346286423628,0.19716518352951673,136.6639018300525,136.26392615890322,145.753578477999,127.82627686868065,0.3410202560354774,5.049455834655511,-0.023274486814417766,-0.038519435849336224,-0.031239684434611278,0.7953620029613006,-0.014478249377518685,0.029935353425803626,0.043339156302169474,-0.005361430012387954,1
NVDA,2025-01-02,0.0,0.0,0.0,0.0,0,0,0,51.40570115024616,-0.5707776837581946,-0.8877832396655292,0.3170055559073346,136.78632895068367,136.33002264665916,145.56237748775024,127.82394911137087,0.5708193121997173,5.015784554082574,0.029935353425803626,-0.013621409333131707,-0.01383487854134865,1.0042903687876732,-0.027706626079742076,0.04453761128485106,-0.017352290227772314,-0.004337961945439548,0
NVDA,2025-01-03,0.0,0.0,0.0,0.0,0,0,0,59.123814458155785,0.0818250441902535,-0.6938615828943727,0.7756866270846262,137.48223312241916,136.63446578811985,145.41373288177604,127.90676730132944,0.9245780131455478,5.127000493623087,0.04453761128485106,0.03244482996962131,-0.004547543651780858,1.1622730248504276,-0.015615302248773657,0.03433227791132337,-0.07780161596052228,-0.025195429563817734,0
NVDA,2025-01-06,0.0,0.0,0.0,0.0,0,0,0,64.07197356847573,0.9868276255684805,-0.35772374120180206,1.3445513667702826,138.58300851608013,137.12097202214883,146.5847693382054,127.17158747331807,1.1264916506085707,5.308639377248855,0.03433227791132337,0.09065034182236403,0.030125185261510208,1.3141203210806358,0.0005881335373003116,-0.06216958057887834,-0.11824917507123105,-0.015793277918323093,0
NVDA,2025-01-07,0.0,0.0,0.0,0.0,0,0,0,51.497739521368736,0.9454789843029516,-0.09708319610085134,1.042562180403803,138.69649314959332,137.22503575335745,146.27426294787185,127.25269322888599,0.6583002414666318,5.864150932428869,-0.06216958057887834,0.01927406442892112,-0.016147173202867095,1.67430159219471,0.0006970841618573489,-0.0002139675389410004,-0.027829098449958015,0.05052101095732134,0
NVDA,2025-01-08,0.0,0.0,0.0,0.0,0,0,0,51.46263327504981,0.8999228742488583,0.1023180179690906,0.7976048562797677,138.79632141548026,137.32384572151625,146.40161385880631,127.25500387801011,0.6523184039327655,5.900521484341962,-0.0002139675389410004,0.043339156302169474,0.009365356699682465,1.0723601950757267,0.005818417701802333,-0.029976388651702914,-0.046677617743364826,0.017914335268042963,0
NVDA,2025-01-10,0.0,0.0,0.0,0.0,0,0,0,46.66416230889072,0.5198067100969013,0.18581575639465275,0.3339909537022485,138.48768592864508,137.25450466591604,146.41348316052748,127.3269160093944,0.43112691397876857,5.898672612367387,-0.029976388651702914,-0.017352290227772314,0.006219030571076609,0.9797748078907743,-0.007098369368140109,-0.019718982076876102,0.013244144521895252,-0.12868819842915877,1
NVDA,2025-01-13,0.0,0.0,0.0,0.0,0,0,0,43.85423809261886,0.0028388598427682155,0.14922037708427585,-0.14638151724150764,137.95387102063424,137.08305857684212,146.21189916824582,126.9220852067542,0.3089995683564455,5.933290396408585,-0.019718982076876102,-0.07780161596052228,-0.04364367468715188,0.9620718707857886,-0.017839250630239365,-0.011033466244156923,0.057044327237134436,-0.03182464773885481,1
NVDA,2025-01-14,0.0,0.0,0.0,0.0,0,0,0,42.34795590580234,-0.5191835972037495,0.01553958222667079,-0.5347231794304204,137.3312617223521,136.86083954985506,146.18748879952278,126.38995108084833,0.25389633697134806,5.960448112402669,-0.011033466244156923,-0.11824917507123105,-0.040629048081221336,0.9109854367293535,-0.022121135180254416,0.03400123773441192,0.11619597538928837,-0.06117188833452733,1
NVDA,2025-01-15,0.0,0.0,0.0,0.0,0,0,0,48.18870140015879,-0.565811529367835,-0.10073064009223037,-0.4650808892756046,137.19350309570697,136.82256333780498,146.22857276998883,126.54735038674944,0.4744342385857339,5.9023125567740005,0.03400123773441192,-0.027829098449958015,0.014823250982192225,0.8720735970784274,0.0070500416166233626,-0.019597890974702162,0.08059293821935723,-0.08507064183693705,1
NVDA,2025-01-16,0.0,0.0,0.0,0.0,0,0,0,45.24658576085193,-0.8083328598107471,-0.24225108403593373,-0.5660817757748133,136.8152400125593,136.68135460779914,146.17910904080642,126.75340438692793,0.3329782085633053,5.855453070447457,-0.019597890974702162,-0.046677617743364826,0.011893910164545385,0.9918660909006748,0.003647147148886526,0.030995141349838846,0.06775457517163336,-0.10107063254081518,1
NVDA,2025-01-17,0.0,0.0,0.0,0.0,0,0,0,50.312256882611926,-0.659733678228406,-0.3257476028744282,-0.3339860753539778,136.86626166919427,136.70761393326688,146.09032038535975,127.57228795204257,0.5280625514830851,5.788432157559263,0.030995141349838846,0.013244144521895252,0.056139546856854156,0.9670660819051566,0.029440576746084184,0.022656281505400305,-0.1400771410507638,-0.1528574950232924,0
NVDA,2025-01-21,0.0,0.0,0.0,0.0,0,0,0,53.78256426521232,-0.28755176722742704,-0.318108435745028,0.03055666851760097,137.20879194735136,136.85487729234833,145.9882596827017,128.86324178214204,0.6773474851271611,5.712661813596216,0.022656281505400305,0.057044327237134436,0.0924676892447253,0.9690936701029209,0.03725540737994551,0.04430858416150917,-0.08407308254354089,-0.1574949931409616,0
NVDA,2025-01-22,0.0,0.0,0.0,0.0,0,0,0,59.825920825978365,0.5037989096234128,-0.1537269666713399,0.6575258762947527,138.11143449486923,137.2404326415225,147.06088092665124,129.42534801621986,0.9787734097822045,5.800458668720026,0.04430858416150917,0.11619597538928837,0.12542095366448316,1.1567234464538199,0.041653013329318284,0.0010199465342050332,-0.15890387318585006,-0.15122046667052938,0
NVDA,2025-01-23,0.0,0.0,0.0,0.0,0,0,0,59.96145652746463,1.1299965975000816,0.10301774616294442,1.0269788513371372,138.94235988802902,137.61673532707246,148.24450564483294,129.49045987030377,0.9249039626586161,5.636200393623656,0.0010199465342050332,0.08059293821935723,0.09294736595824812,0.7877640822009068,0.02862786146920476,-0.031245901768814765,-0.15330803505830892,-0.12593392908322035,0
NVDA,2025-01-24,0.0,0.0,0.0,0.0,0,0,0,53.950465940736926,1.2417333355662663,0.3307608640436088,0.9109724715226575,139.25719448621152,137.79835837969492,148.50613583505336,129.52305880605994,0.670337287440282,5.738722483658056,-0.031245901768814765,0.06775457517163336,0.021121091769394473,1.1683123330204572,0.02760109810075745,-0.16968158214652,-0.1581123711741635,-0.08960872945118158,0
NVDA,2025-01-27,0.0,0.0,0.0,0.0,0,0,0,34.40817741599014,-0.6103240863171777,0.14254387397145152,-0.7528679602886292,137.24329373250237,137.0263143872467,151.06557809260667,124.78930014225662,-0.2541480031003414,7.175413962226033,-0.16968158214652,-0.1400771410507638,-0.155470002830179,3.4617679847711855,0.0029955469353430387,0.08925865359746313,-0.014862209836060491,0.12793451824666452,0
NVDA,2025-01-28,0.0,0.0,0.0,0.0,0,0,0,43.956939009006504,-1.213417807228467,-0.12864846226853216,-1.0847693449599347,136.42523590306763,136.69797603964636,151.09624387836337,123.66748750591395,0.1817872801018384,7.571224150353054,0.08925865359746313,-0.08407308254354089,-0.07818189650252522,2.2319885134296147,0.002437701942965804,-0.041010927185935325,-0.08016131985870042,0.029537156607026455,0
NVDA,2025-01-29,0.0,0.0,0.0,0.0,0,0,0,40.758893115714436,-2.092993012891469,-0.5215173723931196,-1.5714756404983494,135.18259244117763,136.17560362841408,151.73276423070263,121.70343953516651,0.055746841962949434,7.66732845411772,-0.041010927185935325,-0.15890387318585006,-0.09714605543412418,1.7014949310453527,-0.007634609122446826,0.007679762701071086,0.0091349921493794,0.06014550563024087,1
NVDA,2025-01-30,0.0,0.0,0.0,0.0,0,0,0,41.58086866540306,-2.6826822894391853,-0.9537503558023328,-1.7289319336368525,134.14853500095575,135.7108736554899,152.03032019612328,120.12523095133764,0.13163286694759505,7.611234312634733,0.007679762701071086,-0.15330803505830892,-0.09338864328242935,1.3748511192176134,-0.007724298696231885,-0.03674284811320899,0.032330655195214636,0.08535907864275621,1
NVDA,2025-01-31,0.0,0.0,0.0,0.0,0,0,0,38.78671089509566,-3.4785208634306173,-1.4587044573279897,-2.0198164061026276,132.77790644082938,135.0852290070248,152.82806712964563,117.90919254442665,0.05291529572904399,7.6845330322768195,-0.03674284811320899,-0.1581123711741635,-0.10589017943052778,1.3050939674407513,-0.010115569604135228,-0.02839996302426593,0.08136910363978449,0.15640894779636666,1
NVDA,2025-02-03,0.0,0.0,0.0,0.0,0,0,0,36.80371892905333,-4.333712074867179,-2.033705980835828,-2.3000060940313514,131.21390035982964,134.35074326519373,153.55379869980007,115.02410657363747,0.03456388938520176,7.638607645064986,-0.02839996302426593,-0.014862209836060491,-0.1565323669722457,1.2129132188994673,-0.002669555733475301,0.0170579712416103,0.14495102056633297,0.19492534027128594,1
NVDA,2025-02-04,0.0,0.0,0.0,0.0,0,0,0,38.77104636508711,-4.79601545258231,-2.5861678751851245,-2.2098475773971855,129.98787529765835,133.72289596879523,152.9047578620202,113.0978788567298,0.13170483296629892,7.416431474732704,0.0170579712416103,-0.08016131985870042,-0.1787222686984423,0.8344966302014191,-0.00453256795437384,0.052086035691500256,0.11925838609969709,0.17345129411473453,1
NVDA,2025-02-05,0.0,0.0,0.0,0.0,0,0,0,44.54472139146741,-4.611856810896725,-2.991305662327445,-1.6205511485692803,129.46565211315294,133.3613914939543,150.56589759386839,112.98315483533082,0.30656030346277646,7.339075625471582,0.052086035691500256,0.0091349921493794,-0.1646254777317863,0.8534116722264521,0.004004500472607391,0.030841976295445484,0.05054875103697775,0.1224064526273514,1
NVDA,2025-02-06,0.0,0.0,0.0,0.0,0,0,0,47.844268787244225,-4.108694142304529,-3.214783358322862,-0.8939107839816667,129.35887550053496,133.1646505600998,149.67900453389532,112.7270379465734,0.4226421805503838,7.095551847823244,0.030841976295445484,0.032330655195214636,-0.08177522753701093,0.8320147603419287,0.0021154050574361664,0.00901442543470391,0.05136767292599081,0.044684310236904785,1
NVDA,2025-02-07,0.0,0.0,0.0,0.0,0,0,0,48.83209767525925,-3.5753631914430173,-3.2868993249468934,-0.2884638664961239,129.37245398476603,133.0209956198983,148.75462868831067,112.62708975651354,0.46707747960090557,6.971297666651255,0.00901442543470391,0.08136910363978449,-0.07329967500547044,0.754832941008323,-0.0017446417228184862,0.028727795322897695,0.06939336800358477,0.003389062834518694,1
NVDA,2025-02-10,0.0,0.0,0.0,0.0,0,0,0,51.98154379661821,-2.819991065778737,-3.1935176731132624,0.37352660733452536,129.73905272170796,133.0288679768692,148.5406084512692,112.60771918544955,0.5736811583591559,6.840958925578789,0.028727795322897695,0.14495102056633297,-0.017217342852559863,0.7166802969371899,0.011843993197228045,-0.00576475061907129,0.04364756116836677,-0.05195783443021389,1
NVDA,2025-02-11,0.0,0.0,0.0,0.0,0,0,0,51.27985149277572,-2.2573028159888224,-3.0062747016883744,0.748971885699552,129.99759537776927,133.00631435465283,148.5091131700023,112.5963265882985,0.5529346484120968,6.5988168695635565,-0.00576475061907129,0.11925838609969709,-0.0032275007360543537,0.5934248381715657,0.005866029270828928,-0.012499987039900632,0.04841858563497978,-0.01144589895799649,1
NVDA,2025-02-12,0.0,0.0,0.0,0.0,0,0,0,49.72157230180651,-1.922802202576463,-2.7895802018659923,0.8667779992895293,130.07383205077562,132.91971694640512,148.47426697758618,112.56933348628098,0.5076947702039125,6.3924940024721435,-0.012499987039900632,0.05054875103697775,-0.0047055968585232415,0.5347810763387124,-0.0014232121462505623,0.03164553639455421,0.06840015898304978,-0.08380353764117357,1
NVDA,2025-02-13,0.0,0.0,0.0,0.0,0,0,0,53.523927020777734,-1.3086261651981204,-2.4933893945324184,1.184763229334298,130.53701527064223,132.99883611946277,148.3749536171762,112.57389281837068,0.6246564359274644,6.317746381989941,0.03164553639455421,0.05136767292599081,-0.006973114800929689,0.6573999895344553,0.005624086888348938,0.0263139742320921,-0.006356827265276288,-0.07665017423462511,0
NVDA,2025-02-14,0.0,0.0,0.0,0.0,0,0,0,56.55893982452652,-0.5292714409771406,-2.100565803821363,1.5712943628442222,131.29425108610562,133.21409710822925,148.94448061710284,112.53099087947919,0.7128402314790766,6.148599246956861,0.0263139742320921,0.06939336800358477,0.03952996396672936,0.652399715657515,0.01486420701719615,0.003961018291310363,-0.06172125912122248,-0.17853813413892036,0
NVDA,2025-02-18,0.0,0.0,0.0,0.0,0,0,0,57.02583977703903,0.13112494647296558,-1.6542276537624971,1.7853526002354627,132.03161239217218,133.44242839025182,149.16552100972763,112.47850822611224,0.7239083958766304,6.101959575990803,0.003961018291310363,0.04364756116836677,0.01227204601756187,0.7292977246093493,0.010977863016780557,-0.0012196140453268852,-0.09160697457247935,-0.1679340387772077,0
NVDA,2025-02-19,0.0,0.0,0.0,0.0,0,0,0,56.82252868471958,0.6335081969659768,-1.1966804836168023,1.8301886805827792,132.68259920024656,133.6551556642401,148.93051395724007,112.5539297073107,0.723351153281895,5.961048531044403,-0.0012196140453268852,0.04841858563497978,-0.011361409403118092,0.5602828716844652,0.012588517500638174,0.006320552972018021,-0.05709979335850771,-0.15750914261691243,0
NVDA,2025-02-20,0.0,0.0,0.0,0.0,0,0,0,57.66389976759387,1.0899110770297966,-0.7393621714874826,1.8292732485172793,133.3551792708332,133.89396093001136,147.59096366161072,113.19929512745176,0.7718553924648557,5.810967925000341,0.006320552972018021,0.06840015898304978,-0.04732437493297011,0.4889142652864831,0.011634868841753333,-0.04053969357658642,-0.1424594477495188,-0.21083435935982936,0
NVDA,2025-02-21,0.0,0.0,0.0,0.0,0,0,0,50.785093949636774,0.9831457045294769,-0.3948605962840907,1.3780063008135677,133.4241605814421,133.90123630656882,145.33686092560657,114.17773105437391,0.6387133421279114,5.92522986637814,-0.04053969357658642,-0.006356827265276288,-0.08687688960282255,0.7659642736436055,-0.016056128947521144,-0.030870829778379117,-0.0707430483076597,-0.161719718134665,0
NVDA,2025-02-24,0.0,0.0,0.0,0.0,0,0,0,46.42734299290952,0.5581054840605191,-0.20426738021516877,0.7623728642756878,133.0923679674729,133.7459069664981,143.6336483872708,114.6501650892917,0.527547806737917,6.108271133052448,-0.030870829778379117,-0.06172125912122248,-0.08652335623129433,0.8413464865244048,-0.020485507505355514,-0.028016785328866325,-0.12450124885946896,-0.17884571800318702,0
NVDA,2025-02-25,0.0,0.0,0.0,0.0,0,0,0,42.937549337924665,-0.07167451086684196,-0.1777488063455034,0.10607429547866146,132.44545935873109,133.45390385313283,143.2122437153347,115.8904288615696,0.38099221335875205,6.08802285723548,-0.028016785328866325,-0.09160697457247935,0.06932948329948126,1.0000535528423506,-0.02820968891433723,0.036721117341154186,-0.08402427370994646,-0.14111970790071093,0
NVDA,2025-02-26,0.0,0.0,0.0,0.0,0,0,0,48.27203269820195,-0.19430248374854386,-0.1810595418261115,-0.01324294192243236,132.30186307354316,133.35522912807892,143.33270445705728,115.99836930392905,0.546540787498139,6.158984052941148,0.036721117341154186,-0.05709979335850771,0.017753178338999424,1.2475078418896035,-0.03000349328896549,-0.08478047129673902,-0.10648990057606612,-0.11829178035114943,0
NVDA,2025-02-27,0.0,0.0,0.0,0.0,0,0,0,38.89853359154106,-1.1737109065028903,-0.3795898147614673,-0.794121091741423,131.11470836048437,132.82509224409253,143.56256190714893,115.4144377571577,0.15710818972174595,6.7876911498588415,-0.08478047129673902,-0.1424594477495188,-0.028698438155964012,1.721998640082934,-0.0414988963238017,0.03970028854844718,-0.07973373554273472,-0.037947339064830034,0
NVDA,2025-02-28,0.0,0.0,0.0,0.0,0,0,0,43.92415512156717,-1.548158159537138,-0.6133034837166016,-0.9348546758205365,130.49371629634413,132.502315751658,143.556742948188,115.44718695293506,0.3254090792334606,6.92195158270524,0.03970028854844718,-0.0707430483076597,0.00216611615765678,1.5129748532655345,-0.00960102119501174,-0.08693566760230026,-0.09790259805032483,-0.025927107286632157,0
NVDA,2025-03-03,0.0,0.0,0.0,0.0,0,0,0,36.55267795555332,-2.6879519598481494,-1.028233178942911,-1.6597187809052383,128.9002770071462,131.76742508530927,144.29296875423253,114.11152801090421,-0.011560887835207617,7.32802972930397,-0.08693566760230026,-0.12450124885946896,-0.050054148044748795,1.5924610399410464,-0.022504585501343814,0.016920960584241584,-0.0620725832822975,0.04805369050100422,0
NVDA,2025-03-04,0.0,0.0,0.0,0.0,0,0,0,38.52713479779618,-3.3967618068256513,-1.5019389045194593,-1.894822902306192,127.64192455826993,131.13684277976557,144.3756960033324,113.96197413216565,0.05673761893034184,7.460028300704175,0.016920960584241584,-0.08402427370994646,-0.005743298157700289,1.5333023178758773,-0.029247440022381586,0.011294035467766403,-0.06233291183601147,-0.0047364700876491965,0
NVDA,2025-03-05,0.0,0.0,0.0,0.0,0,0,0,39.894377039216764,-3.8091590494919956,-1.9633829335139668,-1.8457761159780288,126.62785135117652,130.58222760737434,144.51011503501357,113.69290696816026,0.10712355604918004,7.195752477900955,0.011294035467766403,-0.10648990057606612,-0.011378013123983633,1.0891403034626428,-0.01930899763244929,-0.05737421727957676,-0.013208445861655344,0.0019676343613271325,0
NVDA,2025-03-06,0.0,0.0,0.0,0.0,0,0,0,35.523151136675395,-4.624319029259965,-2.4955701526631664,-2.1287488765967986,125.07107577141417,129.78612878997424,145.76888372470023,111.01185586880564,-0.021007207755537004,7.186165446225568,-0.05737421727957676,-0.07973373554273472,-0.11423539275367488,1.2165339615425876,-0.02109205338897497,0.01917343417888149,0.04540685461565687,0.07208912112783784,1
NVDA,2025-03-07,0.0,0.0,0.0,0.0,0,0,0,37.83389778818704,-5.041601948065633,-3.00477651174366,-2.036825436321973,123.86394349114741,129.10417028168558,146.31811425525532,108.86779425304545,0.09421528508593868,7.0946229587352745,0.01917343417888149,-0.09790259805032483,-0.1242617419543144,1.272701979906928,-0.03073160823922798,-0.05067006208868006,0.07978682857098833,0.04455418896818645,1
NVDA,2025-03-10,0.0,0.0,0.0,0.0,0,0,0,34.2713251119699,-5.765390564313847,-3.5568993222576974,-2.2084912420561498,122.22938364089305,128.22561713587345,147.23751531321153,105.6683547429408,0.02484318437919879,7.102947232960226,-0.05067006208868006,-0.0620725832822975,-0.17606277454466573,1.3305401557935894,-0.03972456641414724,0.016638706799789096,0.11741449478968322,0.13498945552407696,1
NVDA,2025-03-11,0.0,0.0,0.0,0.0,0,0,0,36.285471863660334,-6.125134184200306,-4.07054629464622,-2.054587889554086,120.91957879893113,127.45113931879186,147.15520142619678,103.27613783771922,0.11851426482900887,7.1277741969588835,0.016638706799789096,-0.06233291183601147,-0.18574526791297954,1.2568896536188299,-0.03630004241194732,0.06427582406043286,0.061425256869300754,0.1097931154969225,1
NVDA,2025-03-12,0.0,0.0,0.0,0.0,0,0,0,43.59565418235947,-5.780978684683134,-4.412632772653603,-1.3683459120295316,120.39855652376322,126.98046110666937,146.43466984722932,102.29617884661836,0.2979863100183364,7.189351074452198,0.06427582406043286,-0.013208445861655344,-0.12838372354368516,1.118353661304393,-0.04148789871959987,-0.0013823583503980376,0.015379215761766485,-0.01710732891134621,1
NVDA,2025-03-13,0.0,0.0,0.0,0.0,0,0,0,43.47270708227307,-5.458192045904184,-4.62174462730372,-0.8364474186004642,119.91195621053465,126.52198236659855,145.79011639272022,101.38984958018017,0.31304775066706303,6.958684171898723,-0.0013823583503980376,0.04540685461565687,-0.11857075544830176,1.0084689197302739,-0.03717411513326766,0.05269067769831277,0.025523332274294954,-0.03590596718604547,1
NVDA,2025-03-14,0.0,0.0,0.0,0.0,0,0,0,49.330315702280096,-4.658505941609022,-4.629096890164781,-0.029409051444241108,120.05023867802095,126.31970549414922,144.50396593848043,101.31866666039653,0.46416849700788937,6.910502423182457,0.05269067769831277,0.07978682857098833,-0.10058996423033709,0.9236796632536162,-0.022763378444656437,-0.01758846756467991,-0.032629254840447965,-0.09862748258484787,0
NVDA,2025-03-17,0.0,0.0,0.0,0.0,0,0,0,47.46886850693983,-4.1491647705788495,-4.533110466247595,0.3839456956687455,119.97205563358332,126.04165103208163,142.362064649884,101.53470048683477,0.4334008963675768,6.763164757362773,-0.01758846756467991,0.11741449478968322,-0.13906385987845457,0.8417636871866085,0.01172010789427318,-0.03430105342302493,0.01572823765607378,-0.09328212060373857,1
NVDA,2025-03-18,0.0,0.0,0.0,0.0,0,0,0,44.04006668139645,-4.029067538167027,-4.432301880631481,0.40323434246445444,119.51182419698648,125.61412062099281,139.77664269732668,101.73043051434325,0.35244494170619584,6.635613823025461,-0.03430105342302493,0.061425256869300754,-0.17187509431349052,0.9744119835607863,0.009173986134496855,0.018106121552142217,0.04556878434406574,-0.04574199349955449,1
NVDA,2025-03-19,0.0,0.0,0.0,0.0,0,0,0,46.17442153378471,-3.7227555534818038,-4.290392615201546,0.5676370617197426,119.29397023584306,125.2851103066394,136.81976536119387,102.52304622327877,0.4286506625483417,6.5193100863164455,0.018106121552142217,0.015379215761766485,-0.1558514286568215,0.8739816943311505,0.014779824995692819,0.008594302143642192,-0.03199449443993234,-0.06041524309639332,0
NVDA,2025-03-20,0.0,0.0,0.0,0.0,0,0,0,47.22204428195722,-3.3599756636179734,-4.104309224884831,0.744333561266858,119.19281298984201,125.00851065354891,133.06176842045477,104.12975608516045,0.4874207471033184,6.319403106956132,0.008594302143642192,0.025523332274294954,-0.15394410190179234,0.7822435437086523,0.0255158515716473,-0.007002441329968269,-0.059900440611243,-0.14114556342014886,0
NVDA,2025-03-21,0.0,0.0,0.0,0.0,0,0,0,46.42242349024581,-3.103500296631239,-3.904147439234113,0.8006471426028741,119.02244106470266,124.71029093285597,130.36434707484753,105.15961990513293,0.48579331124275854,6.089601065890975,-0.007002441329968269,-0.032629254840447965,-0.12437082004813228,0.832777819486319,0.005093387035093035,0.031520892570458266,-0.06822433702345895,-0.19872553062004963,0
NVDA,2025-03-24,0.0,0.0,0.0,0.0,0,0,0,50.46048505649824,-2.571979914551946,-3.63771393429768,1.065734019745734,119.22074036713425,124.56889065079238,128.74871244057283,105.89167909995452,0.6655677669789989,5.976674981682708,0.031520892570458266,0.01572823765607378,-0.06799854857517289,0.7164550262235283,0.015263935231386297,-0.005930291014790763,-0.10732236657254707,-0.19578301336447973,0
NVDA,2025-03-25,0.0,0.0,0.0,0.0,0,0,0,49.67796783537587,-2.1835273993511493,-3.346876627308374,1.1633492279572248,119.33175540982907,124.40487134352327,127.79554417376261,106.25350444073933,0.6560610810231247,5.7271794207026625,-0.005930291014790763,0.04556878434406574,-0.04682056479222315,0.533839145215649,0.02882459938754269,-0.05741989846688881,-0.08733120117095286,-0.20208797787174906,0
NVDA,2025-03-26,0.0,0.0,0.0,0.0,0,0,0,42.79844370885168,-2.405731223363233,-3.1586475465193464,0.7529163231561133,118.77385713721327,123.97620280249738,124.91324887450101,107.38941225831148,0.347207716113415,5.886662061787938,-0.05741989846688881,-0.03199449443993234,-0.13337545286851982,0.9399503371904695,0.00559030354352123,-0.0204817497410282,-0.029360110550215653,0.005010609321801482,0
NVDA,2025-03-27,0.0,0.0,0.0,0.0,0,0,0,40.75490868104502,-2.737808475441298,-3.074479732303737,0.3366712568624388,118.04774513284138,123.47320195107821,124.56589942246231,106.86805596083846,0.2419292011342763,5.736218984387089,-0.0204817497410282,-0.059900440611243,-0.07249077033961597,0.7847095677838543,0.005828604149591143,-0.015794710971416562,-0.08642182840903638,-0.0346405707448706,0
NVDA,2025-03-28,0.0,0.0,0.0,0.0,0,0,0,39.2311135279488,-3.106828899563695,-3.080949565755729,-0.02587933380796592,117.22358883484756,122.92108046295382,123.2169540412482,106.69698257374203,0.1632642910715251,5.597235019493665,-0.015794710971416562,-0.06822433702345895,-0.12199746454909223,0.7820471524362379,-0.014752444812357792,-0.011762524179649425,-0.140056452193339,0.011489134431318637,0
NVDA,2025-03-31,0.0,0.0,0.0,0.0,0,0,0,38.106495860477494,-3.463188794869126,-3.1573974115784083,-0.30579138329071753,116.3553759182382,122.34014998246346,123.44949436759211,105.89891719246648,0.12583267182305224,5.718261682721391,-0.011762524179649425,-0.10732236657254707,-0.04971098025550375,1.0377495012675202,-0.025588796656385162,0.016331510142628923,-0.09909584768275903,0.021498538410471193,0
NVDA,2025-04-01,0.0,0.0,0.0,0.0,0,0,0,40.62170336358351,-3.562079503236461,-3.2383338299100193,-0.3237456733264419,115.73799816849154,121.85123859279425,123.38750995071089,105.37943493454301,0.24952553825553955,5.575572462274936,0.016331510142628923,-0.08733120117095286,-0.0502618080032436,0.7963270241441902,-0.02517992149955574,0.0024511046323579143,-0.12573759160829098,0.01861093840248167,0
NVDA,2025-04-02,0.0,0.0,0.0,0.0,0,0,0,41.015455171432,-3.5774810612319925,-3.306163276174414,-0.2713177850575783,115.2050668708692,121.39206137517318,123.14239817712966,104.93935307409104,0.28582396186545056,5.54709915679671,0.0024511046323579143,-0.029360110550215653,-0.05856648384333058,0.798226557211291,-0.007158088292523043,-0.07806540629724766,0.035410372317894824,-0.05370399501654168,1
NVDA,2025-04-03,0.0,0.0,0.0,0.0,0,0,0,33.400141616857454,-4.234682837698614,-3.491867188479254,-0.7428156492193598,113.90400549500704,120.6137029849435,124.11506256851128,103.09291014877387,-0.07368359307504298,5.779291972734003,-0.07806540629724766,-0.08642182840903638,-0.07923150191036306,1.2219199929361297,-0.05357288448598498,-0.07357573294093384,0.05667961349600832,-0.0030454038129720993,1
NVDA,2025-04-04,0.0,0.0,0.0,0.0,0,0,0,28.456155456160374,-5.297316671554412,-3.852957085094286,-1.4443595864601266,112.01531486750636,119.57288145244573,126.22026805365937,99.15536137138946,-0.1877932750630562,6.056887632832434,-0.07357573294093384,-0.140056452193339,-0.163025396495912,1.8561036673939166,-0.0906668624125938,0.03530894291008559,0.1762273663325738,0.027568744452691515,1
NVDA,2025-04-07,0.0,0.0,0.0,0.0,0,0,0,33.19102961958767,-5.804524568153155,-4.24327058170606,-1.5612539864470953,110.62284329948864,118.70313564659767,127.11780919248389,97.32715006654931,0.0022561883067733573,6.70224810536437,0.03530894291008559,-0.09909584768275903,-0.08722220021533697,2.0436360041314763,-0.09833928033415767,-0.01372367804473152,0.13385928545566808,0.012802222585348803,1
NVDA,2025-04-08,0.0,0.0,0.0,0.0,0,0,0,32.26565598714275,-6.242385314934268,-4.643093528351701,-1.5992917865825662,109.23569198683273,117.81508148463705,128.02657847974814,95.17651295091594,0.026826173753357347,7.035040894339613,-0.01372367804473152,-0.12573759160829098,-0.11448273106983904,1.5611158784762844,-0.1149615112006334,0.18722738335196382,0.16510892911010078,0.06656266217607873,1
NVDA,2025-04-09,0.0,0.0,0.0,0.0,0,0,0,51.756074695764504,-5.079628013790185,-4.730400425439399,-0.3492275883507858,109.69347337336391,117.66713305564777,127.90171897314924,95.16072762108904,0.5766981433545689,7.8720166654812305,0.18722738335196382,0.035410372317894824,-0.012182437731259042,1.9182527314371933,-0.028165485535052784,-0.05912716717181465,-0.08606671298351291,-0.06909828994501854,0
NVDA,2025-04-10,0.0,0.0,0.0,0.0,0,0,0,46.36874144551994,-4.648651768195393,-4.714050693990598,0.06539892579520501,109.46546569020501,117.26055500249277,127.50585223777385,94.75760830299764,0.38297578405049154,8.391288358034682,-0.05912716717181465,0.05667961349600832,-0.06930273473444486,1.341098619663216,-0.02258244531697868,0.031235543708714467,-0.05652140587001685,0.03197928945404085,0
NVDA,2025-04-11,0.0,0.0,0.0,0.0,0,0,0,49.19922390029485,-3.9906557254936814,-4.569371700291215,0.5787159747975332,109.57836872645223,117.00135471105388,126.28272784997353,94.90943523596397,0.5017488131866508,8.081893568559623,0.031235543708714467,0.1762273663325738,-0.08827149255956909,0.9548150930812307,0.05672082258293501,-0.0019832118903629885,-0.12638595745599207,-0.01983225680384129,0
NVDA,2025-04-14,0.0,0.0,0.0,0.0,0,0,0,49.016813264941916,-3.447159728491741,-4.34492930593132,0.8977695774395791,109.65961963782806,116.743713479087,125.33498280229101,94.97739894209376,0.5090689833872789,7.876534748089456,-0.0019832118903629885,0.13385928545566808,-0.07378901144607707,0.8052857997954391,0.06887654411810272,0.013458516431473383,-0.10676550822765422,-0.015265213709261226,0
NVDA,2025-04-15,0.0,0.0,0.0,0.0,0,0,0,50.35921091165099,-2.863499113859305,-4.048643267516917,1.1851441536576122,109.87467943399287,116.55445991118394,125.02658430745849,94.96360963175049,0.5639541013054732,7.536221844056835,0.013458516431473383,0.16510892911010078,-0.02798235652049974,0.7041378863156127,0.0828431489881159,-0.06871658280776231,-0.08458116187410114,-0.029233535135970858,0
NVDA,2025-04-16,0.0,0.0,0.0,0.0,0,0,0,43.91561627629388,-2.9870782565963907,-3.8363302653328124,0.8492520087364217,109.33681875780158,116.07103569247023,124.19305603958358,94.4974163725258,0.32764830360775266,7.83509478618194,-0.06871658280776231,-0.08606671298351291,-0.11087469819876314,1.198169311439863,-0.04185051199914439,-0.02871096809518302,0.018566369427124585,0.06814056682912117,1
NVDA,2025-04-17,0.0,0.0,0.0,0.0,0,0,0,41.68081782429046,-3.28857367441978,-3.7267789471502057,0.43820527273042575,108.5651865118949,115.48921782907067,123.15589353893633,93.83486497546797,0.25237229261230143,7.591790471825594,-0.02871096809518302,-0.05652140587001685,-0.14376112199609714,0.8770158277045265,0.003488418464855181,-0.045127406430250525,0.09380254716395288,0.12819013474381552,1
NVDA,2025-04-21,0.0,0.0,0.0,0.0,0,0,0,38.46281683887624,-3.8517468504977046,-3.751772527819706,-0.09997432267799855,107.43195176015752,114.75106111493662,122.38309145133348,92.53389844734815,0.1384400298779422,7.509073810744181,-0.045127406430250525,-0.12638595745599207,-0.17663539953724777,0.8621303701103838,-0.037569696407664575,0.020431191686657746,0.12196885061721428,0.17449179119408598,1
NVDA,2025-04-22,0.0,0.0,0.0,0.0,0,0,0,40.597996718791926,-4.091534500415108,-3.8197249223387866,-0.2718095780763212,106.59473994701565,114.11930294267118,120.33544320240765,92.33521109446735,0.22521301264186155,7.179332101976279,0.020431191686657746,-0.10676550822765422,-0.18548724849465334,0.7188485540194244,-0.02201714917078359,0.03862874323145233,0.10243703681531503,0.1481445387201262,1
NVDA,2025-04-23,0.0,0.0,0.0,0.0,0,0,0,44.592396344375835,-3.9288126750863483,-3.841542472888299,-0.08727020219804915,106.20015655966967,113.6617465284442,117.9412600485455,92.9359158547748,0.38054659241517447,7.087603584678808,0.03862874323145233,-0.08458116187410114,-0.14897682949659447,0.7295862682647811,-0.004073683662760149,0.03621853696954948,0.06046153348934932,0.13971386907495068,1
NVDA,2025-04-24,0.0,0.0,0.0,0.0,0,0,0,48.242373278671536,-3.4605451964824425,-3.7653430176071283,0.3047978211246858,106.1965475504526,113.36764909450092,117.03018173008812,93.11583801478494,0.5455480653544786,6.8542298623938,0.03621853696954948,0.018566369427124585,-0.0644339051589361,0.6578990883532224,0.04000683392433513,0.04303307964843441,0.04867056177191356,0.10279060575354476,1
NVDA,2025-04-25,0.0,0.0,0.0,0.0,0,0,0,52.39990997425402,-2.689794679406077,-3.550233349966918,0.8604386705608409,106.62837645399024,113.26424132756354,116.96797811463962,93.13614862486234,0.7382816506085931,6.805672270567172,0.04303307964843441,0.09380254716395288,-0.0037690621295331447,0.7464505685253457,0.04602894283859923,-0.020538662054564855,0.03143856966600042,0.050806269193502056,1
NVDA,2025-04-28,0.0,0.0,0.0,0.0,0,0,0,50.23652497268483,-2.236699951130987,-3.287526670199732,1.0508267190687448,106.80248246437101,113.07570204267824,116.8596161291653,93.15074916624486,0.6455703016378168,6.675085042675833,-0.020538662054564855,0.12196885061721428,-0.008570977837018422,0.6195879440458135,0.07194296724609377,0.0026669979457088332,0.0468131896424557,0.1312424251398586,1
NVDA,2025-04-29,0.0,0.0,0.0,0.0,0,0,0,50.51635061419469,-1.8331474136485184,-2.9966508188894894,1.163503405240971,106.98755487708344,112.90589971935171,116.92815688941708,93.14604736473332,0.6559424603156888,6.394939781421774,0.0026669979457088332,0.10243703681531503,0.0059051449179373635,0.5183859188476272,0.05134168539623934,-0.0009172469793781495,0.041460419396693676,0.1917996127553597,1
NVDA,2025-04-30,0.0,0.0,0.0,0.0,0,0,0,50.41107983883186,-1.5040402063908829,-2.6981286963897686,1.1940884899988857,107.14550165962311,112.73884467521047,116.77871992340108,93.17279298553446,0.6554795814179507,6.290127469684796,-0.0009172469793781495,0.06046153348934932,-0.011166660255191524,0.7135112353052707,0.03571042141295899,0.024697116270499354,0.07473381455414886,0.24256329576148167,1
NVDA,2025-05-01,0.0,0.0,0.0,0.0,0,0,0,53.234328487954436,-1.0150047614870203,-2.361503909409219,1.3464991479221986,107.54395282457344,112.68356601702973,116.9527722999231,93.1174425438269,0.7640673124363534,6.269751779531772,0.024697116270499354,0.04867056177191356,0.010777151151164049,0.7150957643640348,0.021547773789189466,0.02589372392518551,0.05160824185832571,0.20804588989172668,1
NVDA,2025-05-02,0.0,0.0,0.0,0.0,0,0,0,56.12444633557688,-0.3903290733360336,-1.967268942194582,1.5769398688585483,108.17900183825805,112.74350332884275,118.11162905861028,93.22539028953426,0.8433004831893548,6.0919456586747955,0.02589372392518551,0.03143856966600042,0.1247543402057092,0.5892636359356425,0.02927493655382926,-0.005938814525673395,0.018777365998416434,0.1825327082694973,1
NVDA,2025-05-05,0.0,0.0,0.0,0.0,0,0,0,55.259110729801236,0.049429294685296554,-1.5639292948186063,1.6133585895039029,108.6889715466959,112.77449079739226,118.32589716192487,94.95721517328022,0.7949300954414955,5.80001656416079,-0.005938814525673395,0.0468131896424557,0.20687105524729965,0.43975626741233087,0.02298270173712973,-0.00246003534553625,0.08065358397541793,0.19109134971121397,1
NVDA,2025-05-06,0.0,0.0,0.0,0.0,0,0,0,54.88386429836472,0.37112593721272447,-1.1769182484123404,1.5480441856250649,109.12377300909205,112.79331025246925,118.64402710152673,96.22508758353187,0.7595943289224186,5.665025186047126,-0.00246003534553625,0.041460419396693676,0.16284334066497388,0.5657878408379043,0.00808197969310764,0.031002233220849315,0.1443542073790532,0.18354749937670428,1
NVDA,2025-05-07,0.0,0.0,0.0,0.0,0,0,0,58.68238536352642,0.8990289645478526,-0.7617288058203018,1.6607577703681544,109.85155899088053,112.94908341189678,119.0949711021407,97.84492071304484,0.8903793053843801,5.645124635937483,0.031002233220849315,0.07473381455414886,0.21557625831957825,0.7752155738697903,0.01191982301748228,0.0026482076639116727,0.15615911487530196,0.12591845206152807,1
NVDA,2025-05-08,0.0,0.0,0.0,0.0,0,0,0,59.00970124430051,1.3270499296441898,-0.3439730587274035,1.6710229883715932,110.53948148491313,113.11087406939976,119.63960680791936,97.60351987054744,0.8836063028346992,5.443535921950805,0.0026482076639116727,0.05160824185832571,0.0265896607285437,0.8066614129982637,0.011800145937769865,-0.006134352838580819,0.14876038605113606,0.1317201622576827,1
NVDA,2025-05-09,0.0,0.0,0.0,0.0,0,0,0,57.86317480467014,1.5899803781098,0.042817628640037186,1.5471627494697628,111.09348966566544,113.23815616012182,120.57196042801345,97.57688371871507,0.816682801345194,5.26988388639441,-0.006134352838580819,0.018777365998416434,0.08441030703616183,0.57627377496283,-0.0042697562499706505,0.05443624743362572,0.16073712249250677,0.12550343949231688,1
NVDA,2025-05-12,0.0,0.0,0.0,0.0,0,0,0,64.42771371996642,2.283138124000942,0.49088172771221816,1.792256396288724,112.19797467611546,113.60883953719119,122.61188746321855,96.74092015396894,1.0030418194739839,5.345893243978962,0.05443624743362572,0.08065358397541793,0.1088073348570847,0.9942479213753719,0.03456901044598496,0.05634134056326292,0.10219534490370803,0.1016259879487355,1
NVDA,2025-05-13,0.0,0.0,0.0,0.0,0,0,0,69.93296371698469,3.3516204039461854,1.0630294629590118,2.2885909409871736,113.85560891222575,114.236066777116,126.22190629495913,95.04806440816589,1.1084636238482612,5.5497090989428886,0.05634134056326292,0.1443542073790532,0.17360653696803435,1.4390840663634554,0.05017923528934836,0.04163782656521544,0.03424926630664173,0.037558789362102676,1
NVDA,2025-05-14,0.0,0.0,0.0,0.0,0,0,0,73.39462440774504,4.581036769737068,1.7666309243146232,2.8144058454224448,115.86931539463654,115.05032011830906,130.65760635749822,92.92054229362485,1.1150571918549823,5.545883259337496,0.04163782656521544,0.15615911487530196,0.20623877799617063,1.2108271009015028,0.04711754762817349,-0.0037681429050507786,-0.02615614271832776,0.02844689058132686,0
NVDA,2025-05-15,0.0,0.0,0.0,0.0,0,0,0,72.5467093807775,5.451469314580677,2.503598602367834,2.9478707122128434,117.64279292541148,115.81269303397433,134.24264950165175,92.36186786285022,1.0059258675796001,5.409094652876058,-0.0037681429050507786,0.14876038605113606,0.2903628215845391,1.013096501330123,0.04495099784796468,0.004227483327359876,-0.014833575391669903,0.0022250987095403206,0
NVDA,2025-05-16,0.0,0.0,0.0,0.0,0,0,0,72.9232264246154,6.116662161511968,3.226211314196661,2.890450847315307,119.30151619032765,116.56746535448637,137.1882703953483,92.79871767227866,0.952040895712593,5.228639993765474,0.004227483327359876,0.16073712249250677,0.33412173548153323,1.027850544993156,0.052911290088194986,0.0012557545531411828,-0.030354575827238904,0.01462335497848214,0
NVDA,2025-05-19,0.0,0.0,0.0,0.0,0,0,0,73.04199937806861,6.581648556361216,3.897298762629572,2.684349793731644,120.81841832910224,117.29928979734812,139.11294810436462,94.7303166661432,0.9124892028470647,5.103111565306625,0.0012557545531411828,0.10219534490370803,0.39892701279810516,0.8957404302048214,0.020343263171226984,-0.008778016076292033,-0.0005165662852824759,0.04167566068974575,0
NVDA,2025-05-20,0.0,0.0,0.0,0.0,0,0,0,70.70430454769422,6.776256766449293,4.473090363393517,2.3031664030557764,122.0778019559623,117.95586456651615,140.41052593349033,96.97281070591396,0.8533859460841431,4.948791050820342,-0.008778016076292033,0.03424926630664173,0.35888359772522505,0.7630750629292238,0.01024100680575173,-0.019199111897641466,0.0031999278735574286,0.05610972781488639,1
NVDA,2025-05-21,0.0,0.0,0.0,0.0,0,0,0,65.78838500892664,6.64621293032657,4.907714876780128,1.7384980535464418,122.97215034901424,118.48577027304523,141.19459871652424,99.09042249319255,0.7689982442139133,5.080510761945996,-0.019199111897641466,-0.02615614271832776,0.2832248752619235,1.271559398816023,-0.008049922115197037,0.007814722449160084,0.05606959769923503,0.06213964224585729,1
NVDA,2025-05-22,0.0,0.0,0.0,0.0,0,0,0,66.78136088948372,6.55054341489415,5.236280584402933,1.3142628304912174,123.87916932619146,119.03518514897974,142.13979350767607,100.77858646668915,0.7668360140277241,4.909988902727112,0.007814722449160084,-0.014833575391669903,0.24805036327964988,0.8872855299791751,-0.012481712290420516,-0.011593818349999908,0.017315525250459277,0.06692760589125175,1
NVDA,2025-05-23,0.0,0.0,0.0,0.0,0,0,0,63.799674899713004,6.278398089670546,5.444704085456456,0.8336940042140899,124.55350718054227,119.50281384105406,142.9310237282187,102.01025282207428,0.7074515785931552,4.820758565371947,-0.011593818349999908,-0.030354575827238904,0.18268607021737598,0.9534390586209912,-0.025395448456158102,0.03206647980746107,0.04638595685025102,0.08637383461562123,1
NVDA,2025-05-27,0.0,0.0,0.0,0.0,0,0,0,68.00529193112645,6.328626358627929,5.621488540090751,0.7071378185371779,125.56356686916995,120.11678717713559,143.91590157646377,103.69563940864363,0.7822796970145768,4.787777115591952,0.03206647980746107,-0.0005165662852824759,0.24620605420422018,0.9285859278952918,-0.006219979098522871,-0.005092241416001217,0.04221403332140786,0.06243533233857795,1
NVDA,2025-05-28,0.0,0.0,0.0,0.0,0,0,0,66.63883883968391,6.240953726787723,5.7453815774301455,0.4955721493575771,126.41188154559944,120.67969242398046,144.46178520715537,105.72226859533487,0.7421001832421631,4.6210657750002815,-0.005092241416001217,0.0031999278735574286,0.23656216337267377,1.4175342788686969,-0.008636224641230022,0.032490105453696676,0.05274103244153908,0.059564607055535755,1
NVDA,2025-05-29,0.0,0.0,0.0,0.0,0,0,0,70.66790776880913,6.449664408069083,5.886238143557933,0.5634262645111496,127.59549699363758,121.39185522107927,145.3040442791928,107.89939428892247,0.8271819003553232,4.909429531197385,0.032490105453696676,0.05606959769923503,0.2779103578763814,1.6694057049805524,0.012335769260257366,-0.029168564309428015,0.005747769427172721,0.041813898833806935,1
NVDA,2025-05-30,0.0,0.0,0.0,0.0,0,0,0,63.0648948341787,6.216626032594391,5.952315721365225,0.26431031122916604,128.2806958360404,121.91727599040428,145.41088876179393,110.1386344010479,0.698890697081543,5.036123356133414,-0.029168564309428015,0.017315525250459277,0.21073391124239024,1.473985022128121,0.010804492992794776,0.016650510556111702,0.04876764328213527,0.050690641180048505,1
NVDA,2025-06-02,0.0,0.0,0.0,0.0,0,0,0,65.29341415809768,6.142235739338545,5.99029972495989,0.15193601437865567,129.11438276302093,122.51010471898984,145.8328183287037,111.99894894424551,0.7399526001773428,4.889432575575164,0.016650510556111702,0.04638595685025102,0.19982530383618802,0.8730411925786711,0.02348431822629383,0.0279516477971006,0.03821522785506276,0.05328322877748662,1
NVDA,2025-06-03,0.0,0.0,0.0,0.0,0,0,0,68.7580056953272,6.319509748116005,6.056141729591113,0.26336801852489167,130.23346498499512,123.22989457682357,146.4052608848269,114.15961261981178,0.8281779065025628,4.869356972121772,0.0279516477971006,0.04221403332140786,0.24073086865226984,0.9764119384329575,0.008356589999502671,0.004956935398331317,0.019402251716691334,0.020606037103410507,1
NVDA,2025-06-04,0.0,0.0,0.0,0.0,0,0,0,69.35850608863844,6.442083884632893,6.13333016059947,0.3087537240334237,131.31246865690406,123.94884002636144,146.50972166521908,116.88601350323793,0.833014891379176,4.724605546692446,0.004956935398331317,0.05274103244153908,0.2499560274227206,0.7220348808749367,0.013952003255344564,-0.01359917727596728,0.006481721908541259,0.02515555690649814,1
NVDA,2025-06-05,0.0,0.0,0.0,0.0,0,0,0,65.61393448782927,6.311131238876612,6.1688903762548986,0.14224086262171376,132.1053633714065,124.56409583549157,146.33864426299507,119.34432463959283,0.7517706985285059,4.755490374199874,-0.01359917727596728,0.005747769427172721,0.19588262187064084,0.9944470116413028,0.005084203681576477,0.012357797634807793,0.03586001431270965,0.027644575796659427,1
NVDA,2025-06-06,0.0,0.0,0.0,0.0,0,0,0,67.3172218647259,6.27426730213503,6.1899657614309245,0.08430154070410545,132.98708872786852,125.22289519936476,145.93366353551764,122.17817881067377,0.8076156317500752,4.649506790424994,0.012357797634807793,0.04876764328213527,0.20746348325644837,0.6681458891048022,0.01654255827458706,0.00642124900303819,0.0018335785912456041,0.017358280306856454,1
NVDA,2025-06-09,0.0,0.0,0.0,0.0,0,0,0,68.2092995709059,6.246295196888951,6.20123164852253,0.04506354836642146,133.8712907268141,125.89145655298955,144.58257117522868,126.12073540436113,0.8748032705350411,4.55109654403767,0.00642124900303819,0.03821522785506276,0.2227174874343391,0.794227026750084,0.011759429337014671,0.009324652832520689,0.01451336921107787,0.03702061565317294,1
NVDA,2025-06-10,0.0,0.0,0.0,0.0,0,0,0,69.51876466334413,6.259024883933336,6.212790295604692,0.04623458832864369,134.79762869144787,126.58582450602796,144.29499589187884,128.4990363957188,0.9558648819921596,4.42266472312081,0.009324652832520689,0.019402251716691334,0.17040637261912905,0.67887498790107,0.01172639268499868,-0.00778050560482032,0.0011808737764626024,0.07196954401886847,1
NVDA,2025-06-11,0.0,0.0,0.0,0.0,0,0,0,67.01520529737107,6.108543910061542,6.191941018496062,-0.08339710843452064,135.52933791716936,127.20914807683171,144.71489444764828,129.3668819805744,0.854422916913957,4.329072773662806,-0.00778050560482032,0.006481721908541259,0.09936057094747372,0.7571478875607909,0.009111932443826264,0.015192971818154266,0.018553575878702114,0.08534638478573793,1
NVDA,2025-06-12,0.0,0.0,0.0,0.0,0,0,0,69.32052480567528,6.093715564993033,6.172295927795457,-0.0785803628024242,136.39752277559742,127.8929179142369,145.81123269256386,129.23511893097128,0.9296606081094017,4.244302425685349,0.015192971818154266,0.03586001431270965,0.07145026482003777,0.7532927240825708,0.01804237275930151,-0.020896625793438095,-0.00793103160903565,0.08793115397870746,0
NVDA,2025-06-13,0.0,0.0,0.0,0.0,0,0,0,62.728086159222265,5.771534913657831,6.092143724967933,-0.32060881131010177,136.89515686021315,128.4313399828575,146.22874537366232,129.53079136950174,0.7241539467378972,4.236841780075006,-0.020896625793438095,0.0018335785912456041,0.05302853156986432,0.8479286590588347,-0.0035719605897366127,0.019159103857786727,0.015496288053592008,0.11284092975788955,1
NVDA,2025-06-16,0.0,0.0,0.0,0.0,0,0,0,65.86628243025929,5.66979235911964,6.007673451798275,-0.33788109267863486,137.60381280795698,129.0550538780993,147.03788918677122,129.64931326684206,0.844619542871755,4.234189430646071,0.019159103857786727,0.01451336921107787,0.06868576332478163,0.8676059911879169,0.005002765552660013,-0.003939653715158152,0.022185263521561586,0.05950657385973264,1
NVDA,2025-06-17,0.0,0.0,0.0,0.0,0,0,0,64.63800663531683,5.480105393694657,5.902159840177552,-0.42205444648289436,138.19082209084874,129.63200903104914,147.64773895056888,129.89330566613032,0.7814445209214532,4.0343530086489165,-0.003939653715158152,0.0011808737764626024,0.0631404680036383,0.667578443514442,-0.00920259439514915,0.009436696748578664,0.07070517635378952,0.09110490078424392,1
NVDA,2025-06-18,0.0,0.0,0.0,0.0,0,0,0,66.25487998109861,5.377264845605936,5.797180841263229,-0.4199159956572931,138.85113424709604,130.23954199969214,148.33454325373992,130.31471669499052,0.8218382673202921,3.9264570436914092,0.009436696748578664,0.018553575878702114,0.08267675617244002,0.7750129387497963,-0.006518638458309841,-0.011204252657464057,0.06557613707203759,0.09527084479173424,1
NVDA,2025-06-20,0.0,0.0,0.0,0.0,0,0,0,62.562711638634646,5.1057024286571675,5.658885158742017,-0.5531827300848491,139.2937017141695,130.75948516250293,148.34460872373342,131.507614481833,0.7121507554890513,3.8989471372830873,-0.011204252657464057,-0.00793103160903565,0.09150204209255962,1.1737389862419187,-0.012775307319142488,0.002224516446800721,0.09662854966950725,0.10003476072784222,1
NVDA,2025-06-23,0.0,0.0,0.0,0.0,0,0,0,62.99865010469051,4.860219562291661,5.499152039451945,-0.6389324771602842,139.72452121934904,131.27155658823045,148.3392132379403,132.6451556585441,0.7118714076006606,3.8163989497103823,0.002224516446800721,0.015496288053592008,0.08544763434143537,0.751474037472882,0.008248370931189863,0.025872205937882982,0.09585918023479793,0.10980104318089007,1
NVDA,2025-06-24,0.0,0.0,0.0,0.0,0,0,0,67.71749381963102,4.909324179691538,5.381186467499864,-0.4718622878083263,140.46867895943336,131.90946329026983,148.43328175815304,134.20893320766726,0.9370723893089572,3.813851665887996,0.025872205937882982,0.022185263521561586,0.1265920628025898,0.9159446215310884,0.009779392916648866,0.04334019163389375,0.03651129757984797,0.10128469545442981,1
NVDA,2025-06-25,0.0,0.0,0.0,0.0,0,0,0,73.8819421856468,5.401938977033353,5.385336969406563,0.016602007626790538,141.75094861815177,132.77311219559166,150.70217757646114,133.81737503584353,1.191315995063882,4.008147246618968,0.04334019163389375,0.07070517635378952,0.1388983187565204,1.290322750759316,0.019053032978921094,0.004601154169344321,0.019052606526031954,0.0634438266551323,1
NVDA,2025-06-26,0.0,0.0,0.0,0.0,0,0,0,74.46360741283533,5.782830131718441,5.4648356018689395,0.3179945298495017,142.9785513771745,133.63066770117203,152.52733839153655,134.0092048823892,1.1141280893838523,3.9156615332759883,0.004601154169344321,0.06557613707203759,0.14999461571464673,0.9746720451300916,0.027180615977931866,0.017610669573689498,0.027867279199111,0.06386270395354973,1
NVDA,2025-06-27,0.0,0.0,0.0,0.0,0,0,0,76.61971061513734,6.232593438953899,5.618387169285931,0.6142062696679673,144.34860412454927,134.5613907413068,155.06256387538357,133.32640554600314,1.1058853783796212,3.8988989909872958,0.017610669573689498,0.09662854966950725,0.13342179718931998,1.3295049753181702,0.03471419102488364,0.0015213787162511366,0.003106075488698066,0.040063360720735956,1
NVDA,2025-06-30,0.0,0.0,0.0,0.0,0,0,0,76.80511924532195,6.533043658170072,5.801318467062759,0.731725191107313,145.61097664840173,135.4650034818438,156.78864886622685,133.88166363377317,1.0355728503993045,3.8127913462170184,0.0015213787162511366,0.09585918023479793,0.1692515500187183,1.018399303608083,0.029492649999213374,-0.02968542810404868,0.012722312499225459,0.08044813753981138,1
NVDA,2025-07-01,0.0,0.0,0.0,0.0,0,0,0,65.8203456656423,6.320772593654084,5.905209292381024,0.4155633012730595,146.30754913836049,136.14970874894675,157.37237235384717,134.88699806851614,0.8022098941097104,4.00359893745661,-0.02968542810404868,0.03651129757984797,0.1159605050259518,1.111055364094178,0.017914196508998646,0.025766476699675078,0.062491743240832356,0.11787339409775922,1
NVDA,2025-07-02,0.0,0.0,0.0,0.0,0,0,0,69.74504515409431,6.396760726579799,6.0035195792207805,0.39324114735901894,147.3130516897294,136.96208589321293,158.81856226207267,135.04086614368904,0.9178542645757777,4.047533205943703,0.025766476699675078,0.019052606526031954,0.1135882488535171,0.905367369579438,0.02195618926766555,0.013290823656759524,0.043561264496865176,0.10015888601198056,1
NVDA,2025-07-03,0.0,0.0,0.0,0.0,0,0,0,71.60302446323175,6.549712397296872,6.112758142835999,0.4369542544608729,148.42135108237423,137.8243646939693,160.50575079026467,135.09239679274313,0.9387898394711545,4.024199174502243,0.013290823656759524,0.027867279199111,0.122822992855921,0.7646470637981923,0.022014588781298992,-0.006903453598746659,0.03501952585015206,0.08202585015205972,1
NVDA,2025-07-07,0.0,0.0,0.0,0.0,0,0,0,69.19450972576294,6.507371404471115,6.191680795163023,0.315690609308092,149.31959288544795,138.60979705948614,161.5564799770799,135.86317029147477,0.8558539165350726,3.8792644253989588,-0.006903453598746659,0.003106075488698066,0.13044475504974318,0.7641668931900506,0.009383519809463364,0.011122424093384979,0.03684284856318198,0.08303848208712826,1
NVDA,2025-07-08,0.0,0.0,0.0,0.0,0,0,0,70.88217409518344,6.540096565138072,6.261363949158033,0.2787326159800383,150.2994980203346,139.43327940232032,162.83838092632337,136.4057810609813,0.8778105770518477,3.743257668258231,0.011122424093384979,0.012722312499225459,0.12906528077326565,0.7564981550180863,0.0040300961254185015,0.017999908031551104,0.06687502013602344,0.043937400652325896,1
NVDA,2025-07-09,0.0,0.0,0.0,0.0,0,0,0,73.44577732598465,6.720385324967708,6.353168224319969,0.36721710064773916,151.45969219603933,140.3371326361601,164.51971620390708,136.74547849824137,0.9266161915847313,3.7908225437691514,0.017999908031551104,0.062491743240832356,0.14205493288956986,1.0062130187483027,0.010378092853212697,0.007490334219539292,0.052124311750414855,0.04850198011154738,1
NVDA,2025-07-10,0.0,0.0,0.0,0.0,0,0,0,74.47116069038529,6.882137507562504,6.458962080968476,0.4231754265940282,152.62530035649837,141.25326774379536,166.23414340006357,137.04112515462393,0.9131447972290331,3.7259730587571727,0.007490334219539292,0.043561264496865176,0.1399793939491828,0.9158478461677051,0.00865491843487581,0.004996854070832343,0.054235073148678946,0.0587446111398517,1
NVDA,2025-07-11,0.0,0.0,0.0,0.0,0,0,0,75.16527822417116,6.995689306796066,6.566307526133995,0.4293817806620712,153.7578008736064,142.16555354937722,167.7262679545724,137.75259862257604,0.8929156075991914,3.774773952073034,0.004996854070832343,0.03501952585015206,0.154659539644365,1.0500125643631575,-0.002750537806523073,-0.005153983715270155,0.04541588166010419,0.05202528678767292,1
NVDA,2025-07-14,0.0,0.0,0.0,0.0,0,0,0,72.951015997784,6.9372914417774325,6.640504309262683,0.29678713251474953,154.70169032723618,143.00881184692003,168.91468674348033,138.46651595427358,0.8277056890188886,3.7523981339970107,-0.005153983715270155,0.03684284856318198,0.13151733223988296,0.7479253689779597,0.006654054205610822,0.04040960311342669,0.04455413237209715,0.07728402672039685,1
NVDA,2025-07-15,0.0,0.0,0.0,0.0,0,0,0,78.31664215734816,7.34007604426705,6.780418656263557,0.559657388003493,156.1855698129049,144.0783653010313,170.9188329946584,139.32834412936504,0.9798544406636336,4.077914206503679,0.04040960311342669,0.06687502013602344,0.20236690993498382,1.2423947378712428,0.0029016334521091707,0.003924951268541275,-0.02149981867676784,0.02817790806486488,0
NVDA,2025-07-16,0.0,0.0,0.0,0.0,0,0,0,78.77484630582077,7.625316123070235,6.949398149624893,0.6759179734453413,157.5917798446744,145.13218529497064,172.8626172926982,140.04603291482135,0.9417415863820772,3.9897084899178776,0.003924951268541275,0.052124311750414855,0.18439420978946755,0.861266386369526,0.00025631517273091357,0.009511551373106272,-0.003442874191207514,0.04609918569580923,0
NVDA,2025-07-17,0.0,0.0,0.0,0.0,0,0,0,79.88832944855235,7.891606594354528,7.13783983857082,0.7537667557837073,159.01892292866373,146.2084439981703,174.64971586198146,141.13987154036226,0.9381395623470089,3.9420047046396722,0.009511551373106272,0.054235073148678946,0.20038875216900637,0.8670544396114989,0.0035472591696200863,-0.0034104356572489175,0.004277545023904527,0.0281502409550776,1
NVDA,2025-07-18,0.0,0.0,0.0,0.0,0,0,0,78.28737486491784,7.963355075544371,7.302942885965531,0.6604121895788397,160.2540940987761,147.21941561451044,175.9896389348907,142.4863605157929,0.8805663532388509,3.8734822793378716,-0.0034104356572489175,0.04541588166010419,0.18511136698254088,0.7927231787648893,0.006350058320194343,-0.005974047635524184,0.006322273502362613,0.007598244054431474,1
NVDA,2025-07-21,0.0,0.0,0.0,0.0,0,0,0,75.44497085751601,7.846854702485331,7.411725249269491,0.43512945321583985,161.27377603170518,148.1504485078446,176.45446260058534,144.76780302441463,0.8266239395526084,3.7663894470365045,-0.005974047635524184,0.04455413237209715,0.19137997750175956,0.6887807553942413,0.006337864923050088,-0.025382262396461863,0.03133384219539946,0.050297552213996254,1
NVDA,2025-07-22,0.0,0.0,0.0,0.0,0,0,0,64.7521492971489,7.319996007977409,7.393379401011075,-0.0733833930336667,161.78307199697062,148.87479890624255,175.7737808996793,147.72889244016443,0.6736518583092471,3.9826000486118724,-0.025382262396461863,-0.02149981867676784,0.15856281625949806,1.0687025519927449,0.010801337150646281,0.022451076719239238,0.05076925655185184,0.06723344663621222,1
NVDA,2025-07-23,0.0,0.0,0.0,0.0,0,0,0,68.85074872767848,7.122209968308113,7.3391455144704825,-0.21693554616236987,162.600133057713,149.71744260147875,175.77066859867062,150.01440830562626,0.790013946032158,3.9995322568111016,0.022451076719239238,-0.003442874191207514,0.15469918385051207,0.8606714672099152,0.016004026438778615,0.017332329708089435,0.04971321623615813,0.05059141818015061,1
NVDA,2025-07-24,0.0,0.0,0.0,0.0,0,0,0,71.65270554580083,7.121633536848151,7.295643118946017,-0.17400958209786577,163.62059535532293,150.64283650662145,176.81382423100862,150.90950035395232,0.8649323153541023,3.9311763976579384,0.017332329708089435,0.004277545023904527,0.1259154207210639,0.7498342828250008,0.010158550981709617,-0.001381360055944642,0.02377101434703973,0.040462668458355514,1
NVDA,2025-07-25,0.0,0.0,0.0,0.0,0,0,0,71.09430463519723,7.020925434256043,7.240699582008022,-0.21977414775197968,164.52106977693282,151.52255181154715,177.60269949371198,151.96410501068257,0.8234254723096466,3.775784450111839,-0.001381360055944642,0.006322273502362613,0.11921046622944233,0.7270979407883116,0.015169344601831992,0.018731902977788057,0.0012679541988353546,0.05302582343627578,1
NVDA,2025-07-28,0.0,0.0,0.0,0.0,0,0,0,74.04420420534814,7.120636396048667,7.216686944816152,-0.09605054876748476,165.64454995954264,152.4949071010683,179.01040103381345,152.45175411755375,0.8986096939362924,3.755472941557243,0.018731902977788057,0.03133384219539946,0.12044364528158305,0.8639933686062655,0.012993587513907329,-0.0070156590770644196,0.018387557202843997,0.030042359463757766,1
NVDA,2025-07-29,0.0,0.0,0.0,0.0,0,0,0,71.0642726328875,7.018933859942564,7.177136327841435,-0.15820246789887094,166.5432240054344,153.3806216242188,179.92999605630274,153.27987027670508,0.8180358075979894,3.797891611402739,-0.0070156590770644196,0.05076925655185184,0.11089290582826268,0.962741643763006,0.010177295534099485,0.021423496638163012,0.015668701745603395,0.04358727023438211,1
NVDA,2025-07-30,0.0,0.0,0.0,0.0,0,0,0,74.42531835465864,7.1584767820685045,7.173404418686849,-0.014927636618344842,167.7135328310887,154.37869397914375,180.67974410256392,155.1207701186275,0.9276857737356417,3.8387077601052555,0.021423496638163012,0.04971321623615813,0.16940644727667636,1.1025525372524339,0.0003940829179650726,-0.007809623615357095,0.0008366113052680744,0.012941237804182442,1
NVDA,2025-07-31,0.0,0.0,0.0,0.0,0,0,0,71.11309312494686,7.074816998557395,7.153686934660959,-0.07886993610356363,168.63937353569858,155.28285736151037,181.29449382856458,156.5629738228026,0.8439386823707894,4.089655823120673,-0.007809623615357095,0.02377101434703973,0.13112862374208756,1.3801697633449785,-0.003688271283699722,-0.023331556930889116,0.01630408936900964,0.023331642927457336,1
NVDA,2025-08-01,0.0,0.0,0.0,0.0,0,0,0,62.26701951708088,6.598403916896729,7.042630331108112,-0.44422641421138387,169.08276926434854,155.98921702131483,181.25428880830376,158.0376621804658,0.6571741343233413,4.294888287143816,-0.023331556930889116,0.0012679541988353546,0.09024734663471877,1.2496999923255927,-0.024140594768136514,0.036150103244122184,0.05169232573597593,0.038740385608497546,1
NVDA,2025-08-04,0.0,0.0,0.0,0.0,0,0,0,68.62698668760629,6.649693135927009,6.964042892071892,-0.3143497561448827,170.080568559671,156.91354819166463,181.77133043734656,159.69129773648157,0.8998339992483098,4.449834900192437,0.036150103244122184,0.018387557202843997,0.13751266668967285,0.90314977801985,-0.009058969726764033,-0.009666693916578898,0.011444368284433338,0.01116657214176322,1
NVDA,2025-08-05,0.0,0.0,0.0,0.0,0,0,0,65.34078730704829,6.475632767098489,6.866360867077212,-0.39072809997872326,170.81802998962795,157.73356252039224,181.83433232149784,161.44982752957637,0.8032614091823095,4.44265631125413,-0.009666693916578898,0.015668701745603395,0.11412491017063016,0.9480513127841508,-0.011475766560067767,0.006507367339324592,0.027487869263664217,-0.014697609411742092,1
NVDA,2025-08-06,0.0,0.0,0.0,0.0,0,0,0,66.4927314735236,6.357773799205006,6.764643453502771,-0.4068696542977648,171.59546323838362,158.56679846475188,182.2214781843049,162.71263589040214,0.833901005814417,4.385399777346724,0.006507367339324592,0.0008366113052680744,0.10154718225008663,0.8434568955348689,-0.002647874857444382,0.0075242307904786,0.012094508096709004,-0.02240550997706336,1
NVDA,2025-08-07,0.0,0.0,0.0,0.0,0,0,0,67.83267385995963,6.300409546010002,6.671796672004217,-0.3713871259942154,172.42711188690438,159.42017005624598,182.75178925798144,163.8452444334248,0.8717896245652742,4.434126526788053,0.0075242307904786,0.01630408936900964,0.10158424332247405,0.9383116020597022,0.0002688794317876606,0.010676545640995093,0.006914813816021224,-0.03202972153995093,1
NVDA,2025-08-08,0.0,0.0,0.0,0.0,0,0,0,69.69829316553088,6.337249910871094,6.604887319777593,-0.26763740890649856,173.36291568413372,160.3155771817976,183.50364071092395,164.8670425776503,0.9328960712589143,4.324039972350052,0.010676545640995093,0.05169232573597593,0.10780979389537346,0.7792573327454785,0.02486641942518788,-0.0035030579022208054,-0.012315331975456409,-0.025779930838027966,0
NVDA,2025-08-11,0.0,0.0,0.0,0.0,0,0,0,68.28399680490278,6.242964147009928,6.53250268522406,-0.28953853821413134,174.1487912156113,161.15083332230157,183.5990195566965,166.5662605946707,0.8834944593255696,4.270980961878492,-0.0035030579022208054,0.011444368284433338,0.10964818069569543,0.8731475711504832,0.007525693304165662,0.006041944011638092,-0.00027465291357675137,-0.012358456919442847,0
NVDA,2025-08-12,0.0,0.0,0.0,0.0,0,0,0,69.43208214879579,6.185482969488504,6.463098742076949,-0.2776157725884447,174.9643267248388,161.99636590034856,184.53681223367445,166.87141683126694,0.8966964435494181,4.32360431614497,0.006041944011638092,0.027487869263664217,0.07299337639270984,0.9437198691466423,0.02344066003741386,-0.008571673383325228,-0.04105691165545145,-0.007588977909854247,0
NVDA,2025-08-13,0.0,0.0,0.0,0.0,0,0,0,65.77251390537677,5.945023232984909,6.359483640258541,-0.41446040727363265,175.5530353426555,162.7473228145276,185.06714825869759,167.3605800127868,0.7785352309762711,4.343967799473582,-0.008571673383325228,0.012094508096709004,0.0596370040246603,1.15886286391813,0.01913778353734772,0.002367926261473947,-0.034087743583009124,5.508960104599485e-05,0
NVDA,2025-08-14,0.0,0.0,0.0,0.0,0,0,0,66.29646848051269,5.723096721506238,6.232206256508081,-0.5091095350018433,176.1265278844264,163.48565160734026,185.64557910055083,167.68194165140227,0.7733826414152116,4.287347836086787,0.002367926261473947,0.006914813816021224,0.05213867525282069,0.8431781896484577,0.020087039249260853,-0.008625442028693208,-0.038677090476382556,-0.010163718688233634,0
NVDA,2025-08-15,0.0,0.0,0.0,0.0,0,0,0,62.53247155467903,5.359066189867633,6.057578243179992,-0.698512053312359,176.49624379275485,164.13360820791027,185.89060196021612,168.2389512624401,0.6667701429712622,4.264699415639615,-0.008625442028693208,-0.012315331975456409,0.04663298856754517,1.0158624103104683,0.009824650506321893,0.008645049944731899,-0.013632487471433512,-0.034746427917511515,0
NVDA,2025-08-18,0.0,0.0,0.0,0.0,0,0,0,64.67836550821201,5.13692504786502,5.873447604116999,-0.7365225562519786,176.97895655374992,164.81718152458842,186.16053686410348,169.02941369741998,0.7317275092716481,4.137500574336717,0.008645049944731899,-0.00027465291357675137,0.062025775601111166,0.8538625511432928,0.011605249743006443,-0.034997990591835,-0.012087123769626186,-0.06169983997009503,0
NVDA,2025-08-19,0.0,0.0,0.0,0.0,0,0,0,51.66598936215658,4.397438631866123,5.578245809666824,-1.180807177800701,176.8105156580059,165.22475586277858,185.07314663007216,170.97569827959583,0.3003826482328334,4.341453804256304,-0.034997990591835,-0.04105691165545145,0.05154766628640588,1.2011744752530789,-0.004481182758013442,-0.00136641717578552,0.034900855068859066,-0.0285811974029539,1
NVDA,2025-08-20,0.0,0.0,0.0,0.0,0,0,0,51.247653916081305,3.7488574064014415,5.212368129013748,-1.4635107226123063,176.6353157618193,165.60695825043618,184.54731344352754,171.96240182746854,0.23905729435074566,4.544377372096469,-0.00136641717578552,-0.034087743583009124,0.027052381678298102,1.3680721194005745,-0.010513499982009721,-0.0023946327575714924,0.03534775851246205,-0.02132268773043511,1
NVDA,2025-08-21,0.0,0.0,0.0,0.0,0,0,0,50.47734858093183,3.1645639103425367,4.802807285279506,-1.6382433749369696,176.436897656806,165.95774128607317,184.43565683517008,172.1977522834823,0.19236735878714822,4.439953058974468,-0.0023946327575714924,-0.038677090476382556,0.0071369389149201065,0.8873874313441369,-0.014574693858804753,0.0172020733541473,0.029660555787938827,-0.04549079565555467,1
NVDA,2025-08-22,0.0,0.0,0.0,0.0,0,0,0,55.62503706248503,2.910248735877417,4.424295575399089,-1.5140468395216722,176.54334365982226,166.4125193018537,184.18540848512683,172.8959010241505,0.41265570534670365,4.649379333907687,0.0172020733541473,-0.013632487471433512,0.025878890537431143,1.077669230175699,0.0029061269492466953,0.01022531635496313,-0.021405754120948414,-0.05438511502492606,0
NVDA,2025-08-25,0.0,0.0,0.0,0.0,0,0,0,58.438173959573675,2.8226640672088763,4.103969273761047,-1.2813052065521706,176.81256163948575,166.92066099379235,184.2537923161023,173.13276926837034,0.5608623551221555,4.697776040496947,0.01022531635496313,-0.012087123769626186,0.01731262533912365,1.0094567211611178,-0.001290155848984711,0.010900281500928822,-0.050219728271766684,-0.050331083237113515,0
NVDA,2025-08-26,0.0,0.0,0.0,0.0,0,0,0,61.28460367591795,2.877845657151795,3.858744550439197,-0.9808988932874021,177.24234790075496,167.4855494796363,184.41888737688544,173.59214320172782,0.7142659008078114,4.617309439104258,0.010900281500928822,0.034900855068859066,0.03566750949356829,1.039897307426857,0.008361779665422715,-0.0009351751057110562,-0.06134119240590353,-0.024426305879089845,0
NVDA,2025-08-27,0.0,0.0,0.0,0.0,0,0,0,60.89507784830004,2.8747561094761807,3.6619468622465936,-0.787190752770413,177.61505252544126,168.02163563572745,184.6143802620868,173.62907829504212,0.6851580582398574,4.529052066208153,-0.0009351751057110562,0.03534775851246205,0.01299704033285611,1.4249989313364806,0.01335203570600667,-0.007874515160303172,-0.05473566323678388,-0.02433924969232805,0
NVDA,2025-08-28,0.0,0.0,0.0,0.0,0,0,0,57.57947996816927,2.725778807877333,3.4747132513727417,-0.7489344434954086,177.8164030266455,168.4807570926827,184.6789914329609,173.79390438002736,0.5452715609159042,4.7798540395164455,-0.007874515160303172,0.029660555787938827,0.012930787983974712,1.6745009029948879,0.021036750227382207,-0.033246354553353986,-0.07298653038717655,-0.012987557662176796,0
NVDA,2025-08-29,0.0,0.0,0.0,0.0,0,0,0,46.22582207125629,2.1013302509437324,3.20003665128694,-1.0987064003432074,177.4294971185089,168.68754665733087,184.60455407702582,173.91422796643118,-0.014998324051250875,4.938637383807746,-0.033246354553353986,-0.021405754120948414,0.0026478676749437774,1.4290952942667834,-0.0004027965094411887,-0.01952001095973658,-0.03370075089124701,0.020553721370652055,0
NVDA,2025-09-02,0.0,0.0,0.0,0.0,0,0,0,41.25343724302173,1.3175819485477689,2.8235457107391055,-1.5059637621913367,176.75642245339048,168.75321985252438,185.39790928376024,172.2011278866499,-0.13934570078481048,5.081803746165545,-0.01952001095973658,-0.050219728271766684,-0.05122224354249312,1.3257329163024771,-0.0034243045708078467,-0.000936868162586573,-0.00011724287044223939,0.024065330701026382,0
NVDA,2025-09-03,0.0,0.0,0.0,0.0,0,0,0,41.029770702494474,0.675786777340619,2.393993924059408,-1.7182071467187892,176.13224947698873,168.8100585328635,186.0045547206384,170.83235171246707,-0.04150653078897209,4.97034371558241,-0.000936868162586573,-0.06134119240590353,-0.04285873153874748,0.9408154753753984,-0.0022008784383165773,0.006095443250276707,0.03932726804261422,-0.001877913985138418,1
NVDA,2025-09-04,0.0,0.0,0.0,0.0,0,0,0,43.18602742079689,0.24801489690992184,1.964798118629511,-1.716783221719589,175.66632729140127,168.9053529640579,186.22848992337518,169.83431525240607,0.08574699880461523,4.7898908391506305,0.006095443250276707,-0.05473566323678388,-0.0432504520148164,0.8095786799401888,0.003850630504002373,-0.027030162650751102,0.032156522109508055,0.026738602627301548,1
NVDA,2025-09-05,0.0,0.0,0.0,0.0,0,0,0,36.73264902988621,-0.45919717865271537,1.4799990591730658,-1.9391962378257812,174.80395513771873,168.81539479596677,186.85028868227246,167.84088105649707,-0.0646764698283197,4.988572004814549,-0.027030162650751102,-0.07298653038717655,-0.07606345967802737,1.256526335466519,-0.002588871873618394,0.007723568524209899,0.06472287047787874,0.05783710408400148,1
NVDA,2025-09-08,0.0,0.0,0.0,0.0,0,0,0,39.442021115387554,-0.9053942156749315,1.0029204042034663,-1.9083146198783978,174.14626935265323,168.7794285057144,186.69325889560818,166.5624311068332,0.0663570967728862,4.912985508301993,0.007723568524209899,-0.03370075089124701,-0.07876300135899324,0.9066091154657832,0.005859932011701113,0.01455634541386374,0.05614665675456087,0.09096523068366266,1
NVDA,2025-09-09,0.0,0.0,0.0,0.0,0,0,0,44.319057823985915,-1.0496991408275562,0.5923964951972618,-1.642095636024818,173.78398078381798,168.8407152066622,186.2116448632041,165.91680820076076,0.21805699906476947,4.864173495329989,0.01455634541386374,-0.00011724287044223939,-0.0620675256326616,0.8675553100347698,0.015712144211261773,0.038475309240815804,0.02418540913825881,0.04497593014551197,1
NVDA,2025-09-10,0.0,0.0,0.0,0.0,0,0,0,54.82575424013059,-0.6279723272095055,0.34832273071590836,-0.9762950579254138,174.08038353933978,169.15661695215766,185.46529170158058,166.08159092781395,0.5579233251278379,5.124530186977789,0.038475309240815804,0.03932726804261422,-0.03182991309320834,1.2218105122442553,0.013157419201332739,-0.0008460226669898482,-0.03964601266101214,-0.0019739378784049437,0
NVDA,2025-09-11,0.0,0.0,0.0,0.0,0,0,0,54.57252468449292,-0.3023417478183319,0.2181898350090603,-0.5205315828273922,174.3343042988,169.45426144476608,184.94259361446052,166.1643674451098,0.5635348074481076,5.029272375212718,-0.0008460226669898482,0.032156522109508055,-0.024285500930837364,0.8204784910941592,0.013110259965364317,0.0036687420175767413,-0.005249125850731858,0.002935010880354774,0
NVDA,2025-09-12,0.0,0.0,0.0,0.0,0,0,0,55.530910321770676,0.007954623474660139,0.17614279270218028,-0.16818816922752014,174.62579808116874,169.76566252589964,184.36712955849384,166.32185969931868,0.6136305747028236,4.823243654760738,0.0036687420175767413,0.06472287047787874,-0.02301927446788485,0.6788606070006169,0.01571275364772952,-0.00039352272772235584,-0.006467191214542742,0.0020807245428642158,0
NVDA,2025-09-15,0.0,0.0,0.0,0.0,0,0,0,55.39541532878495,0.24540485918058152,0.18999520599786054,0.05540965318272098,174.88288207855373,170.06211419365695,184.0290500190969,166.39160275189917,0.6199070158041592,4.787986181657542,-0.00039352272772235584,0.05614665675456087,-0.014906874944901434,0.8013211356502536,0.01861805663018777,-0.01614629078640273,0.032967555884801054,0.023065982180987942,1
NVDA,2025-09-16,0.0,0.0,0.0,0.0,0,0,0,50.006161177441705,0.20024578680809668,0.1920453221599078,0.008200464648188882,174.84280151229268,170.23466015205523,183.17995657291712,166.5304270330399,0.47638637961364827,4.686126376186558,-0.01614629078640273,0.02418540913825881,-0.039119336322149395,0.7650439362185193,0.014869370976557755,-0.026246717553192606,0.020299567658111955,0.06690296551970237,1
NVDA,2025-09-17,0.0,0.0,0.0,0.0,0,0,0,42.82960130449244,-0.2026980595206851,0.11309664582378923,-0.3157947053444743,174.3704375917581,170.22086878713856,183.1875019987597,165.99014692702153,0.22636233324364938,4.812442493298341,-0.026246717553192606,-0.03964601266101214,-0.030405438357777308,1.1433023418360795,0.010686740777298712,0.03494055886175814,0.03922728002305844,0.09953616358485792,1
NVDA,2025-09-18,0.0,0.0,0.0,0.0,0,0,0,52.37174465804684,-0.042573244189469506,0.08196266782113748,-0.12453591201060699,174.50837559455198,170.44039497670545,183.24535917966503,166.0170767334209,0.5689313440417666,4.953964562180228,0.03494055886175814,-0.005249125850731858,0.004845776022696294,1.0415002972889582,0.007040281577481008,0.002439756788046997,0.008227322984848722,0.07177703372370137,1
NVDA,2025-09-19,0.0,0.0,0.0,0.0,0,0,0,52.98247744533054,0.11758447484288581,0.08908702922548714,0.02849744561739867,174.67402950928215,170.66813406386282,183.35869603970445,166.07332147738538,0.5886143910362756,4.806758370903919,0.002439756788046997,-0.006467191214542742,0.009715252545252453,1.2550696376773216,0.01236697836076826,0.03928229701524738,0.008603556603084246,0.061980047395055415,1
NVDA,2025-09-22,0.0,0.0,0.0,0.0,0,0,0,61.55195152343093,0.7940194796576634,0.23007351931192238,0.5639459603457411,175.48327982619946,171.15844872162955,184.32780729325566,165.66586793867793,0.9380209401410431,5.164595483669818,0.03928229701524738,0.032967555884801054,0.031632961124736673,1.3911606298398973,0.011769910628532202,-0.02821196229186113,-0.009585561179926701,0.01051139570345805,0
NVDA,2025-09-23,0.0,0.0,0.0,0.0,0,0,0,53.68665016773387,0.9027096507847148,0.3646007456064809,0.5381089051782338,175.7233046083769,171.42688367525437,184.14974596715973,165.70727002405118,0.6667363998707613,5.32300280138464,-0.02821196229186113,0.020299567658111955,-0.007618840375421909,0.9859735296586207,0.007649694430177569,-0.008182491487822357,0.045676190933373564,0.03704528855682157,1
NVDA,2025-09-24,0.0,0.0,0.0,0.0,0,0,0,51.682076618855156,0.8613894508530393,0.46395848665579265,0.39743096419724666,175.80175441594963,171.62767363261267,183.47270208205614,165.90648492966258,0.6057389912647282,5.254898050694874,-0.008182491487822357,0.03922728002305844,-0.02635202774709055,0.7398580982798512,0.005693222085840866,0.00406847392081683,0.05803242921073179,0.06859915648719908,1
NVDA,2025-09-25,0.0,0.0,0.0,0.0,0,0,0,52.621580728058326,0.8764981191905861,0.5464664131627514,0.3300317060278347,175.94114014447155,171.84875719860548,182.85905799452863,166.131084827737,0.6656048301055588,5.3876159181917584,0.00406847392081683,0.008227322984848722,-0.021475674774639932,0.9986476663017041,-0.0036021793292102294,0.0028138306979296926,0.06303113324752423,0.08374135413525687,1
NVDA,2025-09-26,0.0,0.0,0.0,0.0,0,0,0,53.300652498761806,0.9181366914830278,0.6208004688268067,0.29733622265622106,176.11475528510223,172.08073139164426,182.55620645962418,166.23742299594224,0.7063440820085981,5.347675007995028,0.0028138306979296926,0.008603556603084246,-0.010933856649292136,0.8022968977014416,-0.002832621105934132,0.0205399200065099,0.05292118042071947,0.02789162664073694,1
NVDA,2025-09-29,0.0,0.0,0.0,0.0,0,0,0,58.04154768184357,1.2315650423144575,0.7429533835243369,0.4886116587901206,176.6195747338611,172.44679523891588,183.48379626302656,166.07598004312578,0.8811776997282639,5.379706471023232,0.0205399200065099,-0.009585561179926701,0.044093795322528447,1.056864619361087,-0.0047387652742306155,0.026010500085076948,0.02029146193317536,0.035578818051991055,1
NVDA,2025-09-30,0.0,0.0,0.0,0.0,0,0,0,63.23597033701429,1.839514485536995,0.9622656039268686,0.8772488816101264,177.52571654213176,172.98355086565263,185.32300751497894,165.81395384976713,1.0415733238342793,5.413726057136074,0.026010500085076948,0.045676190933373564,0.09257833821083976,1.29521510274113,0.004478066207344515,0.0035373253819614603,-0.008253895853598833,-0.035105597565336405,0
NVDA,2025-10-01,0.0,0.0,0.0,0.0,0,0,0,63.90739736662902,2.3473882971875923,1.2392901425790135,1.1080981546085789,178.40826548752398,173.5250775167545,186.9732127806398,165.8227360108641,0.9914549296520785,5.329165009853633,0.0035373253819614603,0.05803242921073179,0.09747132924609647,0.9477063361955096,0.011117935534703312,0.008812223729646504,0.009987148772320553,-0.03957495209789021,1
NVDA,2025-10-02,0.0,0.0,0.0,0.0,0,0,0,65.59891515424226,2.8498536664882863,1.561402847360868,1.2884508191274182,179.36352949801278,174.10991908855456,188.7710218761122,165.7447740223253,0.9855606401630359,5.220003095881228,0.008812223729646504,0.06303113324752423,0.10043485393350739,0.7467797647966868,0.01697425076934213,-0.006723425742952675,0.01948223362420592,-0.037482221963822365,1
NVDA,2025-10-03,0.0,0.0,0.0,0.0,0,0,0,63.14588144593049,3.1099787134443773,1.87111802057757,1.2388606928668073,180.10715383944088,174.62214128441548,189.48017069471166,167.0916417442532,0.8968853372719438,5.202009559340472,-0.006723425742952675,0.05292118042071947,0.12340189793137606,0.769333518514251,0.011166281482462325,-0.011086312720433096,-0.023771536032717464,-0.023451721305147354,0
NVDA,2025-10-06,0.0,0.0,0.0,0.0,0,0,0,59.238698422607236,3.1128085617921784,2.1194561288204916,0.9933524329716867,180.58233369838922,175.03290211084618,189.63629424323526,168.6553469921163,0.7836250274832226,5.136134032023561,-0.011086312720433096,0.02029146193317536,0.10243279792209303,0.8831155491201204,0.01194847810529037,-0.0026948629515039257,0.014983322598672254,-0.015630122681801646,1
NVDA,2025-10-07,0.0,0.0,0.0,0.0,0,0,0,58.304766085698326,3.039760981290158,2.303517099314425,0.7362438819757329,180.96475263606123,175.4079935003795,189.78139257519575,169.93579797656207,0.7388004675048979,5.129831869016188,-0.0026948629515039257,-0.008253895853598833,0.08368736501268548,0.7884529975627461,0.00441320649248421,0.021995244258107487,-0.027075177406266613,-0.020968363082964608,0
NVDA,2025-10-08,0.0,0.0,0.0,0.0,0,0,0,63.36746113970672,3.271785179316055,2.497170715314751,0.7746144640013037,181.69744331460228,175.9276017850996,190.97328390107884,169.92008615507348,0.8900271983254441,5.088351488184391,0.021995244258107487,0.009987148772320553,0.06648980813537743,0.7531163656774048,0.0069712506914078355,0.018296262883585757,-0.049072011391883025,-0.04669233981438368,0
NVDA,2025-10-09,0.0,0.0,0.0,0.0,0,0,0,67.03227175410234,3.6916374139181585,2.736064055035433,0.9555733588827255,182.68909073330087,176.56219548807363,192.74377274397608,169.68591628190285,0.9725025813183689,5.16598403549989,0.018296262883585757,0.01948223362420592,0.08692214680113426,1.049101871930159,0.002899008920579202,-0.04886536282782096,-0.0558758688570007,-0.05405817140192011,0
NVDA,2025-10-10,0.0,0.0,0.0,0.0,0,0,0,51.84204622126454,3.229650157687473,2.8347812755658413,0.39486888212163196,182.69224675907282,176.80376542987096,192.89035081388423,170.0720622110181,0.5543871853430412,5.763953614105035,-0.04886536282782096,-0.023771536032717464,0.03003038597569294,1.4798280989521466,-0.02419284978471151,0.028172130936717214,0.00032760233836085596,0.016925007373766628,1
NVDA,2025-10-13,0.0,0.0,0.0,0.0,0,0,0,57.525978764406354,3.2415299058388314,2.9161310016204394,0.325398904218392,183.18535693101379,177.23773163122715,193.57413508278444,170.44275029319215,0.753398615335046,5.847484754717423,0.028172130936717214,0.014983322598672254,0.059465460616186835,0.8435601502155554,-0.012760368297489572,-0.04402082090329284,-0.030161525415111235,0.01683308369020037,0
NVDA,2025-10-14,0.0,0.0,0.0,0.0,0,0,0,47.770853688846444,2.554166841839475,2.8437381696642468,-0.2895713278247718,182.84386733630043,177.3303584765329,193.36812027158282,171.1625331097648,0.3799576662969834,6.044050163997317,-0.04402082090329284,-0.027075177406266613,0.02944869937090372,1.1104247351095016,-0.010297088638399997,-0.0011110217143276602,0.006276758678046434,0.11664716976627593,1
NVDA,2025-10-15,0.0,0.0,0.0,0.0,0,0,0,47.561288105510606,1.970609556554166,2.6691124470422305,-0.6985028904880646,182.51589682826736,177.41152783047096,192.40263420635512,173.0797388405199,0.32709581259796017,6.152466889050534,-0.0011110217143276602,-0.049072011391883025,0.05602207258108919,1.1571778082789816,-0.011795988102344414,0.011010387703843697,0.002502472959053922,0.15130962638117845,1
NVDA,2025-10-16,0.0,0.0,0.0,0.0,0,0,0,49.90411901940869,1.6485205035694435,2.4649940583476733,-0.8164735547782298,182.40728213080217,177.5669754647616,192.1745605002603,173.86347813499358,0.41024141664821845,5.963119615333717,0.011010387703843697,-0.0558758688570007,0.03160444904994246,0.9729498964093749,-0.015674406889242192,0.007755442021748654,0.0019252738015286262,0.11594522951476285,1
NVDA,2025-10-17,0.0,0.0,0.0,0.0,0,0,0,51.56372101222827,1.4895961070262729,2.2699144680833934,-0.7803183610571205,182.44297804533514,177.77148973019834,191.96189270648966,174.7295806821822,0.4672912456469903,5.84715458600122,0.007755442021748654,0.00032760233836085596,0.037074787291919396,0.9538201932428634,0.017411468502946,-0.003165674177737399,0.016591969467410237,0.10517416300304362,1
NVDA,2025-10-20,0.0,0.0,0.0,0.0,0,0,0,50.817927887338044,1.3019488346656658,2.076321341399848,-0.7743725067341822,182.4201668689565,177.9452925130674,191.92774252270345,174.66696115161295,0.4366256300754177,5.676765498783544,-0.003165674177737399,-0.030161525415111235,-0.005283021382745607,0.736801924831771,0.012457784890383189,-0.008103251299777924,0.04845611958777598,0.13272021858344515,1
NVDA,2025-10-21,0.0,0.0,0.0,0.0,0,0,0,48.87540882080755,1.022315993443243,1.8655202718085273,-0.8432042783652842,182.25891481131035,178.0543798758362,191.80764682605604,175.05940487072132,0.338400615901377,5.484342532894253,-0.008103251299777924,0.006276758678046434,0.015300146412884333,0.7263509607720701,0.013681015505875757,-0.004857597766183845,0.10968196386968528,0.09676526575282972,1
NVDA,2025-10-22,0.0,0.0,0.0,0.0,0,0,0,47.707658928095604,0.7215482667544677,1.6367258707977155,-0.9151776040432478,182.02941064773316,178.12476188438183,191.54228734935336,175.6549736980099,0.2639934911453975,5.56860680919318,-0.004857597766183845,0.002502472959053922,0.018703761547135024,0.9434139773535347,0.003953889667641416,0.010428290043466338,0.14843569710396357,0.08281562643383261,1
NVDA,2025-10-23,0.0,0.0,0.0,0.0,0,0,0,50.43236165802725,0.6272952994061995,1.4348397565194124,-0.8075444571132129,182.00038486152792,178.26593357097775,191.27699745950284,176.36619712057526,0.35936654305628335,5.401725026810223,0.010428290043466338,0.0019252738015286262,0.025156278258064144,0.662996809136153,0.01683225140375112,0.022507482678122838,0.11380085790292226,0.03249882908661367,1
NVDA,2025-10-24,0.0,0.0,0.0,0.0,0,0,0,55.83674470519727,0.8725826211998822,1.3223883294555063,-0.44980570825562416,182.3636628820632,178.56196770847467,191.18048007299467,177.26778500268892,0.6143323799787472,5.394264581589463,0.022507482678122838,0.016591969467410237,0.045288700001064386,0.7857074722598325,0.019356103225263835,0.02807919058326878,0.08713642857324691,0.0101471895968642,1
NVDA,2025-10-27,0.0,0.0,0.0,0.0,0,0,0,61.58985477379535,1.4710284996071437,1.352116363485834,0.11891213612130969,183.18925054796418,179.05100165614326,192.13185053783533,177.27811192554358,0.9259770760405044,5.417981746299311,0.02807919058326878,0.04845611958777598,0.05301080296405901,0.9293078368128463,0.0207657427811686,0.04981974113173095,0.08036969542301826,0.03947978732368997,1
NVDA,2025-10-28,0.0,0.0,0.0,0.0,0,0,0,69.41623132433386,2.6823378490804544,1.618160660604758,1.0641771884756963,184.8426090453493,179.89408060180463,195.56881686499239,175.28269070336697,1.245522376516481,5.861848013710075,0.04981974113173095,0.10968196386968528,0.07744660360198917,1.7718705028526787,0.023492114946741593,0.029896038358352712,-0.01164000005173773,-0.039148266105099264,0
NVDA,2025-10-29,0.0,0.0,0.0,0.0,0,0,0,73.13059507506344,4.079085790180244,2.1103456865198553,1.9687401036603887,186.9095177797766,180.9392206078843,200.11784811095868,172.7089264862093,1.2344967355473633,6.238382884031793,0.029896038358352712,0.14843569710396357,0.10574660306730345,1.765494235696343,0.029335197804730533,-0.020044483868115165,-0.057138654637439924,-0.06394886637944058,0
NVDA,2025-10-30,0.0,0.0,0.0,0.0,0,0,0,67.07299703997194,4.7966550045819645,2.6476075501322773,2.149047454449687,188.38528368784102,181.78101822382817,202.48012516710997,171.74330165173768,0.997557803830337,6.193966195403077,-0.020044483868115165,0.11380085790292226,0.07411712272262183,1.0103722160688777,0.012013267884981249,-0.0019713802330344828,-0.07299512138048181,-0.07900824572187873,0
NVDA,2025-10-31,0.0,0.0,0.0,0.0,0,0,0,66.50125810213322,5.272359929341434,3.1725580259741086,2.099801903367325,189.68249881094843,182.57415642997094,204.53740941110428,171.1694631474895,0.9241377665069009,6.1719609360422565,-0.0019713802330344828,0.08713642857324691,0.07925592653864676,1.0037050105758396,0.007102206382798919,0.02168005119548281,-0.0708183784048365,-0.06084260138557746,0
NVDA,2025-11-03,0.0,0.0,0.0,0.0,0,0,0,69.5674926861514,5.934341274609665,3.72491467570122,2.2094265989084447,191.27326500259545,183.50793632774628,207.38381315882268,170.45195954625544,0.9729699639218543,6.361737514432283,0.02168005119548281,0.08036969542301826,0.11501566260282872,0.9999963942563833,-0.002772857483747014,-0.039588167192739915,-0.03784807022314511,-0.09802787777888924,0
NVDA,2025-11-04,0.0,0.0,0.0,0.0,0,0,0,58.76129456702835,5.733587978966455,4.126649336354268,1.606938642612187,191.9343938983676,184.08468856619558,208.37882699361046,170.81868429789347,0.729401757928723,6.545086170560369,-0.039588167192739915,-0.01164000005173773,0.07376789344374021,1.03398720094019,-0.01720377173804779,-0.01751470682650171,-0.027832233249829526,-0.08722126928353671,0
NVDA,2025-11-05,0.0,0.0,0.0,0.0,0,0,0,54.86173319077368,5.234019490454358,4.348123367174286,0.8858961232800722,192.20192197668527,184.50267876833314,208.80903975008925,170.99701493741077,0.6280124881154238,6.666882749888074,-0.01751470682650171,-0.057138654637439924,0.03225643124805937,0.9273778873177533,-0.014271429414273076,-0.0365247777391409,-0.007222919653559362,-0.0445161864576368,0
NVDA,2025-11-06,0.0,0.0,0.0,0.0,0,0,0,47.85455532826325,4.215557054173246,4.321610104574078,-0.10605305040083213,191.76654635083653,184.6253375580171,208.58132981205623,170.77679854487738,0.44581109183142004,6.99161440328617,-0.0365247777391409,-0.07299512138048181,-0.02331616958843231,1.1941400827749116,-0.014003585106076738,0.00037213686992393233,-0.006486615637181515,-0.039557677595937264,0
NVDA,2025-11-07,0.0,0.0,0.0,0.0,0,0,0,47.924869737918236,3.375145885885445,4.132317260836352,-0.7571713749509072,191.37928499590197,184.74592440374283,208.58678405328203,171.2691516156633,0.4403052775608672,7.162750023681993,0.00037213686992393233,-0.0708183784048365,0.02724393822938076,1.4200036113463692,-0.016259605096034493,0.05793249675415919,0.010736089465623759,-0.049269062907813244,1
NVDA,2025-11-10,0.0,0.0,0.0,0.0,0,0,0,57.52950898867108,3.5456782653636765,4.014989461741817,-0.46931119637814067,192.06451968844254,185.28821165330498,209.4660823548973,171.46028788436053,0.7134165134802575,7.491254973855722,0.05793249675415919,-0.03784807022314511,0.05697743757798133,1.0532052470930964,-0.0027804775425600207,-0.029590444331162657,-0.06254709437593833,-0.08289363214111338,0
NVDA,2025-11-11,0.0,0.0,0.0,0.0,0,0,0,51.95333860595728,3.170146880108774,3.846020945415209,-0.6758740653064348,192.12488438468836,185.5788052747057,209.46997120551487,172.76626231499296,0.5430537481507105,7.508412151133156,-0.029590444331162657,-0.027832233249829526,0.07293236921875981,0.9417896507747824,0.011492287619251076,0.003313331505219192,-0.06108928732767695,-0.07941614479234131,0
NVDA,2025-11-12,0.0,0.0,0.0,0.0,0,0,0,52.49218327627538,2.8907324636849694,3.6549632490691613,-0.7642307853841919,192.24030706326715,185.88304124470807,209.3754379042578,174.25446016703125,0.5433323208000551,7.311284008620388,0.003313331505219192,-0.007222919653559362,0.07768468092236482,0.8401417753784661,0.008559931234998073,-0.03581020576737091,-0.03756459283997928,-0.06986586661544016,0
NVDA,2025-11-13,0.0,0.0,0.0,0.0,0,0,0,46.41352013574721,2.086578693107043,3.341286337876738,-1.2547076447696948,191.68536268707803,185.90383927876977,209.15940819096244,174.97428474116646,0.33462235082796116,7.4980659929612745,-0.03581020576737091,-0.006486615637181515,0.027776354609102116,1.1163744583239554,0.002580948665727945,0.01771373948700755,-0.03328698181551485,-0.05276681563108077,0
NVDA,2025-11-14,0.0,0.0,0.0,0.0,0,0,0,49.421860302908364,1.6961786624421507,3.012264802789821,-1.3160861403476702,191.49775379881837,186.05331496824357,209.01289498504286,175.81413595978137,0.4187305130891319,7.705708690503196,0.01771373948700755,0.010736089465623759,0.03793249194181023,1.0006350232580787,0.0014307277468821665,-0.0187726515626356,-0.05936777463359573,-0.05389910701136868,0
NVDA,2025-11-17,0.0,0.0,0.0,0.0,0,0,0,46.39646392240915,1.0868747583160712,2.6271867938950715,-1.5403120355790003,190.98882552826498,186.05726367372452,208.8088999802423,176.41318559104678,0.3006824066275182,7.572158903859566,-0.0187726515626356,-0.06254709437593833,0.02168205943847048,0.9199969299682846,-0.023142111595313056,-0.02808138730923953,-0.021704063898154304,-0.027545476401272185,0
NVDA,2025-11-18,0.0,0.0,0.0,0.0,0,0,0,42.30308024815023,0.18010829054554733,2.1377710932251666,-1.9576628026796192,190.03051301980673,185.85605898806682,208.78980628423125,176.45223167963593,0.1383626497820704,7.526532018556716,-0.02808138730923953,-0.06108928732767695,0.001104007167772447,1.1056093763610955,-0.03355785972728855,0.028451653265247567,-0.01951927613276724,-0.00975963806638362,0
NVDA,2025-11-19,0.0,0.0,0.0,0.0,0,0,0,47.239478405827825,-0.12173430589280088,1.6858700134015732,-1.807604319294374,189.65372163613094,185.86461367446464,208.3267542492525,177.53779195436076,0.27725557799219736,7.452097797180764,0.028451653265247567,-0.03756459283997928,0.03461280410826132,1.2522262475811041,-0.030363819205170804,-0.03152479724769055,-0.033562017289842136,-0.016779860591924645,0
NVDA,2025-11-20,0.0,0.0,0.0,0.0,0,0,0,42.75083117539345,-0.8247725391217955,1.1837415028968996,-2.008514042018695,188.75415309489227,185.64279556774545,208.48415314791058,177.22875426175742,0.09532745693696995,8.07061894140209,-0.03152479724769055,-0.03328698181551485,-0.00834442671257733,1.6431506866515175,-0.029030979289723816,-0.00974299347136627,-0.020150586005503072,0.009854761946695243,0
NVDA,2025-11-21,0.0,0.0,0.0,0.0,0,0,0,41.48035608279664,-1.5062481032383914,0.6457435816698414,-2.151991684908233,187.77304176498438,185.3608225702205,209.07932484918777,175.89735056585127,0.07700366298852977,8.322875397806422,-0.00974299347136627,-0.05936777463359573,-0.039621815833534454,1.5781280420680341,-0.019198343499924258,0.020516522272391546,0.005813821252080579,0.0373451632834439,1
NVDA,2025-11-24,0.0,0.0,0.0,0.0,0,0,0,45.141442007215204,-1.7309390020775766,0.17040706492035773,-1.9013460669979343,187.23405764413764,185.233484763392,209.23449860416693,174.85031432307917,0.2112423000539129,8.22861475941951,0.020516522272391546,-0.021704063898154304,-0.04668646778484276,1.1405649118271461,0.004596864003715728,-0.025910841755897192,-0.005971007634350186,0.013313024444734162,0
NVDA,2025-11-25,0.0,0.0,0.0,0.0,0,0,0,41.5348012722535,-2.263675146465829,-0.3164093773568796,-1.9472657691089492,186.29700348885518,184.9260927732069,208.7352236067338,173.03413674482871,0.12214900587512412,8.56721064228419,-0.025910841755897192,-0.01951927613276724,-0.11545540652806889,1.4178138502814555,0.022633743704950117,0.013721857964014046,0.009953931606007969,0.03357458498620047,1
NVDA,2025-11-26,0.0,0.0,0.0,0.0,0,0,0,44.01952893241582,-2.46108384026428,-0.7453442699383597,-1.7157395703259202,185.68102009529233,184.7262137568633,206.4869814018432,172.61078165968024,0.21308163996272933,8.317971635392244,0.013721857964014046,-0.033562017289842136,-0.12934689002620614,0.8361694070340463,0.025730812967084488,-0.018085095099524533,0.017364959778231923,0.0037725858984318157,1
NVDA,2025-11-28,0.0,0.0,0.0,0.0,0,0,0,41.48287300819504,-2.8471392059714162,-1.165703257144971,-1.6814359488264452,184.81396580747804,184.40663478887816,205.01534738376088,171.49960470364144,0.1514913578988802,7.9917617133580015,-0.018085095099524533,-0.020150586005503072,-0.127606047817618,0.5591437045191847,0.04729277163906841,0.01649719797026429,0.03062240740633523,-0.011131382966358792,1
NVDA,2025-12-01,0.0,0.0,0.0,0.0,0,0,0,44.56431176674043,-2.8847801503586936,-1.5095186357877157,-1.375261514570978,184.30691906158359,184.21382460012163,203.0478819556519,171.2154633812622,0.2599397709912271,7.892649306791357,0.01649719797026429,0.005813821252080579,-0.11146234651401485,0.8653124007006235,0.03222920981254154,0.008559426101467689,0.03134908406022075,-0.020121133498058115,1
NVDA,2025-12-02,0.0,0.0,0.0,0.0,0,0,0,46.17416632035029,-2.7588395980961877,-1.7593828282494102,-0.9994567698467776,183.99447973689408,184.08882387667938,199.28785313708855,172.43956843273568,0.3198244436902859,7.737909347329487,0.008559426101467689,-0.005971007634350186,-0.12287312958613625,0.839563943197155,0.019140758546148256,-0.010305350589274545,0.01939986884405761,-0.020556080966036006,1
NVDA,2025-12-03,0.0,0.0,0.0,0.0,0,0,0,44.48484006965506,-2.7775464276041646,-1.963015548120361,-0.8145308794838035,183.53412610495775,183.89556672863557,197.36295499798544,172.4590313911747,0.26910358850261656,7.423202505896299,-0.010305350589274545,0.009953931606007969,-0.09612965933002243,0.7633151491811416,0.013140261955545142,0.021160535128450588,0.023387852298006724,-0.04811224820039722,1
NVDA,2025-12-04,0.0,0.0,0.0,0.0,0,0,0,48.600356637275425,-2.4581228861099476,-2.0620370157182784,-0.3960858703916692,183.47867640894987,183.85856035876262,195.94437473580058,172.69845821097675,0.4410859031928815,7.245007738089867,0.021160535128450588,0.017364959778231923,-0.06054907164671818,0.7743217336137433,0.006929680771462326,-0.005289602880282264,-0.013360371564952473,-0.050387258113804775,0
NVDA,2025-12-05,0.0,0.0,0.0,0.0,0,0,0,47.62969977177511,-2.2570483456611043,-2.1010392817068437,-0.15600906395426062,183.3363416439978,183.78505451633873,195.60097439786418,172.47722689608113,0.41113294807162737,6.994739006722441,-0.005289602880282264,0.03062240740633523,-0.030092747145114104,0.6784978661199823,0.0033655237201747987,0.017213915147376677,-0.04051317929111558,-0.0077846720340914366,0
NVDA,2025-12-08,0.0,0.0,0.0,0.0,0,0,0,51.03862745852241,-1.8238911674698386,-2.045609658859443,0.2217184913896042,183.50591113400395,183.8372806642887,195.3625070133542,172.457346197095,0.5526909500229831,6.894181393963019,0.017213915147376677,0.03134908406022075,-0.013763860823483897,0.9771248443735182,0.0049391335939879665,-0.0031257480331056786,-0.04990571897892286,-0.010024303039215234,0
NVDA,2025-12-09,0.0,0.0,0.0,0.0,0,0,0,50.38622464054881,-1.5098963254430942,-1.9384669921761732,0.4285706667330791,183.60422366876773,183.86476741270968,192.4958555270983,173.92039203149542,0.57160354141588,6.572767806007342,-0.0031257480331056786,0.01939986884405761,-0.07068417264738666,0.7009784171630067,0.002215643106733101,-0.006433576610347618,-0.03919556106614122,0.022922639893929952,0
NVDA,2025-12-10,0.0,0.0,0.0,0.0,0,0,0,49.002162279839844,-1.3413908267459078,-1.81905175909012,0.47766093234421225,183.58010257159344,183.84461779450294,190.9492512282744,174.5322566452608,0.5371686917836516,6.348425214642733,-0.006433576610347618,0.023387852298006724,-0.048507923908747703,0.7911076386081451,0.0053810088667234305,-0.015507709331023542,-0.06986608287156353,0.026281432026796076,0
NVDA,2025-12-11,0.0,0.0,0.0,0.0,0,0,0,45.76019608714618,-1.4209045479790916,-1.7394223168679144,0.31851776888882277,183.2874831721039,183.7137543075402,188.7532840729727,175.44530143728122,0.3803955549276891,6.405201187704656,-0.015507709331023542,-0.013360371564952473,-0.06635685570018346,0.8793388353143506,0.006984320527726598,-0.032664522129215626,-0.03752827829101318,0.053059211922217096,0
NVDA,2025-12-12,0.0,0.0,0.0,0.0,0,0,0,39.86958190459564,-1.9373606732538065,-1.779009988145093,-0.15835068510871353,182.46118995751738,183.35679940994825,188.6066674060541,174.4117194347662,0.014067327656501672,6.532034570378355,-0.032664522129215626,-0.04051317929111558,-0.06331083096473476,0.9869705807974548,-0.005731359283233205,0.0072562775198449616,0.034110429190516434,0.07541998471948688,1
NVDA,2025-12-15,0.0,0.0,0.0,0.0,0,0,0,41.60905447385721,-2.218839833131085,-1.8669759571422915,-0.35186387598879354,181.8342607451385,183.063530147893,187.2463384559617,174.38834477157738,0.11588809984961757,6.307750748298765,0.0072562775198449616,-0.04990571897892286,-0.07293572938182492,0.8003446460197782,-0.0042419539526275234,0.008111747940743525,0.04197627197255267,0.06381532640504568,1
NVDA,2025-12-16,0.0,0.0,0.0,0.0,0,0,0,43.58793945938655,-2.300276662516211,-1.9536360982170755,-0.3466405642991355,181.40291350713423,182.83770993605773,186.48391652989508,174.26587747645257,0.24875000450950863,6.113027890002142,0.008111747940743525,-0.03919556106614122,-0.047535330324155606,0.7261349595693095,-0.0061050688108648605,-0.038149917021432604,0.06465228348549226,0.04940357325917988,1
NVDA,2025-12-17,0.0,0.0,0.0,0.0,0,0,0,37.1580883285377,-2.877458807963336,-2.138400640166328,-0.7390581677970083,180.36843977607904,182.35548363782232,187.3069249320378,172.40430858847,-0.12503638384407414,6.20443372199553,-0.038149917021432604,-0.06986608287156353,-0.05740232813778495,1.0862456112959398,-0.023517657150754025,0.018719963394855182,0.10336953972734571,0.1047735481660699,1
NVDA,2025-12-18,0.0,0.0,0.0,0.0,0,0,0,41.54125076581067,-3.0422015167988548,-2.3191608154928334,-0.7230407013060214,179.7365368900388,182.01736504310995,186.57077238455304,171.90638673409933,0.1245925183712277,6.132532898982757,0.018719963394855182,-0.03752827829101318,-0.06632162753897046,0.873795139509531,-0.01842795811112514,0.03933620451306171,0.09411963818779118,0.08028028958186147,1
NVDA,2025-12-19,0.0,0.0,0.0,0.0,0,0,0,49.63892221521756,-2.5914408953469206,-2.373616831463651,-0.21782406388326958,179.81567379243836,181.96050658515406,186.59989826278633,171.91318309707697,0.589259829070799,6.21541858279045,0.03933620451306171,0.034110429190516434,0.0019933738228747394,1.6197610651544374,0.001233686956560986,0.014917857266596076,0.03994694798824033,0.0345323133060158,1
NVDA,2025-12-22,0.0,0.0,0.0,0.0,0,0,0,52.435630145481134,-1.9938683336699228,-2.2976671319049053,0.30379879823498257,180.14381478123514,182.0115123729835,187.03167735979932,171.96227100445847,0.7497895341007713,5.99735895195746,0.014917857266596076,0.04197627197255267,0.026946501010426453,0.680331735017626,0.008995665843808011,0.030050782655380595,0.020959262720205478,0.029506245647971146,1
NVDA,2025-12-23,0.0,0.0,0.0,0.0,0,0,0,57.61768164267175,-1.0636464562689412,-2.0508629967777128,0.9872165405087716,180.9651938771257,182.27648425200715,188.32387423097683,171.33553281248018,1.026160355867656,6.027190245277956,0.030050782655380595,0.06465228348549226,0.036540834003909846,0.9421012908547108,0.01638432542420082,-0.0031711763503366186,-0.014322714056828651,-0.022039073425774984,0
NVDA,2025-12-24,0.0,0.0,0.0,0.0,0,0,0,56.89211058809292,-0.3704717821765655,-1.7147847538574834,1.344312971680918,181.65133519686373,182.50758987876668,189.51805346301552,171.2188224525118,0.9263151698633372,5.783384226957669,-0.0031711763503366186,0.10336953972734571,0.06073840518613926,0.379068408084183,0.03130772603168647,0.010179706465060338,0.001272473444455545,-0.019882275933741856,1
NVDA,2025-12-26,0.0,0.0,0.0,0.0,0,0,0,58.684994285889864,0.32964007219101177,-1.3058997886477843,1.635539860838796,182.454559446623,182.80475066074982,190.95538860127755,170.80708851053885,0.9568103126307116,5.704503440758776,0.010179706465060338,0.09411963818779118,0.05703196825532857,0.818814984949996,0.02347452265080332,-0.012124016339494934,-0.012648843986432828,-0.02933913378392947,0
NVDA,2025-12-29,0.0,0.0,0.0,0.0,0,0,0,55.68429375554822,0.6905617620454052,-0.9066074785091465,1.5971692405545517,182.9618008204751,182.99988176707612,191.73938771415135,171.14345377754785,0.8077876024332459,5.626267532231236,-0.012124016339494934,0.03994694798824033,0.06344907301989855,0.7034549223646113,0.010667119131339952,-0.003612838827051542,-0.0052066451011746825,-0.012804162130743632,0
NVDA,2025-12-30,0.0,0.0,0.0,0.0,0,0,0,54.796046248371866,0.9113464603005355,-0.5430166907472102,1.4543631510477457,183.35612196629293,183.16075592725207,192.3631815671712,171.28087971212565,0.7504537810063843,5.37119153893385,-0.003612838827051542,0.020959262720205478,0.04241015620516949,0.5882186465948287,0.003183243566426242,-0.005545375898472084,0.008371521998824329,-0.0234616448571546,1
NVDA,2025-12-31,0.0,0.0,0.0,0.0,0,0,0,53.393286975873394,0.9911725387684385,-0.23617884484408044,1.227351383612519,183.61407425252023,183.27463298781785,192.76671476713597,171.38117799409451,0.6866062392268348,5.277570056360413,-0.005545375898472084,-0.014322714056828651,0.027831948441216683,0.7370546871127974,-0.008779558744136726,0.012600448534602992,-0.007828484514140682,0.0029490079942227,0
NVDA,2026-01-02,0.0,0.0,0.0,0.0,0,0,0,56.12642531717468,1.2294443805980393,0.05694580024434348,1.1724985803536958,184.07074514774152,183.47598536681886,193.48211813116552,171.59060983514308,0.7682663336749845,5.358812134804976,0.012600448534602992,0.001272473444455545,0.05162040901147044,0.9144909999373285,-0.010443595739656414,-0.0038654537974242725,-0.02112786473138866,-0.01387348776035466,0
NVDA,2026-01-05,0.0,0.0,0.0,0.0,0,0,0,55.046533147024114,1.34401688821103,0.3143600178376808,1.029656870373349,184.41456293454516,183.64088130965655,193.9461930925136,171.59942763502548,0.7196300647960456,5.509079054948114,-0.0038654537974242725,-0.012648843986432828,0.025847927795444446,1.1265718735675823,-0.0037520048439803836,-0.0046778615448268435,-0.016904107212355662,-0.05342341138929244,0
NVDA,2026-01-06,0.0,0.0,0.0,0.0,0,0,0,53.70507267559754,1.3484297473125366,0.521173963732652,0.8272557835798846,184.64202236581616,183.76488153135202,194.31579028456534,171.71170300156749,0.6676307595341086,5.496823486636896,-0.0046778615448268435,-0.0052066451011746825,0.02647881853825854,1.074796724598079,0.005757098917410635,0.009987082507440995,-0.0076372816446302555,-0.020935666247410417,0
NVDA,2026-01-07,0.0,0.0,0.0,0.0,0,0,0,56.15048621087683,1.485344450776978,0.7140080611415173,0.7713363896354607,185.02549669360673,183.95718040493102,194.72912578222147,171.65353565576683,0.7373578339105538,5.446962387428326,0.009987082507440995,0.008371521998824329,0.019186163060831124,0.9477231170490225,0.0037408215499330102,-0.02152180029744644,-0.03156888722212054,-0.022579418191270403,0
NVDA,2026-01-08,0.0,0.0,0.0,0.0,0,0,0,49.96434834372647,1.2517734027256324,0.8215611294583403,0.43021227326729217,184.98573671971786,183.98270340739543,194.73428719859666,171.6553566612666,0.5612331249732724,5.474062420619889,-0.02152180029744644,-0.007828484514140682,0.0003783727244200483,1.055431077135168,0.011130319951820832,-0.0009727675505441969,0.010862529653540518,0.014213118335366511,1
NVDA,2026-01-09,0.0,0.0,0.0,0.0,0,0,0,49.70354105805515,1.0401853938869863,0.8652859823440695,0.17489941154291677,184.9326604872968,184.00018312786216,194.8006282047379,171.69676406821134,0.5510624601950077,5.273326885800313,-0.0009727675505441969,-0.02112786473138866,0.005876621409563579,0.8115317689559854,0.0159550733759851,0.0004327896890317971,0.007410954617727813,0.008709323684823205,1
NVDA,2026-01-12,0.0,0.0,0.0,0.0,0,0,0,49.82889644047961,0.8689246540300815,0.8660137166812719,0.002910937348809539,184.8922409175431,184.0201075151963,194.94227743263684,171.95518045310536,0.5460922082921194,5.188833487188488,0.0004327896890317971,-0.016904107212355662,0.022163366821231833,0.8643652574013769,0.010818393687175127,0.00470421065019133,-0.03714724519231127,0.01935761635463908,0
NVDA,2026-01-13,0.0,0.0,0.0,0.0,0,0,0,51.2517081629632,0.7940831653520775,0.8516276064154331,-0.057544441063355656,184.93833423045567,184.07328842452682,194.7603734968092,173.21356601735098,0.564475952986045,5.153846175003515,0.00470421065019133,-0.0076372816446302555,0.06165013287649673,1.0172663616836513,0.0028331579258264834,-0.01436954843994674,-0.013400729750125445,0.0307303197282764,0
NVDA,2026-01-14,0.0,0.0,0.0,0.0,0,0,0,46.85961297502084,0.5139026115854506,0.7840826074494367,-0.2701799958639861,184.7263450770901,184.01992213807938,194.4664413954571,174.19089960796086,0.420287092767676,5.1427361667642675,-0.01436954843994674,-0.03156888722212054,0.0388564690233325,1.0154919924090442,0.0011311263970572205,0.02134982562154451,0.009282507462058352,0.05116298374769913,1
NVDA,2026-01-15,0.0,0.0,0.0,0.0,0,0,0,53.18642863913289,0.599712715980985,0.7472086291557464,-0.1474959131747614,184.90605764368792,184.12162429056124,194.4421811635179,175.14598106792744,0.5942800085836722,5.242875460679213,0.02134982562154451,0.010862529653540518,0.05249827278588707,1.2884248095226176,0.003959344371300574,-0.004383931140514662,0.0033145839157519884,0.02181229579233372,1
NVDA,2026-01-16,0.0,0.0,0.0,0.0,0,0,0,51.79370158319617,0.5948469852928042,0.7167363003831579,-0.12188931509035372,184.9907404443635,184.1872557713542,192.65108546503814,178.46250553837984,0.5168044688266711,5.179085916599299,-0.004383931140514662,0.007410954617727813,0.08944648586762434,1.1874778572543305,-0.0034722977351428143,-0.04381676302344001,0.0012888176976277475,-0.0033290966794773708,1
NVDA,2026-01-20,0.0,0.0,0.0,0.0,0,0,0,40.44424509197502,-0.06516422852027404,0.5603561946024715,-0.6255204231227456,184.29203007977756,183.9310607064466,191.6440938424403,179.86157937533315,-0.187336732348961,5.423428223113786,-0.04381676302344001,-0.03714724519231127,0.022568031255785718,1.3902291691778064,-0.025289130990863155,0.02948289454957853,0.05868484175260641,0.012747760387557889,1
NVDA,2026-01-21,0.0,0.0,0.0,0.0,0,0,0,48.29460568880961,-0.1636972149923679,0.41554551268350365,-0.5792427276758716,184.15869807859713,183.8903149558951,191.4289307418693,180.309199446119,0.23227581247857212,5.556965558257637,0.02948289454957853,-0.013400729750125445,0.012873690072479628,1.2975830418566354,-0.01206450262283909,0.008291414334357889,0.04473047042415188,-0.04980371704919726,1
NVDA,2026-01-22,0.0,0.0,0.0,0.0,0,0,0,50.335742595321854,-0.11806085709176273,0.3088242387284504,-0.4268850958202131,184.18248662189293,183.91063506676994,191.40049427129318,180.45236827753493,0.3613503816017145,5.3631344889995916,0.008291414334357889,0.009282507462058352,0.006260593596960851,0.9011432032341721,-0.001998921524509631,0.015310547591580383,0.04149529589188404,-0.07011471864301652,1
NVDA,2026-01-23,0.0,0.0,0.0,0.0,0,0,0,53.978497352021726,0.14426762029276574,0.27591291504131343,-0.1316452947485477,184.47290433015016,184.04087967429246,191.20380073228813,180.4954195435908,0.6290822951010803,5.319260382899692,0.015310547591580383,0.0033145839157519884,-0.008139199049010845,0.9308727317010772,-0.004348278531633425,-0.006394153488370577,0.018436602211430602,-0.012042448723060028,1
NVDA,2026-01-26,0.0,0.0,0.0,0.0,0,0,0,52.229154644230036,0.2526492713755033,0.2712601863081514,-0.018610914932648104,184.62164517752052,184.1190680489296,190.99186818402094,180.49385264117436,0.5277979027322227,5.162361969826549,-0.006394153488370577,0.0012888176976277475,-0.01134611342561658,0.7983994598502754,0.001546984440466338,0.010993712336374872,-0.004611970388048067,0.019145061802568558,0
NVDA,2026-01-27,0.0,0.0,0.0,0.0,0,0,0,54.91713300804365,0.49783527461775634,0.31657520397007244,0.1812600706476839,184.9510023053311,184.27439459679633,190.6258728801885,180.65931846502636,0.7445478392428134,5.100047863584643,0.010993712336374872,0.05868484175260641,-0.010549453125257126,0.9182216472671473,0.02643227895569107,0.015913429851231592,-0.04339070472474291,0.00010603598700763037,0
NVDA,2026-01-28,0.0,0.0,0.0,0.0,0,0,0,58.58934313932253,0.923016767028372,0.4378635165817324,0.4851532504466396,185.53403934628543,184.5410023081122,191.2577219138341,180.35669916770885,0.9830446479392735,5.008691613760886,0.015913429851231592,0.04473047042415188,0.01753268160140233,0.9405753044110824,0.014619123398690377,0.0051690791511651395,-0.09048667589351447,-0.007675357424557902,0
NVDA,2026-01-29,0.0,0.0,0.0,0.0,0,0,0,59.75434278889222,1.3244060220171434,0.6151720176688147,0.7092340043483287,186.1556129450953,184.8358870071584,192.13359311138018,179.97666689838545,0.9939926444965133,5.179690462599285,0.0051690791511651395,0.04149529589188404,0.026500971136023635,1.0626224697321163,0.00734411849337632,-0.007168416067491224,-0.10716324401573353,-0.028933458574844712,0
NVDA,2026-01-30,0.0,0.0,0.0,0.0,0,0,0,57.33302197600007,1.5139640291025103,0.7949304199555538,0.7190336091469565,186.58686810406317,185.0652166192015,192.69071430326065,179.88146282076278,0.8433224461440993,5.16744718335461,-0.007168416067491224,0.018436602211430602,0.02482562842122036,1.0903829703683947,0.003975464382848215,-0.02888077311580949,-0.029927293332062593,-0.04353053573624874,0
NVDA,2026-02-02,0.0,0.0,0.0,0.0,0,0,0,48.812607081031615,1.205912537360291,0.8771268434365014,0.32878569392378965,186.45256607294704,185.06958839010903,192.4695004900178,179.77943444650563,0.42531396702994195,5.243728591693489,-0.02888077311580949,-0.004611970388048067,-0.017156398257796263,1.0018429611470505,0.003868839280012181,-0.028392994576350514,0.02386710657940925,-0.0034480798039509745,1
NVDA,2026-02-03,0.0,0.0,0.0,0.0,0,0,0,42.342751251963904,0.5313997256736798,0.8079814198839371,-0.27658169421025736,185.83031938315,184.8676035838333,192.58284464444753,178.88990468416577,0.075153411093404,5.584645778746257,-0.028392994576350514,-0.04339070472474291,-0.04135667984921118,1.2252428262542736,-0.00856945838397441,-0.03410221377522332,0.04546970317619032,0.04236441337034408,1
NVDA,2026-02-04,0.0,0.0,0.0,0.0,0,0,0,36.29664497701093,-0.49257295992134686,0.5478705439228804,-1.0404435038442272,184.68298805657395,184.43292659835362,193.66016153069685,176.5106331470375,-0.15903018624900522,5.786479029993099,-0.03410221377522332,-0.09048667589351447,-0.06969670929858522,1.2320714567055633,-0.01327247439478482,-0.013261404689498216,0.09105014327339427,0.07870716340630245,1
NVDA,2026-02-05,0.0,0.0,0.0,0.0,0,0,0,34.31466493930982,-1.4730610239340933,0.14368423035148564,-1.616745254285579,183.425439598619,183.9249188591259,194.47443304939955,173.9773842723778,-0.12190316037751012,5.785765601911131,-0.013261404689498216,-0.10716324401573353,-0.091110987280683,1.2089142446165466,-0.023658565113502814,0.07871771120027264,0.08761936033272735,0.10437523302571713,1
NVDA,2026-02-06,0.0,0.0,0.0,0.0,0,0,0,51.14265895176642,-1.1476661723714585,-0.1145858501931032,-1.0330803221783553,183.57322081151094,183.96618252480664,194.4969040615909,173.99182579680752,0.535736386631778,6.449975015453586,0.07871771120027264,-0.029927293332062593,0.001999508863558048,1.3326077361352253,-0.0019509093706342074,0.02497166051482752,-0.014022910149602455,0.033115911340265036,0
NVDA,2026-02-09,0.0,0.0,0.0,0.0,0,0,0,55.357488404355834,-0.5111662632333207,-0.1939019328011467,-0.317264330432174,184.146850137591,184.186972572279,195.01795876081096,173.98756034319294,0.7422003179493987,6.681215219789341,0.02497166051482752,0.02386710657940925,0.02802112602759628,1.1104297073252627,-0.002099463981098648,-0.00789303510514966,-0.026678448997757412,0.014786503597272842,0
NVDA,2026-02-10,0.0,0.0,0.0,0.0,0,0,0,53.74000065836614,-0.12603689950827857,-0.1803289261425731,0.05429202663429453,184.52332519656673,184.34041828539887,195.31381127018355,174.05086615901567,0.6607255967773422,6.514687132256525,-0.00789303510514966,0.04546970317619032,0.01946570494560299,0.773569971673956,0.003756160156048388,0.008009045930616986,-0.002970234141087217,0.03723350534435288,0
NVDA,2026-02-11,0.0,0.0,0.0,0.0,0,0,0,55.160386750690165,0.29731560607109486,-0.0848000196998395,0.3821156257709344,185.00742170174863,184.54692496051956,195.7382961844821,174.04939302450228,0.7172767272611476,6.385709343914024,0.008009045930616986,0.09105014327339427,0.022819096116033034,0.8192761226731617,0.00840875438283833,-0.01636418228460698,-0.011312935471563309,-0.027150803703287315,0
NVDA,2026-02-12,0.0,0.0,0.0,0.0,0,0,0,51.643342978626016,0.3781007952868549,0.0077801432974993895,0.37032065198935554,185.14991352209918,184.62365675875134,195.9012089403695,174.26559403814616,0.5656410429095742,6.435546600930133,-0.01636418228460698,0.08761936033272735,0.020749203102024903,1.0699370982947016,0.005386547196624819,-0.022092665457932,0.015406008116537927,-0.052155747269895136,1
NVDA,2026-02-13,0.0,0.0,0.0,0.0,0,0,0,47.32776204857177,0.10839540117197544,0.0279031948723946,0.08049220629958084,184.88641932830924,184.535796669675,195.72712906883717,174.0166636557722,0.38536994358940113,6.397022319242777,-0.022092665457932,-0.014022910149602455,-0.022667740865392833,0.9234784358218382,-0.012843544696793618,0.011815605671939159,0.047809246254413344,-0.0018052038093255673,1
NVDA,2026-02-17,0.0,0.0,0.0,0.0,0,0,0,49.695439490336895,0.0677587810632474,0.03587431211056516,0.03188446895268224,184.85325489218678,184.53589063357103,195.65671902787838,173.96137026655524,0.4875156697791268,6.508048969656912,0.011815605671939159,-0.026678448997757412,-0.006765697492402439,0.9325299293922674,-0.015995472862596515,0.01627275579951703,0.0426014943903515,-0.026598957573221862,1
NVDA,2026-02-18,0.0,0.0,0.0,0.0,0,0,0,52.874425373771444,0.27469995725112994,0.08363944113867812,0.19106051611245184,185.1092437305797,184.6537434595217,195.6932517388464,174.91352316349736,0.6076890988265964,6.428000089267061,0.01627275579951703,-0.002970234141087217,0.05565222514850657,0.9629489697382814,-0.00842341363948669,-0.00042552512892679145,0.040323509750790354,-0.026279309161987247,1
NVDA,2026-02-19,0.0,0.0,0.0,0.0,0,0,0,52.77896981577372,0.4273367850356067,0.15237890991806385,0.2749578751175428,185.33325234943072,184.76384505830578,195.90050313796866,175.16320078048835,0.593044034176949,6.16625168068924,-0.00042552512892679145,-0.011312935471563309,0.02498353706107277,0.7560152073428207,-0.010810007463769858,0.010218253015392335,-0.016019091176517033,-0.024268188117569166,0
NVDA,2026-02-20,0.0,0.0,0.0,0.0,0,0,0,54.88436634438691,0.6948597084703465,0.2608750696285204,0.4339846388418261,185.7183579897007,184.94474766669637,196.2667626863044,175.29377961105888,0.6714868319246898,6.038644466564995,0.010218253015392335,0.015406008116537927,0.02694227428580318,1.0536580958395418,0.01197765561576392,0.009113929721387524,-0.06653669059113841,-0.06321786105585996,0
NVDA,2026-02-23,0.0,0.0,0.0,0.0,0,0,0,56.755307697533105,1.0342228210430449,0.41554461991142533,0.6186782011316195,186.2311647506332,185.1862410515119,196.70047533479772,175.2471626046554,0.7390777626878704,5.918726529676284,0.009113929721387524,0.047809246254413344,0.020674665952972463,1.0047249384777774,0.0009388208496531196,0.006786747007672797,-0.04735065112385187,-0.046463163265428334,0
NVDA,2026-02-24,0.0,0.0,0.0,0.0,0,0,0,58.159450761214536,1.3917813058005208,0.6107919570892445,0.7809893487112763,186.81865339649926,185.4691255409517,197.37872891765272,175.20542025226916,0.7754537466391224,5.949898885629944,0.006786747007672797,0.0426014943903515,0.03421465392505509,1.0105572847451192,0.006590004037318735,0.014052296937936871,-0.06637286857529154,-0.04189787180113304,0
NVDA,2026-02-25,0.0,0.0,0.0,0.0,0,0,0,61.00212639228453,1.8717354701834097,0.8629806597080776,1.008754810475332,187.60768208157967,185.84694236639845,198.3611629377307,174.9253421892224,0.8609944843474572,5.865537098329413,0.014052296937936871,0.040323509750790354,0.03734348942284945,1.403026169450095,0.009995855065331896,-0.05456121004512642,-0.0640212571267685,-0.048680384474007334,0
NVDA,2026-02-26,0.0,0.0,0.0,0.0,0,0,0,47.35899360209224,1.3772574002836393,0.96583600782319,0.4114213924604493,187.30774798080424,185.79248870589018,197.88414302273247,174.74091038302925,0.41988359153152705,6.2475517331915436,-0.05456121004512642,-0.016019091176517033,-0.034617769005058474,1.9064832326145054,0.00704189431385456,-0.04164637217148231,-0.008383391249851928,-0.009411544567704091,0
NVDA,2026-02-27,0.0,0.0,0.0,0.0,0,0,0,40.34631012046115,0.3613396866770415,0.8449367435939603,-0.4835970569169188,186.30475788060488,185.43891471462825,197.5126789855061,173.58395339974777,0.13341281036977526,6.407735803103116,-0.04164637217148231,-0.06653669059113841,-0.07958015969166626,1.587983187999617,-0.004989715564674729,0.029854862425945483,0.00355539366338907,0.017324667690672983,1
NVDA,2026-03-02,0.0,0.0,0.0,0.0,0,0,0,46.236358011244135,-0.0177172572338975,0.6724059434283888,-0.6901232006622863,185.89992242489996,185.30617239623902,196.9307451194258,173.30290661397265,0.3703715420143395,6.578570138999898,0.029854862425945483,-0.04735065112385187,-0.045257158056641246,1.0574948496541527,0.005847132906885665,-0.013316469827987216,0.0009315997113423836,0.004109599374407536,1
NVDA,2026-03-03,0.0,0.0,0.0,0.0,0,0,0,44.08313634318075,-0.5078900490332217,0.43634674493606673,-0.9442367939692884,185.30275545009547,185.08356442734544,196.89277502011626,172.78617395449314,0.2838847009717623,6.504887569693611,-0.013316469827987216,-0.06637286857529154,-0.029955322048758462,0.8979396626881118,-0.010212987650163886,0.016606482555102227,0.026214958788536732,0.010496244970145792,1
NVDA,2026-03-04,0.0,0.0,0.0,0.0,0,0,0,47.33320912521029,-0.648179172825337,0.21944156138378598,-0.867620734209123,185.04655837458415,184.98666724028195,196.86360695578108,173.08471305154316,0.4006903409407663,6.3716202682107905,0.016606482555102227,-0.0640212571267685,0.014971796691931336,0.9020612617930833,-0.011570448536573642,0.0016389942766804496,0.01639019344143259,-0.014369755939004178,1
NVDA,2026-03-05,0.0,0.0,0.0,0.0,0,0,0,47.66191348531778,-0.7268297717501753,0.03018729475699375,-0.757017066507169,184.84326589173685,184.90530724280765,196.2161961634999,174.64498852888295,0.3832422790524661,6.356902064896407,0.0016389942766804496,-0.008383391249851928,0.05252889504098888,1.0110039796325463,-0.011591367508973596,-0.030108064187825134,-0.0010368456001841947,-0.026019160245993267,0
NVDA,2026-03-06,0.0,0.0,0.0,0.0,0,0,0,42.416231136879595,-1.219482533981278,-0.21974667099066064,-0.9997358629906175,184.13484642111385,184.6111721136856,195.2100225860045,176.24377532659318,0.06121854828323958,6.367465575512679,-0.030108064187825134,0.00355539366338907,0.0345589929907644,0.9656212754133457,-0.0198398958411506,0.0271623085553961,0.01372049227598729,-0.02874052641379687,1
NVDA,2026-03-09,0.0,0.0,0.0,0.0,0,0,0,47.82710406502172,-1.207167044156165,-0.4172307456237615,-0.7899362985324035,183.9528217177823,184.5175413263306,195.19109730974648,175.987345073066,0.32474080514094356,6.4364213982450105,0.0271623085553961,0.0009315997113423836,-0.014885921920449486,0.917991332174592,-0.011815625747572635,0.011606985477137597,0.003175041795045387,-0.03832734407088138,1
NVDA,2026-03-10,0.0,0.0,0.0,0.0,0,0,0,50.04588800005445,-1.0150380109040213,-0.5367921986798134,-0.4782458122242079,183.98956760794144,184.51052611998244,194.7614312434227,175.89124362229995,0.44765903295510356,6.292367438225972,0.011606985477137597,0.026214958788536732,-0.027730891235965727,0.9320277238942084,-0.004630215452300113,0.006873706730785945,-0.01531717471449367,-0.051742853836553124,0
NVDA,2026-03-11,0.0,0.0,0.0,0.0,0,0,0,51.3798827842271,-0.7518637892146671,-0.5798065167867842,-0.17205727242788293,184.14348911272825,184.55347581755973,194.55235150229902,175.85091387856033,0.521608537584324,6.068824674799706,0.006873706730785945,0.01639019344143259,-0.013259420485132565,0.75428295693573,-0.01284418508573164,-0.015535120518506546,-0.03026391791157049,-0.03950975093592839,0
NVDA,2026-03-12,0.0,0.0,0.0,0.0,0,0,0,48.22394157715164,-0.7671203318819835,-0.6172692798058241,-0.14985105207615934,184.0081411796522,184.48166640571148,194.0395425158666,175.67532259643806,0.38373605031467706,5.940354126001265,-0.015535120518506546,-0.0010368456001841947,-0.03630681727188893,0.8062844372175083,-0.022383419539795106,-0.015780185389578913,-0.025008244333915023,-0.06497754342816148,0
NVDA,2026-03-13,0.0,0.0,0.0,0.0,0,0,0,45.23192981013668,-1.000345554837935,-0.6938845348122463,-0.30646102002568865,183.61107473220392,184.299598840054,193.9243095423236,175.12409133658264,0.2507870968977856,5.954326614033507,-0.015780185389578913,0.01372049227598729,-0.03573466056883181,0.8396244073766872,-0.015006424506572344,0.016477026622857348,-0.04188631779007587,-0.07062415550752274,0
NVDA,2026-03-16,0.0,0.0,0.0,0.0,0,0,0,48.75101204796614,-0.9352904107512643,-0.7421657100000499,-0.19312470075121435,183.5340347139955,184.24087553420935,193.92793058728896,175.1623632969884,0.4071175214604914,6.1440394749818825,0.016477026622857348,0.003175041795045387,0.0022969769006364856,1.1172067840778048,-0.013622902484812781,-0.007040662858024317,-0.04137103111303875,-0.09851544082773114,0
NVDA,2026-03-17,0.0,0.0,0.0,0.0,0,0,0,47.32854540502126,-0.9763332234258542,-0.7889992126852108,-0.18733401074064338,183.3417558080123,184.1339826191883,193.86930042584987,174.9186848036423,0.3480848078518073,5.970287930881299,-0.007040662858024317,-0.01531717471449367,-0.01638190177771512,0.9333942067128457,-0.009436252312489358,-0.008409877322820692,-0.03699229659205025,-0.04138965652844447,0
NVDA,2026-03-18,0.0,0.0,0.0,0.0,0,0,0,45.62802297006963,-1.1191366259977826,-0.8550266953477251,-0.2641099306500575,183.02240634303791,183.9714180625841,193.56160806099442,174.47112204154465,0.2890164440347564,5.761199323707759,-0.008409877322820692,-0.03026391791157049,-0.04027143784208803,0.8030200089120335,-0.02203074371632714,-0.010199621354571297,-0.00953438074042374,-0.025776102746315362,0
NVDA,2026-03-19,0.0,0.0,0.0,0.0,0,0,0,43.59917839315246,-1.3647127548711069,-0.9569639072524015,-0.40774884761870533,182.55863154809083,183.7432358246825,193.28479301877445,173.8170807605224,0.2227118511952281,5.678220971269588,-0.010199621354571297,-0.025008244333915023,-0.04965591048805149,0.8663739151512722,-0.00939849139201698,-0.03281800569058758,-0.04099449955547638,-0.006552312464990552,0
NVDA,2026-03-20,0.0,0.0,0.0,0.0,0,0,0,37.830000745292956,-2.007960352267986,-1.1671631962555185,-0.8407971560124676,181.5822049572012,183.29472274699887,193.2014301897078,172.19337266673753,0.005368400999909457,5.760089436664147,-0.03281800569058758,-0.04188631779007587,-0.09014147286415714,1.203710148784826,-0.018041526278676834,0.017023701906864315,-0.02999418362460079,0.02860447017850109,0
NVDA,2026-03-23,0.0,0.0,0.0,0.0,0,0,0,41.978216952476174,-2.255051998413137,-1.3847409566870421,-0.8703110417260949,180.97813219156,182.97882934193888,192.1420121529268,171.66645189736616,0.1745001834385585,5.752730074651319,0.017023701906864315,-0.04137103111303875,-0.08300969769121411,0.9094268346231775,-0.017727426306770596,-0.00250511733562094,-0.0596105600491515,0.014005930780394988,0
NVDA,2026-03-24,0.0,0.0,0.0,0.0,0,0,0,41.53158595448624,-2.4579632941779437,-1.5993854241852226,-0.8585778699927211,180.38978108347243,182.6581084091821,190.49929257492383,171.54923647781052,0.17156725353047178,5.501456287956869,-0.00250511733562094,-0.03699229659205025,-0.0914728101810175,0.7395487168134907,-0.023593215080031094,0.019862999468737107,-0.00456627700986459,0.03926945852910886,0
NVDA,2026-03-25,0.0,0.0,0.0,0.0,0,0,0,46.38987974208887,-2.3119548632841145,-1.741899312005001,-0.5700555512791134,180.18813590541478,182.48612402897368,187.16935180885758,173.19608245627916,0.3632953841723018,5.537514919101183,0.019862999468737107,-0.00953438074042374,-0.08626678554390246,0.8326992575961915,-0.004257771381323378,-0.04163861015929876,-0.016398067424120324,0.029270323103974257,0
NVDA,2026-03-26,0.0,0.0,0.0,0.0,0,0,0,38.94018635290883,-2.763363425985233,-1.9461921348010476,-0.8171712911841853,179.29874080058363,182.02978533390362,187.29500232850924,171.70954326475245,-0.05518322922325543,5.67932081385455,-0.04163861015929876,-0.04099449955547638,-0.0737775489499915,0.9979301035285433,-0.019624535211925136,-0.021723900917334178,0.03591448336273461,0.10155337350198164,1
NVDA,2026-03-27,0.0,0.0,0.0,0.0,0,0,0,35.84097924564685,-3.3816152390633647,-2.2332767556535114,-1.1483384834098533,178.14057215011883,181.4457925745624,188.44832895580134,169.5923784416596,-0.1301662554277337,5.575109613388046,-0.021723900917334178,-0.02999418362460079,-0.054523027841952,1.0854446017216302,-0.02232606771328178,-0.014028232297937272,0.06041062106417698,0.130073946775631,1
NVDA,2026-03-30,0.0,0.0,0.0,0.0,0,0,0,34.00002468893484,-4.014501265159566,-2.5895216575547226,-1.4249796076048438,176.86940525031213,180.792754422703,189.3174515120534,166.99718929605208,-0.0987385171632841,5.5460431726191075,-0.014028232297937272,-0.0596105600491515,-0.09481070044731872,1.0335941052723374,-0.035719747820619575,0.05588174699846619,0.07828298330678216,0.1897438817692209,1
NVDA,2026-03-31,0.0,0.0,0.0,0.0,0,0,0,45.7798779577802,-3.72998665363275,-2.817614656770328,-0.9123719968624218,176.5963436360711,180.52646045713746,189.15651699260934,166.59538272662894,0.3283024464475187,5.823357094992872,0.05588174699846619,-0.00456627700986459,-0.03132784753245143,1.2427693839493699,-0.0043479596882277476,0.007740841074583642,0.044036819857074354,0.14030975992097805,1
NVDA,2026-04-01,0.0,0.0,0.0,0.0,0,0,0,47.26251107639315,-3.357122459980644,-2.925516217412391,-0.431606242568253,176.47756634967445,180.32342993446173,188.62642333074012,166.3991259856661,0.40266056661286553,5.619061899788491,0.007740841074583642,-0.016398067424120324,-0.039775462379796296,0.9262560383525418,-0.002405511023892445,0.009331530522419517,0.04642974867739141,0.12859185825158437,1
NVDA,2026-04-02,0.0,0.0,0.0,0.0,0,0,0,49.08399685081316,-2.8962054287625563,-2.9196540596824243,0.02344863091986804,176.52593701866004,180.19252908895433,188.05098846113341,166.38190796220644,0.48934011816246986,5.653847020132426,0.009331530522419517,0.03591448336273461,-0.032400987042975414,0.8008637542672818,0.016648839555621155,0.0014092692603509,0.06336323238398336,0.1369298294091027,1
NVDA,2026-04-06,0.0,0.0,0.0,0.0,0,0,0,49.37105168469732,-2.482186141160156,-2.832160475977971,0.3499743348178148,176.59345525879138,180.07654279291845,188.04215145955763,166.3737466727666,0.5012427990958228,5.394670034441049,0.0014092692603509,0.06041062106417698,-0.000958163766013656,0.6158385793361658,0.0391742708016176,0.002589523355687537,0.06569466990206423,0.13746901168419318,1
NVDA,2026-04-07,0.0,0.0,0.0,0.0,0,0,0,49.93043119577682,-2.09291333015409,-2.684311046813195,0.5913977166591051,176.6982530815218,179.9831031695672,187.57346994465533,166.38945272380172,0.5336277607691496,5.335020015658998,0.002589523355687537,0.07828298330678216,-0.024858223418539542,0.7686337126010196,0.043119062627389355,0.022347044651239555,0.10336887457930607,0.12229094497259549,1
NVDA,2026-04-08,0.0,0.0,0.0,0.0,0,0,0,54.60385077441428,-1.4473071405851954,-2.436910265567595,0.9896031249823998,177.17125415988136,180.04905066896836,187.12785245940893,166.56768129303248,0.7342878125428138,5.46420948880943,0.022347044651239555,0.044036819857074354,-0.014505309160356526,0.864642242154875,0.0394717020686613,0.010050579635670059,0.09221220768543696,0.11214848631507472,1
NVDA,2026-04-09,0.0,0.0,0.0,0.0,0,0,0,56.609299776883326,-0.779346047195645,-2.1053974218932052,1.3260513746975602,177.7730966766486,180.18401341081028,186.69793453685875,166.78608493335608,0.8389233539431187,5.320488542317705,0.010050579635670059,0.04642974867739141,-0.011395891007606304,0.6872290271147786,0.03765026570186814,0.025664685278630615,0.07851660341082589,0.08553085011193123,1
NVDA,2026-04-10,0.0,0.0,0.0,0.0,0,0,0,61.35167510392346,0.12853168302771678,-1.6586116009090208,1.7871432839367376,178.7661188123547,180.4983591241731,187.87516035375825,166.15660844506988,1.014948913222634,5.374460740883092,0.025664685278630615,0.06336323238398336,0.02997714133681885,0.9458146598309772,0.0360306705625972,0.0036048719201054917,0.06918294218259582,0.10411911465863415,1
NVDA,2026-04-13,0.0,0.0,0.0,0.0,0,0,0,61.99609869010412,0.8924874234824927,-1.1483917960307182,2.0408792195132106,179.72918039030753,180.82698289894515,189.45351129561928,165.48218969315027,0.9760027451010188,5.26993200160377,0.0036048719201054917,0.06569466990206423,0.05026342862354885,0.7941770263151089,0.041233476297918084,0.038032848706682956,0.06734981773787506,0.14420794863538092,1
NVDA,2026-04-14,0.0,0.0,0.0,0.0,0,0,0,68.06751402503711,2.05390644537718,-0.5079321477491385,2.5618385931263186,181.28467215047542,181.424428427303,192.46102090684175,163.80064901503326,1.12563769161201,5.40662103657571,0.038032848706682956,0.10336887457930607,0.07253573878463007,0.9747522330253494,0.05345725656568432,0.012009626504063434,0.017149360317513067,0.08477941933561307,1
NVDA,2026-04-15,0.0,0.0,0.0,0.0,0,0,0,69.7721641049096,3.1282774758740004,0.21930977697548926,2.908967698898511,182.91627226839887,182.09078313167043,195.78389052981458,162.16791611081044,1.078313447828215,5.352531057543129,0.012009626504063434,0.09221220768543696,0.09311273062181578,1.119009708311057,0.03539882367509564,-0.002614773249687659,0.01825311829455354,0.052194876087233034,1
NVDA,2026-04-16,0.0,0.0,0.0,0.0,0,0,0,68.8994100495898,3.8929843962430084,0.9540447008289932,2.9389396954140152,184.34307103348067,182.71066062853663,198.5984109126604,161.14430301556226,0.9812903937579334,5.258121346978628,-0.002614773249687659,0.07851660341082589,0.09950115855463654,0.8146995339941198,0.03198959231465698,0.016788413299252142,0.006503605673684276,0.006150698631804766,1
NVDA,2026-04-17,0.0,0.0,0.0,0.0,0,0,0,71.36923339820089,4.712783031528659,1.7057923669689263,3.0069906645597326,185.95040207763208,183.43651891749874,201.90399668670105,160.14544484161925,0.9836213264251095,5.121280275522747,0.016788413299252142,0.06918294218259582,0.12948030991604584,0.977817681467678,0.045153551524915146,0.0018841817080057514,0.03267557973261409,-0.016015354939658336,1
NVDA,2026-04-20,0.0,0.0,0.0,0.0,0,0,0,71.6459535039165,5.331612878448453,2.430956469264832,2.9006564091836213,187.44076208251533,184.14878021990688,204.77888440912182,160.19986009771412,0.9286726811694287,5.064055033314758,0.0018841817080057514,0.06734981773787506,0.1700057101078828,0.756227783931396,0.03296888730886072,-0.010788749382758285,0.07200837965232224,-0.01771752415454915,1
NVDA,2026-04-21,0.0,0.0,0.0,0.0,0,0,0,67.60892080921974,5.582187439530884,3.061202663318043,2.520984776212841,188.582039891528,184.74781546921048,206.88952488496705,160.50769343778688,0.8390459027837187,4.969583112023256,-0.010788749382758285,0.017149360317513067,0.13800967426334573,0.7003986963646459,0.013852482677457591,0.01310780710730043,0.06648980145549974,-0.01691025866938833,1
NVDA,2026-04-22,0.0,0.0,0.0,0.0,0,0,0,69.81061753538877,5.923417175576617,3.633645565769758,2.289771609806859,189.86357825890852,185.42586948018356,209.18169519568514,160.93929784630703,0.8519248039244927,4.864042757327267,0.01310780710730043,0.01825311829455354,0.15582195517663575,0.7067252333732466,0.016101449606057656,-0.01412349352662514,0.03333332074595331,0.026320966861833994,1
NVDA,2026-04-23,0.0,0.0,0.0,0.0,0,0,0,64.64503073134885,5.895630639116348,4.086042580439076,1.8095880586772717,190.75130486678404,185.9654317610235,210.76664854964577,161.44556458511988,0.765172620367093,4.987677280553393,-0.01412349352662514,0.006503605673684276,0.11730468883403931,0.7588014748284491,0.009677095549218036,0.04322782178848117,-0.0003506267040576557,0.05940698046671425,0
NVDA,2026-04-24,0.0,0.0,0.0,0.0,0,0,0,71.49829454136349,6.493537104001746,4.567541485151611,1.925995618850135,192.37451665914017,186.8214943855529,213.29152845513974,162.61523881780946,0.8915370519832346,5.437429031482685,0.04322782178848117,0.03267557973261409,0.21624613550023972,1.4175590000551495,0.005351038518877622,0.040044191332756406,-0.04715027219378979,0.0332741349627388,0
NVDA,2026-04-27,0.0,0.0,0.0,0.0,0,0,0,76.28292253975007,7.551764107578975,5.164386009637084,2.387378097941891,194.63561150810227,187.97029902036425,216.67020423743713,164.13436729576597,0.9894511690218194,5.722501660704157,0.040044191332756406,0.07200837965232224,0.29303959244643335,1.2427907342396611,0.009100979724275007,-0.015881097300298186,-0.08369888287251227,0.013064961405043245,0
NVDA,2026-04-28,0.0,0.0,0.0,0.0,0,0,0,70.98936003275162,8.021008853123789,5.735710578334425,2.2852982747893638,196.35449166441768,188.9394580058172,217.99995369716385,167.59367118076585,0.8945349610731486,5.9130962780857095,-0.015881097300298186,0.06648980145549974,0.2906096772237137,1.199126374103238,0.010808356158371215,-0.01838906179589996,-0.07820052288457632,0.035699237411565665,0
NVDA,2026-04-29,0.0,0.0,0.0,0.0,0,0,0,65.41837730063219,7.985250126892453,6.185618488046031,1.7996316388464217,197.53718737550736,189.71723599111297,219.10173483898262,169.96894387195488,0.7897750564372613,5.889106985857432,-0.01838906179589996,0.03333332074595331,0.19982808654111595,0.8519188468032864,0.000520196862591711,-0.04626047369511218,-0.006786149002779829,0.07923537366320195,0
NVDA,2026-04-30,0.0,0.0,0.0,0.0,0,0,0,54.123123812575514,7.095800989309794,6.367654988298784,0.7281460010110097,197.68744268870307,190.08577058613062,218.7112812091058,172.73596610534733,0.5737622895935018,6.29513871123451,-0.04626047369511218,-0.0003506267040576557,0.13553348664999837,1.521158437446407,0.014411675002865491,-0.0056119949802255955,0.05977856713273895,0.18123972733330923,1
NVDA,2026-05-01,0.0,0.0,0.0,0.0,0,0,0,52.983250780773005,6.22893545446658,6.339911081532343,-0.11097562706576358,197.71696591105874,190.3960319954368,218.1009111219707,175.4475340074238,0.5286780096088352,6.264528494267701,-0.0056119949802255955,-0.04715027219378979,0.11872149464963071,0.8730944726876159,0.0093985361960296,0.00015104855440368188,0.08440408262664188,0.1353993076427486,1
NVDA,2026-05-04,0.0,0.0,0.0,0.0,0,0,0,53.011774262075996,5.4811680426261375,6.168162473751102,-0.6869944311249645,197.7465257052436,190.69529912306672,217.1648470468915,178.4628446034991,0.5055164568065172,6.315208524355589,0.00015104855440368188,-0.08369888287251227,0.11731587699462732,0.845731928597823,0.003971084352194137,-0.009975789648880561,0.10560266976526285,0.12011300732320741,1
NVDA,2026-05-05,0.0,0.0,0.0,0.0,0,0,0,50.81869451689944,4.6752588518740765,5.869581749375697,-1.1943228975016202,197.58512941179407,190.9053605152611,215.78311108562755,181.68038378741934,0.4214173462120487,6.164151160232524,-0.009975789648880561,-0.07820052288457632,0.10331271479079664,0.7700078354261228,0.016973756457879314,0.05765907262779844,0.12356240497398326,0.12269724258675459,1
NVDA,2026-05-06,0.0,0.0,0.0,0.0,0,0,0,60.80974295360022,4.89232626147097,5.674130651794752,-0.7818043903237823,198.51569168926088,191.55048493918008,215.53300733380365,184.49961443133304,0.7365104732728931,6.56265234101661,0.05765907262779844,-0.006786149002779829,0.14142130976881265,1.2615441275527488,0.03126842176367531,0.01765869212397856,0.08660926605042134,0.07525384889639153,1
NVDA,2026-05-07,0.0,0.0,0.0,0.0,0,0,0,63.40317953024035,5.298736661654317,5.599051853766666,-0.3003151921123486,199.7063562595917,192.31390394853517,215.63263036023199,187.15269831408443,0.8379574545676673,6.6426369551397855,0.01765869212397856,0.05977856713273895,0.15001896012054644,1.107979298283018,0.01797796014379439,0.01749407451768548,0.11460994208364385,0.03787232485570082,1
NVDA,2026-05-08,0.0,0.0,0.0,0.0,0,0,0,65.85634475342556,5.851248231069519,5.649491129227236,0.2017571018422828,201.13520123635678,193.19215197077398,216.73259632959034,188.70367228613233,0.9278114346869625,6.617136856130965,0.01749407451768548,0.08440408262664188,0.14085772309472522,0.905231249971324,0.023548182484361187,0.019702606404692027,0.04702603562003027,0.0006040714128960292,1
NVDA,2026-05-11,0.0,0.0,0.0,0.0,0,0,0,68.46504922628911,6.55490910984463,5.830574725350715,0.7243343844939147,202.83085444589645,194.20185424394063,218.42284918472183,190.01954888656724,1.0181919265147925,6.743828815095339,0.019702606404692027,0.10560266976526285,0.15915698132364586,1.056759302950667,0.029651394830609783,0.006106455043874856,0.013124369137988196,-0.02087128320652381,1
NVDA,2026-05-12,0.0,0.0,0.0,0.0,0,0,0,69.26429750437208,7.138161398921426,6.092092060064858,1.0460693388565678,204.49234492882073,195.22438954875088,220.7310470924662,190.13281704327596,0.9851448082083859,6.891402813509208,0.006106455043874856,0.12356240497398326,0.12350521736565546,1.0475678210669448,0.019909573878506504,0.022873445704400534,-0.0007700172090118059,-0.037050462796552046,0
NVDA,2026-05-13,0.0,0.0,0.0,0.0,0,0,0,72.1309961703796,7.915709115584889,6.456815471168865,1.4588936444160243,206.47545371489656,196.40441298537309,223.98300387271743,189.5707116424193,1.0387066139327683,6.902294990925968,0.022873445704400534,0.08660926605042134,0.13556593026051142,1.001353643038698,0.011555784371410159,0.043882590852663064,-0.010450322400897778,-0.051277498277659386,0
NVDA,2026-05-14,0.0,0.0,0.0,0.0,0,0,0,76.71974149178166,9.223430302748227,7.010138437484738,2.213291865263489,209.21135265425167,197.92590238116728,229.3295110269239,187.95467781584955,1.141943328719671,7.1725288336980375,0.043882590852663064,0.11460994208364385,0.18850517690805163,1.185146273863572,0.02267693605077602,-0.04420125203837702,-0.06884705970277842,-0.10435225282829677,0
NVDA,2026-05-15,0.0,0.0,0.0,0.0,0,0,0,64.66353679449443,9.31355816228222,7.470822382444235,1.8427357798379855,210.69657167229911,198.98002983068034,231.35379756416768,188.28900181327373,0.8479582892185954,7.47976099274549,-0.04420125203837702,0.04702603562003027,0.11721548473260764,1.1784448905290283,0.0021013576114109443,-0.01331435448943643,-0.04433697217437767,-0.004260601581657809,0
NVDA,2026-05-18,0.0,0.0,0.0,0.0,0,0,0,61.65926968090309,9.039264037549458,7.78451071346528,1.2547533240841782,211.7552794692267,199.87544056438068,232.6219258383079,189.0422556802468,0.7519732880247725,7.774312528931536,-0.01331435448943643,0.013124369137988196,0.1002673780601338,0.9442459687519027,-0.0008791906612106411,-0.007691684867106008,-0.033555260716349206,0.00224892284974269,0
NVDA,2026-05-19,0.0,0.0,0.0,0.0,0,0,0,59.9495309925104,8.585249277760056,7.944658426324235,0.640590851435821,212.55067074047966,200.66883065273373,233.35332582996173,190.3791265626164,0.6917583517921544,7.6872194090425845,-0.007691684867106008,-0.0007700172090118059,0.10371214180720356,0.9002342491164306,-0.0060283026242568035,0.012964088201498448,-0.036308403683208056,-0.02656270309897625,0
NVDA,2026-05-20,0.0,0.0,0.0,0.0,0,0,0,61.854661135176045,8.35933055113523,8.027592851286435,0.3317376998487944,213.5420709485106,201.54300878105025,234.42084618266446,191.4038242274918,0.7335828298434385,7.539358417808448,0.012964088201498448,-0.010450322400897778,0.10355556982125291,1.1483647571288145,-0.0014279408000573749,-0.017720518937572316,-0.04125833881914717,-0.020383753523062764,0
NVDA,2026-05-21,0.0,0.0,0.0,0.0,0,0,0,57.757891324335645,7.771888299490939,7.976451940927337,-0.2045636414363976,214.06276889761077,202.2279652764625,234.60214817782247,193.20499140957986,0.623337688357337,7.6757188717432285,-0.017720518937572316,-0.06884705970277842,0.09952918578534675,1.233406424560518,-0.007284493648601045,-0.01904243015397478,-0.03813035602313105,-0.0645572354211663,0
NVDA,2026-05-22,0.0,0.0,0.0,0.0,0,0,0,53.71380220926843,6.890385832939586,7.759238719329787,-0.8688528863902008,214.13668883332937,202.7225128429799,234.7654479982754,193.74608154274026,0.5142167834986084,7.570012465125965,-0.01904243015397478,-0.04433697217437767,0.03389830632935467,1.0407266261466248,0.008753053328125588,-0.0021826484173934585,0.04193567128353165,-0.029939308296975983,1
NVDA,2026-05-26,0.0,0.0,0.0,0.0,0,0,0,53.262232220166865,6.083820529975469,7.424155081458924,-1.3403345514834548,214.15890993262911,203.17927745211705,234.66058819386575,193.6763411274233,0.5049176385991743,7.469718656536437,-0.0021826484173934585,-0.033555260716349206,-0.008079004311047527,1.1509326005830172,0.016164684385910497,-0.010518506254523025,0.037047315910303066,-0.029914186487775992,1
NVDA,2026-05-27,0.0,0.0,0.0,0.0,0,0,0,51.04016464389546,5.20269060207562,6.979862185582263,-1.777171583506643,213.96426689914583,203.52970414344796,234.64189060507772,193.6381692093754,0.4506173645403779,7.36946359864969,-0.010518506254523025,-0.036308403683208056,-0.002673898652568876,1.034452355678278,0.02280130456154526,0.007761068323773113,0.010112883230983501,-0.056191996376710206,1
NVDA,2026-05-28,0.0,0.0,0.0,0.0,0,0,0,52.5951297832655,4.584380727379738,6.500765893941759,-1.916385166562021,213.94494608164905,203.93094705215313,234.74491784369445,194.03400213921572,0.48457264679123147,7.149515970409538,0.007761068323773113,-0.04125833881914717,0.023894883648998028,0.8832297099248375,0.01801008846955277,-0.014515741840623647,0.021772898937523818,-0.04266622466721017,1
NVDA,2026-05-29,0.0,0.0,0.0,0.0,0,0,0,49.409804195018324,3.8001810518607897,5.960648925525566,-2.1604678736647767,213.63195055406268,204.19477238508802,234.17948858804706,195.75379388265608,0.3878836615345573,7.118453966948208,-0.014515741840623647,-0.03813035602313105,0.057974700655795394,1.74089904517821,0.018526536246684332,0.06261247606516576,-0.027474491542089634,-0.02704771176284604,0
NVDA,2026-06-01,0.0,0.0,0.0,0.0,0,0,0,60.39116944974943,4.194654444804655,5.6074500293813845,-1.4127955845767293,214.60494030086699,204.9655006403986,234.16552489992742,198.35284820798276,0.7119125695862815,7.588470205531841,0.06261247606516576,0.04193567128353165,0.13056182355679272,1.2487411428257578,0.017300532598057278,-0.0068640178594251925,-0.06898216613696202,-0.05198074317703496,0
NVDA,2026-06-02,0.0,0.0,0.0,0.0,0,0,0,58.79023951113362,4.333342742878983,5.352628572080905,-1.0192858292019213,215.33893111717205,205.6457493945818,233.4604843757786,201.48633874433858,0.6513232712386883,7.825369885668743,-0.0068640178594251925,0.037047315910303066,0.12263205505967058,1.1122273226024537,0.011963900083050255,-0.03621754840220574,-0.064569380172689,-0.06807404737687386,0
NVDA,2026-06-03,0.0,0.0,0.0,0.0,0,0,0,51.13971463277996,3.750326765545509,5.032168210773826,-1.2818414452283173,215.2361999542271,205.98357310092172,231.13370885133745,205.6339531970024,0.33828954387573124,7.858633572104556,-0.03621754840220574,0.010112883230983501,0.09287536906188332,0.913066773316951,0.005036879659085146,0.019393936372648444,-0.0656410592404371,-0.045920810496689876,0
NVDA,2026-06-04,0.0,0.0,0.0,0.0,0,0,0,54.43524739815387,3.582289989624087,4.742192566543879,-1.1599025769197917,215.5390003050336,206.47110371020696,230.6421066797491,207.23151239984074,0.47773632331294885,8.055739998712736,0.019393936372648444,0.021772898937523818,0.05333613946576291,0.964408582793675,0.0032998159119212215,-0.06201409311178465,-0.06306599408903887,-0.03644927356516326,0
NVDA,2026-06-05,0.0,0.0,0.0,0.0,0,0,0,44.01415661765714,2.3293129252183746,4.259616638278779,-1.930303713060404,214.52297723375807,206.40834505712593,231.42260046017014,205.83632745731035,-0.03773779012526753,8.50275779813106,-0.06201409311178465,-0.027474491542089634,-0.029129843157121853,1.2352178936724048,-0.025023781943842256,0.01725986320989751,0.00043883659146413674,0.01730857317778915,1
NVDA,2026-06-08,0.0,0.0,0.0,0.0,0,0,0,46.87353635501248,1.6031682268166207,3.728326955986347,-2.1251587291697263,213.94048409877217,206.48671581239185,231.7714618301273,204.8572231674313,0.1318846946948857,8.278560646134595,0.01725986320989751,-0.06898216613696202,-0.02935332236434404,0.7777034018284805,-0.025470023194608834,-0.002156807789753047,0.018261114171555324,-0.04121935126197197,1
NVDA,2026-06-09,0.0,0.0,0.0,0.0,0,0,0,46.54808497638669,0.9801246929207821,3.1786865033732346,-2.1985618104524525,213.37065760443227,206.5443860122276,231.95196387119182,203.57849572353473,0.1543276331917137,8.547700453596002,-0.002156807789753047,-0.064569380172689,-0.050161122236220664,1.0113098206488935,-0.029648386824682908,-0.03732170883628581,-0.0037465816597193127,-0.04414239372969816,0
NVDA,2026-06-10,0.0,0.0,0.0,0.0,0,0,0,41.22551321405706,-0.13832113954245528,2.515284974790097,-2.6536061143325522,212.11592677417383,206.2954290661292,232.81441312800288,200.7079944037354,-0.015947294571027552,8.527204932580867,-0.03732170883628581,-0.0656410592404371,-0.09116051970204296,0.903273008040756,-0.038197381506661604,0.02220335541557635,0.02110564568228582,-0.02335091254267135,1
NVDA,2026-06-11,0.0,0.0,0.0,0.0,0,0,0,45.097507607124875,-0.6584313590439308,1.8805417080232913,-2.5389730670672224,211.4040296023217,206.23054974862322,232.10363951199423,199.351369948455,0.16150442676986723,8.354773857214829,0.02220335541557635,-0.06306599408903887,-0.09175590568298246,0.8839089225557075,-0.025531977146670274,0.001562034792462774,0.02840831942906879,-0.060233296372111,1
NVDA,2026-06-12,0.0,0.0,0.0,0.0,0,0,0,45.376197922953246,-1.0329219758779686,1.2978489712430394,-2.330770947121008,210.79037562512886,206.180750262081,228.58075477718467,199.85008170963175,0.17787892125425964,8.017000556610471,0.001562034792462774,0.00043883659146413674,-0.1285774749348394,0.6362290130877227,0.00569453100680264,0.03538179829488646,0.01686233677593014,-0.049807546018545444,1
NVDA,2026-06-15,0.0,0.0,0.0,0.0,0,0,0,51.40305042955421,-0.7360578176338493,0.8910676134676616,-1.6271254311015109,210.92581982015008,206.4172910232877,227.11889975640005,200.05257546332652,0.4492654443158676,7.980900229811324,0.03538179829488646,0.018261114171555324,-0.056019875522096946,0.8592950719683565,0.021116933098614284,-0.023723210705313462,-0.058413765001641915,-0.05817842539033264,0
NVDA,2026-06-16,0.0,0.0,0.0,0.0,0,0,0,47.48605135915155,-0.8966854057121054,0.5335170096317082,-1.4302024153438135,210.56890144488654,206.44712968433063,226.10837223859875,199.5996203151122,0.28588884858272323,7.778995858444389,-0.023723210705313462,-0.0037465816597193127,-0.0659782178077515,0.7246342263000134,0.01801782130491697,-0.0133070361548397,-0.04054772744195618,-0.04739406268944305,0
NVDA,2026-06-17,0.0,0.0,0.0,0.0,0,0,0,45.443820068537875,-1.23224043370422,0.18036552096452255,-1.4126059546687426,209.9834107729591,206.36768339826466,225.3708213199056,198.76860739103194,0.21248765285964444,7.660721380014768,-0.0133070361548397,0.02110564568228582,-0.0712637327403782,0.7427177486243957,0.02140801815012589,0.029513879687997666,-0.04353766763795732,-0.047984276422299375,0
NVDA,2026-06-18,0.0,0.0,0.0,0.0,0,0,0,50.464547902314635,-0.9998110162644309,-0.055669786481268135,-0.9441412297831628,210.02827770408723,206.52795124734465,223.7795730763442,199.10926969709328,0.4598745170784311,7.594418332839703,0.029513879687997666,0.02840831942906879,-0.05609005407977905,1.3733374384551118,0.014779536179954216,-0.009682543514892715,-0.08619301704053704,-0.07185912593411405,0
NVDA,2026-06-22,0.0,0.0,0.0,0.0,0,0,0,48.83002970758631,-0.9688686964036037,-0.23830956846573526,-0.7305591279378685,209.87480159555065,206.6020229068391,222.8068665608809,199.02271412759563,0.39497158720319814,7.499316742730142,-0.009682543514892715,0.01686233677593014,-0.04836605587682018,0.7111308709941755,0.006144566346170028,-0.04126525884188086,-0.06556431523057439,-0.056170592413595274,0
NVDA,2026-06-23,0.0,0.0,0.0,0.0,0,0,0,42.563904524958154,-1.6196544857407673,-0.5145785519207418,-1.1050759338200256,208.91685918168866,206.3359202928454,222.84119434263656,197.4861341485744,0.09190560320465448,7.580817039651066,-0.04126525884188086,-0.058413765001641915,-0.06992458069371443,0.8985477849736027,-0.025648307191134166,-0.005198940555783629,0.0002499395196762653,0.02039592008288859,1
NVDA,2026-06-24,0.0,0.0,0.0,0.0,0,0,0,41.86506529310691,-2.1939417091975884,-0.8504511833761111,-1.343490525821477,207.95121284360744,206.03951450221757,222.82571171554343,195.94237300125343,0.10546307736231587,7.40249490248677,-0.005198940555783629,-0.04054772744195618,-0.07273609641942713,0.897983276447269,-0.02025914917347493,-0.01638186649095074,-0.007135670468770186,0.018994960270089546,0
NVDA,2026-06-25,0.0,0.0,0.0,0.0,0,0,0,39.66654899950276,-2.878645281815352,-1.2560900030639595,-1.6225552787513926,206.76740447522442,205.62703255999674,223.21274368815241,193.89594771809757,0.05543843396626549,7.492338668540507,-0.01638186649095074,-0.04353766763795732,-0.07823077452639089,0.8893589847736216,-0.006435293517203424,-0.016399349476446227,-0.004649016102245109,0.0777562010098739,0
NVDA,2026-06-26,0.0,0.0,0.0,0.0,0,0,0,37.57416357477384,-3.6380717390771053,-1.7324863502665888,-1.9055853888105165,205.39096634207434,205.1049843841988,223.53165556679465,191.43237641562723,0.027490575640827516,7.279668352649809,-0.016399349476446227,-0.08619301704053704,-0.10032959368386203,1.055225179933639,-0.023769987187145167,0.01267334113907494,0.015685906732733804,0.05713393448175644,1
NVDA,2026-06-29,0.0,0.0,0.0,0.0,0,0,0,40.15815026332983,-3.997178284610129,-2.185424737135297,-1.811753547474832,204.37773861381132,204.69898794541893,223.58205145681146,189.79133874094245,0.14680768932228996,7.214896216463153,0.01267334113907494,-0.06556431523057439,-0.07550807763306717,0.9137107723497315,-0.004554083990552379,0.026260429143874706,0.010052829713258481,0.08632104682874422,1
NVDA,2026-06-30,0.0,0.0,0.0,0.0,0,0,0,45.27687252883201,-3.825001478020482,-2.5133400853123344,-1.3116613927081477,203.94808239026753,204.50947266389667,220.65666590458625,190.31852483027706,0.3147135288526215,7.103380631606257,0.026260429143874706,0.0002499395196762653,-0.10713501077870843,1.036767875601267,0.01798031862118026,-0.012544317296997407,0.020140946544707116,0.06202211392943634,1
NVDA,2026-07-01,0.0,0.0,0.0,0.0,0,0,0,43.320560599088566,-3.8465188717125898,-2.7799758425923855,-1.0665430291202043,203.32056610328522,204.22906829970282,217.67415483970623,190.80576764564532,0.24390722390499095,7.0697516975993295,-0.012544317296997407,-0.007135670468770186,-0.11224180439741324,0.9237452667548084,0.017074927306198976,-0.013918369461262566,0.02631843038534482,0.04970137148768414,1
NVDA,2026-07-02,0.0,0.0,0.0,0.0,0,0,0,41.219180280494015,-4.03866959555171,-3.03171459318425,-1.0069550023674596,202.49120206033842,203.85193792137503,216.48913095880135,190.02599050115958,0.17330721418061296,7.114867585541285,-0.013918369461262566,-0.004649016102245109,-0.09170161005458005,0.9033420847318782,0.014272152632611826,0.0036955152018471227,0.08279010966505851,0.040958724828110284,1
NVDA,2026-07-06,0.0,0.0,0.0,0.0,0,0,0,42.012285429191635,-4.0858188278504315,-3.2425354401174866,-0.8432833877329449,201.8093195933754,203.51780059729077,213.78055664584133,190.42614806607276,0.21003692191131543,6.860664082101037,0.0036955152018471227,0.015685906732733804,-0.10568918655995127,0.7065518178837096,0.030576605112689694,0.007056972054506278,0.04080791854477234,0.03952952686384078,1
NVDA,2026-07-07,0.0,0.0,0.0,0.0,0,0,0,43.583485372607534,-3.9662353690286523,-3.3872754258997197,-0.5789599431289325,201.3236591219639,203.25082350106584,213.5265086840162,189.86410868658928,0.2893102964073733,6.889322262779221,0.007056972054506278,0.010052829713258481,-0.039834252045036614,0.8304994662156049,0.009055360286985493,0.036510422811666436,0.07550913662321737,0.052607519994253615,1
NVDA,2026-07-08,0.0,0.0,0.0,0.0,0,0,0,51.02865627963592,-3.2544253909087786,-3.360705418901532,0.10628002799275338,201.56824832016974,203.27596162663679,212.94691170173385,189.9922103075435,0.6055245571218532,7.11785046574157,0.036510422811666436,0.020140946544707116,-0.021664137773291077,0.9831465563550433,-0.0018345609509704882,-0.006564759723208417,0.0410542950232356,0.03889874584052274,1
NVDA,2026-07-09,0.0,0.0,0.0,0.0,0,0,0,49.71194810568108,-2.7664270484505096,-3.241849744811328,0.47542269636081835,201.6620670255405,203.24762370898682,212.30135833845875,190.0973675526545,0.5609792083804825,7.011125203509306,-0.006564759723208417,0.02631843038534482,-0.02598591647473088,0.8951690866616945,0.007978454367513217,0.04033933841454044,0.022783319884024572,0.029490070312062133,1
NVDA,2026-07-10,0.0,0.0,0.0,0.0,0,0,0,57.005261740679174,-1.7007588030726026,-2.933631556463583,1.2328727533909802,202.52512851324943,203.5408232751632,213.5616969987765,189.88985176831332,0.8801325234823438,7.158177184538724,0.04033933841454044,0.08279010966505851,0.05258961021777061,1.0108103607703742,0.013655015588639552,-0.035220001821865306,-0.03863295800687356,-0.019529802342096197,0
NVDA,2026-07-13,0.0,0.0,0.0,0.0,0,0,0,49.92287021747932,-1.4384966879779029,-2.634604582766447,1.1961078947885442,202.59916441609846,203.53147747979068,213.44310361236438,189.8745950570692,0.5697395066213465,7.21481549511833,-0.035220001821865306,0.04080791854477234,-0.00654072709889897,0.8374785859606236,-0.002808601725635577,0.04063291145890914,-0.0012282685961103853,-0.03449119320533671,0
NVDA,2026-07-14,0.0,0.0,0.0,0.0,0,0,0,56.41391221082505,-0.5576485280202235,-2.2192133718172022,1.6615648437969788,203.4528895382074,203.84645005698485,214.4738449924858,189.50411521259235,0.8834361917449621,7.343038277201127,0.04063291145890914,0.07550913662321737,0.03221406129790709,0.8543085660781018,0.005510150989173405,0.003304937875635295,-0.021293744375680625,-0.06983009245358694,0
NVDA,2026-07-15,0.0,0.0,0.0,0.0,0,0,0,56.92287878436739,0.1946065598839084,-1.7364493854769802,1.9310559453608886,204.29189831451652,204.17649051316008,214.48453764874813,189.49841675799013,0.9110683899669711,7.372915506009522,0.003304937875635295,0.0410542950232356,0.0002353396113092727,0.8646418535676169,0.012624058004194673,-0.023999998849817343,-0.002070544440398038,-0.10583527917880409,0
NVDA,2026-07-16,0.0,0.0,0.0,0.0,0,0,0,52.1451565128151,0.37537961422782473,-1.3140835855360193,1.689463199763844,204.56583012961465,204.2938117625674,214.4832087786748,189.49874617737987,0.707216980314446,7.320746875859306,-0.023999998849817343,0.022783319884024572,-4.8241117797518255e-05,0.8528939744066235,-0.001317065411650536,-0.022131146454283553,0.006557352175823567,-0.05959501726968027,1
NVDA,2026-07-17,0.0,0.0,0.0,0.0,0,0,0,48.22224373960193,0.14698852794361983,-1.0218691628400915,1.1688576907837114,204.37701897329717,204.22673337926207,214.3454050441053,189.4527562718127,0.5274873251368839,7.470654668098177,-0.022131146454283553,-0.03863295800687356,-0.008990926368246029,0.9950853308228246,-0.015444776463544117,0.0023174782510450797,0.019870824388957934,-0.010157270364930516,1
NVDA,2026-07-20,0.0,0.0,0.0,0.0,0,0,0,48.648260696649714,0.003826148948064656,-0.8167301004824604,0.8205562494305251,204.25090244347422,204.1806965961599,213.36074278596715,189.69724671598595,0.5643945702136866,7.326601058697897,0.0023174782510450797,-0.0012282685961103853,-0.03517015631929794,0.6457312300225259,-0.009450400064329005,0.019726438214064675,-0.033303830658554405,0.016528937419761892,0
NVDA,2026-07-21,0.0,0.0,0.0,0.0,0,0,0,52.25747013226606,0.21114602649868175,-0.611154875086232,0.8223009015849138,204.5182740043822,204.2935439387814,213.1485919508661,189.7735500779425,0.7394533814755239,7.1864144795876514,0.019726438214064675,-0.021293744375680625,-0.006518067982828948,0.7950771255667516,-0.004721795768024684,0.02301129134584639,-0.04959235500844413,0.022432357564124324,0
NVDA,2026-07-22,0.0,0.0,0.0,0.0,0,0,0,56.20097220931052,0.7512582571613962,-0.33867224863670636,1.0899305057981026,205.21396055521112,204.58881605051883,214.55497521116337,189.56782447145383,0.8906641076633138,7.346631413860044,0.02301129134584639,-0.002070544440398038,0.060088041634899225,1.0128025945645152,-0.009803824059031567,-0.015561699869421124,-0.1039800300114587,0.03376400758649797,0
NVDA,2026-07-23,0.0,0.0,0.0,0.0,0,0,0,52.942865928726214,0.9029070071983654,-0.09035639746969201,0.9932634046680574,205.52945546466646,204.74324118989034,215.25090843064098,189.8467996992418,0.73530851260144,7.257099444652193,-0.015561699869421124,0.006557352175823567,0.049045193296091444,0.8256498963298091,-0.016703935577468115,-0.009197129548412949,-0.06572141100803212,0.04900372113192131,0
NVDA,2026-07-24,0.0,0.0,0.0,0.0,0,0,0,51.087191014920194,0.858439973580488,0.099402876740344,0.759037096840144,205.6322511751558,204.81640076773013,215.49403535355688,190.7124313212478,0.6414588451511024,7.245311655573087,-0.009197129548412949,0.019870824388957934,0.05670783543118257,0.8692860910159823,-0.0058657932710645365,-0.04994196959228792,-0.029443037329633763,0.08276934473090175,0
NVDA,2026-07-27,0.0,0.0,0.0,0.0,0,0,0,42.46346119365546,-0.009305952675333629,0.07766111085720848,-0.0869670635325421,204.74254720581433,204.4820462080964,215.10789663243796,191.4961255843589,0.20304423174988576,7.677440912999866,-0.04994196959228792,-0.033303830658554405,0.020672123703628417,1.1795582826332582,-0.0040426361916116775,0.0025443706256605115,0.05154956609817177,0.10706832238748422,1
NVDA,2026-07-28,0.0,0.0,0.0,0.0,0,0,0,42.96530866132779,-0.6492168188152903,-0.06771447507729127,-0.581502343737999,203.98514222639153,204.18038929491127,214.9450807904449,191.86271339900824,0.21345650726860269,7.554290128273009,0.0025443706256605115,-0.04959235500844413,0.010463147694415665,1.0306676489830846,-0.009916132537019303,-0.03553117296548233,0.07578296844740594,0.10400489547187461,1
NVDA,2026-07-29,0.0,0.0,0.0,0.0,0,0,0,37.97179147067191,-1.7009531255592378,-0.39436220517368065,-1.3065909203855572,202.6339498887032,203.61635923160748,215.81202226604228,189.9888993648171,-0.007407186376514865,7.518420971123229,-0.03553117296548233,-0.1039800300114587,-0.05037729299234924,1.1432065966254268,-0.024016205050563205,0.026472240353538835,0.15372875852277956,0.17935894113932807,1
NVDA,2026-07-30,0.0,0.0,0.0,0.0,0,0,0,43.090143310121846,-2.1047746635667295,-0.7364446968522904,-1.368329966714439,201.8899538009026,203.27148204475216,215.9476366762997,189.59956791354406,0.19820895035141914,7.497955530768932,0.026472240353538835,-0.06572141100803212,-0.012855599874131464,1.0053448165284786,0.004754951096550031,0.02927610231132029,0.12279542043635525,0.15514776406434472,1
NVDA,2026-07-31,0.0,0.0,0.0,0.0,0,0,0,48.305016479763076,-1.9421827125032394,-0.9775922999824802,-0.9645904125207592,201.7600172014677,203.16380116091233,215.75369587106925,190.38484630422371,0.3997332703594555,7.4653960775317705,0.02927610231132029,-0.029443037329633763,0.03038542562129786,1.091579634227943,0.010961845778870402,0.029340005860757027,0.11561648246981523,0.12159404372983082,1
NVDA,2026-08-03,0.0,0.0,0.0,0.0,0,0,0,53.081056883409694,-1.323329842884334,-1.046739808562851,-0.2765900343214831,202.20278150212778,203.29106552159809,215.86747641139738,191.37882638401277,0.6137625372398242,7.780489943138996,0.029340005860757027,0.05154956609817177,0.05671184535936789,0.9939433862001014,0.02513896193909929,0.025648427618883786,0.05279708924736437,0.0888985122814934,1
NVDA,2026-08-04,0.0,0.0,0.0,0.0,0,0,0,56.9364894110593,-0.40107415845272953,-0.9176066785408267,0.5165325200880971,203.10757466775473,203.62094960864172,216.66809715423292,192.07752815094287,0.7980938378303607,7.682798564526673,0.025648427618883786,0.07578296844740594,0.07621998825745085,1.0400398619507811,0.04112792206454802,0.03434935770955751,0.02623384813871816,0.0368029090017965,1
NVDA,2026-08-05,0.0,0.0,0.0,0.0,0,0,0,61.60368028421685,0.9061533444100291,-0.5528546739506555,1.4590080183606846,204.61875570758167,204.22306827441804,218.9652269681054,191.28871132535164,1.000352234289819,7.867492431178966,0.03434935770955751,0.15372875852277956,0.07397613097668537,1.214340165999305,0.055287411016198586,-0.0010491442116171816,0.022215085155166868,-0.007572290328640801,1
NVDA,2026-08-06,0.0,0.0,0.0,0.0,0,0,0,61.37736033409773,1.9016813578633673,-0.06194746758785091,1.9636288254512182,205.96413509331794,204.79256517572765,220.92463755466392,190.94849019191813,0.9272955837026621,7.778571149870755,-0.0010491442116171816,0.12279542043635525,0.07993891462571648,0.8807935944054301,0.036228067020911796,0.02269510887792759,0.028814103655157675,-0.009772115576176044,1
NVDA,2026-08-07,0.0,0.0,0.0,0.0,0,0,0,64.41933846340248,3.056006129572154,0.5616432518441501,2.494362877728004,207.6541875872207,205.5344130621421,223.36524717744996,189.8064279324133,1.0102637431708166,7.634640401087134,0.02269510887792759,0.11561648246981523,0.06162307344622622,0.830579424598564,0.035112350829374785,-0.028621234049048913,0.005358079011868054,-0.04125737891137039,1
NVDA,2026-08-10,0.0,0.0,0.0,0.0,0,0,0,58.06704165183732,3.4147969090038544,1.1322739832760909,2.2825229257277635,208.57348772074803,205.9960768239898,224.61866205945896,189.9534464000137,0.7890731982736452,7.615148757313774,-0.028621234049048913,0.05279708924736437,0.06888421498850951,0.9125696031985292,0.020272739758967234,-0.00022982257177847631,0.034290960150675974,-0.04169155591987626,1
NVDA,2026-08-11,0.0,0.0,0.0,0.0,0,0,0,58.01898403223131,3.6530017530006376,1.6364195372210002,2.0165822157796374,209.40047907807264,206.43767761413358,225.3561149298491,189.78535540706494,0.7723068591772674,7.499301968190684,-0.00022982257177847631,0.02623384813871816,0.02691213155186101,0.80509550150057,-0.0009983010050032954,0.030298814143524845,0.010298881568024157,-0.020459753614023395,1
NVDA,2026-08-12,0.0,0.0,0.0,0.0,0,0,0,62.43229956980285,4.323109623897352,2.1737575545562704,2.1493520693410817,210.77562614829714,207.12010293575304,227.21556875608277,189.08360574342893,0.9114641583090604,7.505888055182616,0.030298814143524845,0.022215085155166868,0.05454115835182851,0.8703419783534704,0.0035074660415172912,0.0053996895745996795,-0.029140027296003075,-0.06439374031113572,0
NVDA,2026-08-13,0.0,0.0,0.0,0.0,0,0,0,63.19733638035262,4.89527434279492,2.7180609122040003,2.17721343059092,212.13491768235068,207.82316506595328,229.4699090026841,188.6172659851089,0.8917641205020089,7.220899962203289,0.0053996895745996795,0.028814103655157675,0.08630671311589755,0.7987103617043123,0.012126583941168768,-0.0006214082568850882,-0.037505530974201354,0.0118951711052551,0
NVDA,2026-08-14,0.0,0.0,0.0,0.0,0,0,0,63.03738148305446,5.276609071787618,3.229770544120724,2.0468385276668943,213.35143413680314,208.4931719439199,231.47278305204733,188.84689468232764,0.8459986911942232,6.9184545034149325,-0.0006214082568850882,0.005358079011868054,0.11020170978797122,0.6288217886816972,0.003983158382621264,-0.000666232778612001,-0.04636701976777785,-0.03379821953021362,0
NVDA,2026-08-17,0.0,0.0,0.0,0.0,0,0,0,62.85381469463395,5.503290147415015,3.6844744647795826,1.8188156826354325,214.43782128048932,209.13102791260962,233.20081527798214,189.289432829928,0.8077419643423585,6.642606137194809,-0.000666232778612001,0.034290960150675974,0.10689684764746603,0.7767568054536931,-0.00046575989686485717,-0.023421134867455187,-0.07346338602774123,-0.01879913560107138,0
NVDA,2026-08-18,0.0,0.0,0.0,0.0,0,0,0,56.6162607777285,5.1982455884898116,3.9872286895216287,1.2110168989681829,214.91940020848216,209.53743466209215,234.01664737945362,189.7172103475972,0.6721798666516603,6.61905773986483,-0.023421134867455187,0.010298881568024157,0.060060842580049054,0.8570840756142977,-0.004036006750176536,-0.009920829543159666,-0.030445084858758752,-0.010466892623004098,0
NVDA,2026-08-19,0.0,0.0,0.0,0.0,0,0,0,54.21925925903008,4.72630228691898,4.135043409001099,0.5912588779178805,215.1477271882547,209.84250912617065,234.41824843777852,189.86499436007307,0.6161578924884332,6.58220872557522,-0.009920829543159666,-0.029140027296003075,0.025936046389753775,0.8183598748313402,-0.004440177502805678,-0.0032634287304744054,-0.03631184105463277,0.03148557836652466,0
NVDA,2026-08-20,0.0,0.0,0.0,0.0,0,0,0,53.4259183052509,4.246110944967512,4.157256916194382,0.08885402877313009,215.28676607490158,210.1078081995776,234.83850668203826,190.2528339551688,0.5911047188707195,6.411715435384723,-0.0032634287304744054,-0.037505530974201354,0.03875273552918143,0.7876748317243915,-0.019643170156015174,-0.009822481589010904,0.05132569969930115,0.05349313216674634,1
NVDA,2026-08-21,0.0,0.0,0.0,0.0,0,0,0,51.01429034161359,3.6517788961223516,4.056161312179976,-0.4043824160576248,215.2099322569422,210.27926713239134,235.0763048785171,190.80215581484228,0.5348009091588071,6.25625479604715,-0.009822481589010904,-0.04636701976777785,0.038097119601722705,0.8480718345174416,-0.013679645239161277,-0.02906113347299213,0.013179913549658862,0.07283901537275965,1
NVDA,2026-08-24,0.0,0.0,0.0,0.0,0,0,0,44.65488687302222,2.6472964705934032,3.774388343862662,-1.1270918732692587,214.54679382863966,210.19956954915114,234.45563980510852,192.61848281452038,0.37355540073531046,6.4044276512527905,-0.02906113347299213,-0.07346338602774123,0.06091292151754284,1.1692080880820583,-0.011906780916194851,0.02192058514879532,0.058998478422037336,0.08274171847891443,1
NVDA,2026-08-25,0.0,0.0,0.0,0.0,0,0,0,49.60928823195774,2.194291412855165,3.458368957661163,-1.264077544805998,214.38156340587858,210.30201287622947,233.80687990125583,194.86945066515042,0.46080144674421886,6.3928978587895235,0.02192058514879532,-0.030445084858758752,0.0814172273218444,1.0632529399104993,-0.0020066962512270458,-0.015911777571964516,0.020605529324601798,0.049847424208453256,1
NVDA,2026-08-26,0.0,0.0,0.0,0.0,0,0,0,46.298387504822074,1.5442413205237244,3.0755434302336755,-1.531302109709951,213.90957252719372,210.26764606460037,231.43034448570873,199.20878973059988,0.31708182695522164,6.248057001671055,-0.015911777571964516,-0.03631184105463277,0.10341560774998619,1.542302357360583,-0.0038748348350064314,0.08737952570943948,0.07035203119581025,0.04266115940930803,1
NVDA,2026-08-27,0.0,0.0,0.0,0.0,0,0,0,61.321563994042506,2.477134975512257,2.955861739289392,-0.47872676377713486,215.22534409128912,210.95225500129038,230.94616552137865,202.98328699326981,0.8848118741443042,7.286534150930293,0.08737952570943948,0.05132569969930115,0.16888844436974296,2.388626546807543,0.011146079559560823,-0.04574959711400218,0.0020616184575960772,-0.041432312907689436,1
NVDA,2026-08-28,0.0,0.0,0.0,0.0,0,0,0,52.34353651670149,2.348712856747426,2.834431962780999,-0.48571910603357304,215.42358170061948,211.20145437336754,229.57829837606408,206.02927608682654,0.47889728770545953,7.654358933332245,-0.04574959711400218,0.013179913549658862,0.08368616201606997,1.5255800323283562,0.004740642822047903,0.014847184139841102,0.058883028596654785,,1
NVDA,2026-08-31,0.0,0.0,0.0,0.0,0,0,0,54.56218745181295,2.4787074898119954,2.763287068187198,-0.28457957837520276,215.91021521890127,211.5674065015719,229.10084748378677,207.91914610752184,0.5955181461103475,7.470783814121536,0.014847184139841102,0.058998478422037336,0.06842816149330871,0.9764419874274285,0.004689139360054592,-0.015128141366563558,0.022420466639627046,,1
NVDA,2026-09-01,0.0,0.0,0.0,0.0,0,0,0,51.8729159840373,2.2861675239018098,2.6678631593301207,-0.381695635428311,216.0327638369114,211.78817392143213,228.93074130944913,208.63863887853913,0.4217570288050672,7.342416321874594,-0.015128141366563558,0.020605529324601798,0.02595080428205641,0.8679601877486872,-0.005392205340662025,0.0320547924610697,0.028651515246250567,,1
NVDA,2026-09-02,0.0,0.0,0.0,0.0,0,0,0,56.67224839084713,2.664653423345925,2.667221212133282,-0.0025677887873571947,216.80670820363412,212.2733114024544,229.45751549790796,208.6302851002366,0.745605358502187,7.567832341792028,0.0320547924610697,0.07035203119581025,0.02367487009732736,1.2429277469976998,-0.00120097630115393,0.018002727749968413,-0.025870807901925162,,0
NVDA,2026-09-03,0.0,0.0,0.0,0.0,0,0,0,59.21125817078672,3.2527399071684897,2.7843249511403236,0.4684149560281661,217.89127469586614,212.8976778718511,230.66446042288035,208.36828188668997,0.88922747246569,7.454651039094557,0.018002727749968413,0.0020616184575960772,0.04319827552050519,1.0568571898274344,0.0026844863049642932,0.008360701613143194,-0.04340444795424128,,0
